2026-05-23 14:06:58,464 INFO === Job 45fcba68 RUNNING (30 thread(s)) ===
2026-05-23 14:06:58,473 INFO [T1] session init, proxy_sid=dc8579d5
2026-05-23 14:07:00,020 WARNING [T1] ProxyError attempt=1/3 pattern=0?????????: HTTPSConnectionPool(host='vietteltelecom.vn', port=443): Max retries exceeded with url: /api/get/sim (Caused by ProxyErr
2026-05-23 14:07:00,020 INFO [T1] rotate IP dc8579d5 → 02442583
2026-05-23 14:07:05,670 INFO [T1] D1N refreshed 7b887373066ef1ad…
2026-05-23 14:07:10,989 INFO [T1] expand pattern=0????????? got=48 ≥ 30 → split into 10 children
2026-05-23 14:07:11,013 INFO [T4] session init, proxy_sid=14d64df6
2026-05-23 14:07:11,019 INFO [T20] session init, proxy_sid=8207e588
2026-05-23 14:07:11,026 INFO [T17] session init, proxy_sid=7c0334ff
2026-05-23 14:07:11,033 INFO [T2] session init, proxy_sid=0a504469
2026-05-23 14:07:11,040 INFO [T12] session init, proxy_sid=010f7cb0
2026-05-23 14:07:11,046 INFO [T25] session init, proxy_sid=105315a0
2026-05-23 14:07:11,052 INFO [T23] session init, proxy_sid=14f9e48f
2026-05-23 14:07:11,057 INFO [T22] session init, proxy_sid=0c7d1754
2026-05-23 14:07:11,062 INFO [T18] session init, proxy_sid=d0e45103
2026-05-23 14:07:13,186 INFO [T12] D1N refreshed 8f7fef50d19023ae…
2026-05-23 14:07:13,193 INFO [T4] D1N refreshed 1d8637a7d11e8237…
2026-05-23 14:07:13,355 INFO [T23] D1N refreshed 37b6e5696d63b873…
2026-05-23 14:07:13,396 INFO [T2] D1N refreshed 0b211e3f6ade6b17…
2026-05-23 14:07:13,417 INFO [T18] D1N refreshed 31ba365d43ab7939…
2026-05-23 14:07:13,429 INFO [T25] D1N refreshed 471c230154c09645…
2026-05-23 14:07:13,437 INFO [T22] D1N refreshed b65ed833de81ed41…
2026-05-23 14:07:13,438 INFO [T17] D1N refreshed 2ab9c64a861742c4…
2026-05-23 14:07:15,102 INFO [T20] D1N refreshed 88d61ab02ad0889f…
2026-05-23 14:07:15,239 INFO [T1] expand pattern=00???????? got=47 ≥ 30 → split into 10 children
2026-05-23 14:07:15,246 INFO [T9] session init, proxy_sid=57680e89
2026-05-23 14:07:15,253 INFO [T19] session init, proxy_sid=6c7d05e3
2026-05-23 14:07:15,260 INFO [T16] session init, proxy_sid=ceb04886
2026-05-23 14:07:15,272 INFO [T7] session init, proxy_sid=9221a486
2026-05-23 14:07:15,277 INFO [T21] session init, proxy_sid=02ae8536
2026-05-23 14:07:15,283 INFO [T27] session init, proxy_sid=a83e338a
2026-05-23 14:07:15,289 INFO [T28] session init, proxy_sid=2ecf587a
2026-05-23 14:07:15,294 INFO [T24] session init, proxy_sid=9ef194a0
2026-05-23 14:07:15,298 INFO [T3] session init, proxy_sid=cd83c2fb
2026-05-23 14:07:17,437 INFO [T21] D1N refreshed 5e50bc2f6b212767…
2026-05-23 14:07:17,489 INFO [T16] D1N refreshed 7954789768acecb5…
2026-05-23 14:07:17,543 INFO [T7] D1N refreshed 143ae2be17a53cc4…
2026-05-23 14:07:17,563 INFO [T28] D1N refreshed f38e057a9cbe4412…
2026-05-23 14:07:17,565 INFO [T27] D1N refreshed cd013d78892d73eb…
2026-05-23 14:07:17,568 INFO [T19] D1N refreshed c46f6e143c99a83e…
2026-05-23 14:07:17,576 INFO [T24] D1N refreshed e314dda324a20cfa…
2026-05-23 14:07:17,581 INFO [T3] D1N refreshed 828c07e0cbe4bacb…
2026-05-23 14:07:17,596 INFO [T9] D1N refreshed f0514e9380d1a364…
2026-05-23 14:07:18,364 INFO [T12] leaf pattern=05???????? got=0 saved=0
2026-05-23 14:07:18,410 INFO [T4] leaf pattern=01???????? got=0 saved=0
2026-05-23 14:07:18,808 INFO [T25] leaf pattern=06???????? got=0 saved=0
2026-05-23 14:07:18,957 INFO [T23] leaf pattern=07???????? got=0 saved=0
2026-05-23 14:07:19,122 INFO [T18] expand pattern=09???????? got=49 ≥ 30 → split into 10 children
2026-05-23 14:07:19,178 INFO [T22] expand pattern=08???????? got=49 ≥ 30 → split into 10 children
2026-05-23 14:07:19,188 INFO [T15] session init, proxy_sid=707fb07d
2026-05-23 14:07:19,192 INFO [T8] session init, proxy_sid=d61c81b5
2026-05-23 14:07:19,196 INFO [T29] session init, proxy_sid=bcc3ab84
2026-05-23 14:07:19,200 INFO [T10] session init, proxy_sid=4c8582c7
2026-05-23 14:07:19,207 INFO [T11] session init, proxy_sid=c54bf16f
2026-05-23 14:07:19,211 INFO [T30] session init, proxy_sid=96e878f5
2026-05-23 14:07:19,216 INFO [T14] session init, proxy_sid=6e24bbdc
2026-05-23 14:07:19,226 INFO [T26] session init, proxy_sid=9fe3b411
2026-05-23 14:07:19,228 INFO [T6] session init, proxy_sid=7e6cf900
2026-05-23 14:07:19,238 INFO [T5] session init, proxy_sid=33e3b128
2026-05-23 14:07:19,251 INFO [T17] expand pattern=03???????? got=50 ≥ 30 → split into 10 children
2026-05-23 14:07:19,260 INFO [T13] session init, proxy_sid=2bd47288
2026-05-23 14:07:19,389 INFO [T1] expand pattern=003??????? got=50 ≥ 30 → split into 10 children
2026-05-23 14:07:19,604 INFO [T2] leaf pattern=04???????? got=0 saved=0
2026-05-23 14:07:21,356 INFO [T15] D1N refreshed 03445f34ee161493…
2026-05-23 14:07:21,377 INFO [T8] D1N refreshed 1e8d324c3cb2542c…
2026-05-23 14:07:21,606 INFO [T26] D1N refreshed ad8651cd29858671…
2026-05-23 14:07:21,614 INFO [T11] D1N refreshed 7b9567e23c7442a3…
2026-05-23 14:07:21,618 INFO [T29] D1N refreshed 3fa9a3fb09a8b2ac…
2026-05-23 14:07:21,669 INFO [T10] D1N refreshed b54a4ecff13175a5…
2026-05-23 14:07:21,701 INFO [T13] D1N refreshed dcdd197685c5248d…
2026-05-23 14:07:21,780 INFO [T30] D1N refreshed 5d7dd6feca20ce4f…
2026-05-23 14:07:21,873 INFO [T5] D1N refreshed 155c79500d5cd0f6…
2026-05-23 14:07:21,939 INFO [T14] D1N refreshed 857688eebbb25a74…
2026-05-23 14:07:22,308 INFO [T12] leaf pattern=081??????? got=0 saved=0
2026-05-23 14:07:22,360 INFO [T4] leaf pattern=084??????? got=0 saved=0
2026-05-23 14:07:22,369 INFO [T20] leaf pattern=02???????? got=0 saved=0
2026-05-23 14:07:22,841 INFO [T25] expand pattern=086??????? got=50 ≥ 30 → split into 10 children
2026-05-23 14:07:22,863 INFO [T21] expand pattern=005??????? got=48 ≥ 30 → split into 10 children
2026-05-23 14:07:22,919 INFO [T23] expand pattern=098??????? got=44 ≥ 30 → split into 10 children
2026-05-23 14:07:23,080 INFO [T16] expand pattern=002??????? got=50 ≥ 30 → split into 10 children
2026-05-23 14:07:23,105 INFO [T22] leaf pattern=083??????? got=0 saved=0
2026-05-23 14:07:23,209 INFO [T17] leaf pattern=087??????? got=0 saved=0
2026-05-23 14:07:23,318 INFO [T3] expand pattern=009??????? got=46 ≥ 30 → split into 10 children
2026-05-23 14:07:23,327 INFO [T7] expand pattern=004??????? got=50 ≥ 30 → split into 10 children
2026-05-23 14:07:23,343 INFO [T18] leaf pattern=090??????? got=0 saved=0
2026-05-23 14:07:23,389 INFO [T1] leaf pattern=088??????? got=0 saved=0
2026-05-23 14:07:23,435 INFO [T24] expand pattern=008??????? got=49 ≥ 30 → split into 10 children
2026-05-23 14:07:23,448 INFO [T9] expand pattern=000??????? got=50 ≥ 30 → split into 10 children
2026-05-23 14:07:23,573 INFO [T28] expand pattern=007??????? got=49 ≥ 30 → split into 10 children
2026-05-23 14:07:23,820 INFO [T27] expand pattern=006??????? got=50 ≥ 30 → split into 10 children
2026-05-23 14:07:24,099 INFO [T19] leaf pattern=001??????? got=0 saved=0
2026-05-23 14:07:24,117 INFO [T2] leaf pattern=089??????? got=0 saved=0
2026-05-23 14:07:24,635 WARNING [T6] ConnectionError attempt=1/3 pattern=080???????: ('Connection aborted.', ConnectionResetError(10054, 'An existing connection was forcibly closed by the remote host', Non
2026-05-23 14:07:24,636 INFO [T6] rotate IP 7e6cf900 → 7d1ffce3
2026-05-23 14:07:26,207 INFO [T12] leaf pattern=030??????? got=0 saved=0
2026-05-23 14:07:26,280 INFO [T4] leaf pattern=031??????? got=0 saved=0
2026-05-23 14:07:26,340 INFO [T20] expand pattern=032??????? got=48 ≥ 30 → split into 10 children
2026-05-23 14:07:26,568 INFO [T8] leaf pattern=092??????? got=0 saved=0
2026-05-23 14:07:26,609 INFO [T15] leaf pattern=091??????? got=0 saved=0
2026-05-23 14:07:26,875 INFO [T21] expand pattern=034??????? got=49 ≥ 30 → split into 10 children
2026-05-23 14:07:26,894 INFO [T23] expand pattern=035??????? got=48 ≥ 30 → split into 10 children
2026-05-23 14:07:26,912 INFO [T25] expand pattern=033??????? got=49 ≥ 30 → split into 10 children
2026-05-23 14:07:27,104 INFO [T16] expand pattern=036??????? got=49 ≥ 30 → split into 10 children
2026-05-23 14:07:27,136 INFO [T11] leaf pattern=095??????? got=0 saved=0
2026-05-23 14:07:27,153 INFO [T22] expand pattern=037??????? got=48 ≥ 30 → split into 10 children
2026-05-23 14:07:27,157 INFO [T10] leaf pattern=094??????? got=0 saved=0
2026-05-23 14:07:27,213 INFO [T17] expand pattern=038??????? got=50 ≥ 30 → split into 10 children
2026-05-23 14:07:27,219 INFO [T29] leaf pattern=093??????? got=0 saved=0
2026-05-23 14:07:27,247 INFO [T7] expand pattern=039??????? got=49 ≥ 30 → split into 10 children
2026-05-23 14:07:27,259 INFO [T14] expand pattern=097??????? got=50 ≥ 30 → split into 10 children
2026-05-23 14:07:27,294 INFO [T26] leaf pattern=099??????? got=0 saved=0
2026-05-23 14:07:27,311 INFO [T5] leaf pattern=082??????? got=0 saved=0
2026-05-23 14:07:27,356 INFO [T3] leaf pattern=0030?????? got=0 saved=0
2026-05-23 14:07:27,374 INFO [T13] leaf pattern=085??????? got=0 saved=0
2026-05-23 14:07:27,380 INFO [T18] leaf pattern=0031?????? got=0 saved=0
2026-05-23 14:07:27,550 INFO [T9] expand pattern=0034?????? got=49 ≥ 30 → split into 10 children
2026-05-23 14:07:27,625 INFO [T24] expand pattern=0033?????? got=50 ≥ 30 → split into 10 children
2026-05-23 14:07:27,750 INFO [T1] expand pattern=0032?????? got=49 ≥ 30 → split into 10 children
2026-05-23 14:07:27,763 INFO [T28] expand pattern=0035?????? got=50 ≥ 30 → split into 10 children
2026-05-23 14:07:27,952 INFO [T30] expand pattern=096??????? got=46 ≥ 30 → split into 10 children
2026-05-23 14:07:28,085 INFO [T27] expand pattern=0036?????? got=49 ≥ 30 → split into 10 children
2026-05-23 14:07:28,236 INFO [T19] expand pattern=0037?????? got=47 ≥ 30 → split into 10 children
2026-05-23 14:07:28,305 INFO [T2] expand pattern=0038?????? got=50 ≥ 30 → split into 10 children
2026-05-23 14:07:30,195 INFO [T4] leaf pattern=0860?????? got=0 saved=0
2026-05-23 14:07:30,209 INFO [T12] expand pattern=0039?????? got=50 ≥ 30 → split into 10 children
2026-05-23 14:07:30,261 INFO [T20] leaf pattern=0861?????? got=0 saved=0
2026-05-23 14:07:30,439 INFO [T6] D1N refreshed 3c4f125eaa2daff1…
2026-05-23 14:07:30,607 INFO [T15] leaf pattern=0863?????? got=0 saved=0
2026-05-23 14:07:30,777 INFO [T21] leaf pattern=0864?????? got=0 saved=0
2026-05-23 14:07:30,863 INFO [T25] expand pattern=0866?????? got=48 ≥ 30 → split into 10 children
2026-05-23 14:07:31,050 INFO [T16] expand pattern=0867?????? got=48 ≥ 30 → split into 10 children
2026-05-23 14:07:31,148 INFO [T10] leaf pattern=0050?????? got=0 saved=0
2026-05-23 14:07:31,209 INFO [T17] leaf pattern=0051?????? got=0 saved=0
2026-05-23 14:07:31,243 INFO [T23] expand pattern=0865?????? got=50 ≥ 30 → split into 10 children
2026-05-23 14:07:31,254 INFO [T7] expand pattern=0053?????? got=49 ≥ 30 → split into 10 children
2026-05-23 14:07:31,264 INFO [T11] expand pattern=0868?????? got=47 ≥ 30 → split into 10 children
2026-05-23 14:07:31,292 INFO [T22] expand pattern=0869?????? got=50 ≥ 30 → split into 10 children
2026-05-23 14:07:31,317 INFO [T8] expand pattern=0862?????? got=49 ≥ 30 → split into 10 children
2026-05-23 14:07:31,321 INFO [T26] expand pattern=0055?????? got=49 ≥ 30 → split into 10 children
2026-05-23 14:07:31,352 INFO [T14] expand pattern=0054?????? got=50 ≥ 30 → split into 10 children
2026-05-23 14:07:31,378 INFO [T5] expand pattern=0056?????? got=48 ≥ 30 → split into 10 children
2026-05-23 14:07:31,399 INFO [T29] expand pattern=0052?????? got=48 ≥ 30 → split into 10 children
2026-05-23 14:07:31,410 INFO [T13] expand pattern=0058?????? got=48 ≥ 30 → split into 10 children
2026-05-23 14:07:31,567 INFO [T9] leaf pattern=0980?????? got=0 saved=0
2026-05-23 14:07:31,698 INFO [T28] expand pattern=0983?????? got=31 ≥ 30 → split into 10 children
2026-05-23 14:07:31,840 INFO [T18] expand pattern=0059?????? got=48 ≥ 30 → split into 10 children
2026-05-23 14:07:31,909 INFO [T24] expand pattern=0981?????? got=42 ≥ 30 → split into 10 children
2026-05-23 14:07:31,927 INFO [T3] expand pattern=0057?????? got=47 ≥ 30 → split into 10 children
2026-05-23 14:07:31,947 INFO [T30] expand pattern=0984?????? got=36 ≥ 30 → split into 10 children
2026-05-23 14:07:32,030 INFO [T27] expand pattern=0985?????? got=31 ≥ 30 → split into 10 children
2026-05-23 14:07:32,144 INFO [T1] expand pattern=0982?????? got=35 ≥ 30 → split into 10 children
2026-05-23 14:07:32,161 INFO [T19] leaf pattern=0986?????? got=25 saved=25
2026-05-23 14:07:32,396 INFO [T2] leaf pattern=0987?????? got=23 saved=23
2026-05-23 14:07:34,086 INFO [T4] leaf pattern=0988?????? got=12 saved=12
2026-05-23 14:07:34,303 INFO [T20] leaf pattern=0020?????? got=0 saved=0
2026-05-23 14:07:34,383 INFO [T12] expand pattern=0989?????? got=33 ≥ 30 → split into 10 children
2026-05-23 14:07:34,562 INFO [T15] leaf pattern=0021?????? got=0 saved=0
2026-05-23 14:07:34,926 INFO [T25] leaf pattern=0023?????? got=0 saved=0
2026-05-23 14:07:35,124 INFO [T21] leaf pattern=0022?????? got=0 saved=0
2026-05-23 14:07:35,185 INFO [T10] expand pattern=0025?????? got=50 ≥ 30 → split into 10 children
2026-05-23 14:07:35,285 INFO [T23] expand pattern=0028?????? got=49 ≥ 30 → split into 10 children
2026-05-23 14:07:35,331 INFO [T17] expand pattern=0026?????? got=50 ≥ 30 → split into 10 children
2026-05-23 14:07:35,343 INFO [T7] expand pattern=0027?????? got=49 ≥ 30 → split into 10 children
2026-05-23 14:07:35,353 INFO [T26] expand pattern=0092?????? got=46 ≥ 30 → split into 10 children
2026-05-23 14:07:35,368 INFO [T14] expand pattern=0093?????? got=48 ≥ 30 → split into 10 children
2026-05-23 14:07:35,374 INFO [T22] leaf pattern=0090?????? got=0 saved=0
2026-05-23 14:07:35,424 INFO [T29] expand pattern=0095?????? got=49 ≥ 30 → split into 10 children
2026-05-23 14:07:35,482 INFO [T11] expand pattern=0029?????? got=49 ≥ 30 → split into 10 children
2026-05-23 14:07:35,532 INFO [T9] expand pattern=0097?????? got=49 ≥ 30 → split into 10 children
2026-05-23 14:07:35,557 INFO [T13] expand pattern=0096?????? got=50 ≥ 30 → split into 10 children
2026-05-23 14:07:35,824 INFO [T8] leaf pattern=0091?????? got=0 saved=0
2026-05-23 14:07:35,833 INFO [T28] expand pattern=0098?????? got=48 ≥ 30 → split into 10 children
2026-05-23 14:07:35,868 INFO [T24] leaf pattern=0040?????? got=0 saved=0
2026-05-23 14:07:35,908 INFO [T30] expand pattern=0042?????? got=47 ≥ 30 → split into 10 children
2026-05-23 14:07:35,983 INFO [T18] expand pattern=0099?????? got=45 ≥ 30 → split into 10 children
2026-05-23 14:07:36,038 INFO [T3] leaf pattern=0041?????? got=0 saved=0
2026-05-23 14:07:36,054 INFO [T5] expand pattern=0094?????? got=50 ≥ 30 → split into 10 children
2026-05-23 14:07:36,069 INFO [T27] expand pattern=0043?????? got=47 ≥ 30 → split into 10 children
2026-05-23 14:07:36,204 INFO [T19] expand pattern=0045?????? got=45 ≥ 30 → split into 10 children
2026-05-23 14:07:36,217 INFO [T1] expand pattern=0044?????? got=48 ≥ 30 → split into 10 children
2026-05-23 14:07:36,238 INFO [T16] leaf pattern=0024?????? got=0 saved=0
2026-05-23 14:07:36,563 INFO [T2] expand pattern=0046?????? got=47 ≥ 30 → split into 10 children
2026-05-23 14:07:37,152 INFO [T6] leaf pattern=080??????? got=0 saved=0
2026-05-23 14:07:38,090 INFO [T4] expand pattern=0047?????? got=47 ≥ 30 → split into 10 children
2026-05-23 14:07:38,337 INFO [T20] expand pattern=0048?????? got=50 ≥ 30 → split into 10 children
2026-05-23 14:07:38,412 INFO [T12] expand pattern=0049?????? got=50 ≥ 30 → split into 10 children
2026-05-23 14:07:38,645 INFO [T15] leaf pattern=0080?????? got=0 saved=0
2026-05-23 14:07:39,196 INFO [T21] expand pattern=0082?????? got=49 ≥ 30 → split into 10 children
2026-05-23 14:07:39,241 INFO [T10] expand pattern=0083?????? got=48 ≥ 30 → split into 10 children
2026-05-23 14:07:39,254 INFO [T25] expand pattern=0081?????? got=43 ≥ 30 → split into 10 children
2026-05-23 14:07:39,363 INFO [T23] expand pattern=0084?????? got=49 ≥ 30 → split into 10 children
2026-05-23 14:07:39,372 INFO [T7] expand pattern=0087?????? got=48 ≥ 30 → split into 10 children
2026-05-23 14:07:39,486 INFO [T26] expand pattern=0086?????? got=47 ≥ 30 → split into 10 children
2026-05-23 14:07:39,516 INFO [T22] expand pattern=0089?????? got=49 ≥ 30 → split into 10 children
2026-05-23 14:07:39,527 INFO [T14] expand pattern=0088?????? got=47 ≥ 30 → split into 10 children
2026-05-23 14:07:39,547 INFO [T11] expand pattern=0001?????? got=44 ≥ 30 → split into 10 children
2026-05-23 14:07:39,558 INFO [T17] expand pattern=0085?????? got=48 ≥ 30 → split into 10 children
2026-05-23 14:07:39,677 INFO [T29] expand pattern=0000?????? got=48 ≥ 30 → split into 10 children
2026-05-23 14:07:39,824 INFO [T13] expand pattern=0003?????? got=49 ≥ 30 → split into 10 children
2026-05-23 14:07:39,838 INFO [T9] expand pattern=0002?????? got=50 ≥ 30 → split into 10 children
2026-05-23 14:07:39,914 INFO [T8] expand pattern=0004?????? got=49 ≥ 30 → split into 10 children
2026-05-23 14:07:39,929 INFO [T28] expand pattern=0005?????? got=50 ≥ 30 → split into 10 children
2026-05-23 14:07:40,020 INFO [T5] leaf pattern=0070?????? got=0 saved=0
2026-05-23 14:07:40,075 INFO [T30] expand pattern=0007?????? got=50 ≥ 30 → split into 10 children
2026-05-23 14:07:40,083 INFO [T27] expand pattern=0071?????? got=45 ≥ 30 → split into 10 children
2026-05-23 14:07:40,143 INFO [T24] expand pattern=0006?????? got=48 ≥ 30 → split into 10 children
2026-05-23 14:07:40,174 INFO [T3] expand pattern=0009?????? got=48 ≥ 30 → split into 10 children
2026-05-23 14:07:40,223 INFO [T19] expand pattern=0073?????? got=47 ≥ 30 → split into 10 children
2026-05-23 14:07:40,296 INFO [T1] expand pattern=0072?????? got=47 ≥ 30 → split into 10 children
2026-05-23 14:07:40,390 INFO [T16] expand pattern=0074?????? got=47 ≥ 30 → split into 10 children
2026-05-23 14:07:40,518 INFO [T18] expand pattern=0008?????? got=49 ≥ 30 → split into 10 children
2026-05-23 14:07:40,713 INFO [T2] expand pattern=0075?????? got=49 ≥ 30 → split into 10 children
2026-05-23 14:07:41,218 INFO [T6] expand pattern=0076?????? got=46 ≥ 30 → split into 10 children
2026-05-23 14:07:42,090 INFO [T4] expand pattern=0077?????? got=48 ≥ 30 → split into 10 children
2026-05-23 14:07:42,347 INFO [T20] expand pattern=0078?????? got=50 ≥ 30 → split into 10 children
2026-05-23 14:07:42,396 INFO [T12] expand pattern=0079?????? got=49 ≥ 30 → split into 10 children
2026-05-23 14:07:42,943 INFO [T15] leaf pattern=0060?????? got=0 saved=0
2026-05-23 14:07:43,239 INFO [T21] expand pattern=0061?????? got=38 ≥ 30 → split into 10 children
2026-05-23 14:07:43,353 INFO [T10] expand pattern=0062?????? got=50 ≥ 30 → split into 10 children
2026-05-23 14:07:43,404 INFO [T7] expand pattern=0065?????? got=48 ≥ 30 → split into 10 children
2026-05-23 14:07:43,492 INFO [T17] leaf pattern=0320?????? got=0 saved=0
2026-05-23 14:07:43,527 INFO [T14] expand pattern=0068?????? got=46 ≥ 30 → split into 10 children
2026-05-23 14:07:43,565 INFO [T25] expand pattern=0063?????? got=50 ≥ 30 → split into 10 children
2026-05-23 14:07:43,612 INFO [T22] expand pattern=0067?????? got=50 ≥ 30 → split into 10 children
2026-05-23 14:07:43,637 INFO [T29] leaf pattern=0321?????? got=0 saved=0
2026-05-23 14:07:43,697 INFO [T9] leaf pattern=0323?????? got=0 saved=0
2026-05-23 14:07:43,702 INFO [T13] leaf pattern=0322?????? got=0 saved=0
2026-05-23 14:07:43,735 INFO [T23] expand pattern=0064?????? got=49 ≥ 30 → split into 10 children
2026-05-23 14:07:43,826 INFO [T8] leaf pattern=0324?????? got=0 saved=0
2026-05-23 14:07:43,974 INFO [T5] expand pattern=0326?????? got=49 ≥ 30 → split into 10 children
2026-05-23 14:07:43,995 INFO [T11] expand pattern=0069?????? got=48 ≥ 30 → split into 10 children
2026-05-23 14:07:44,004 INFO [T30] expand pattern=0328?????? got=48 ≥ 30 → split into 10 children
2026-05-23 14:07:44,127 INFO [T24] expand pattern=0329?????? got=48 ≥ 30 → split into 10 children
2026-05-23 14:07:44,139 INFO [T3] leaf pattern=0340?????? got=0 saved=0
2026-05-23 14:07:44,181 INFO [T19] leaf pattern=0341?????? got=0 saved=0
2026-05-23 14:07:44,205 INFO [T27] expand pattern=0327?????? got=49 ≥ 30 → split into 10 children
2026-05-23 14:07:44,406 INFO [T1] expand pattern=0342?????? got=49 ≥ 30 → split into 10 children
2026-05-23 14:07:44,497 INFO [T26] expand pattern=0066?????? got=49 ≥ 30 → split into 10 children
2026-05-23 14:07:44,677 INFO [T18] expand pattern=0344?????? got=49 ≥ 30 → split into 10 children
2026-05-23 14:07:44,752 INFO [T28] D1N refreshed 83ce425e40e4a438…
2026-05-23 14:07:44,894 INFO [T16] expand pattern=0343?????? got=49 ≥ 30 → split into 10 children
2026-05-23 14:07:45,330 INFO [T2] expand pattern=0345?????? got=43 ≥ 30 → split into 10 children
2026-05-23 14:07:45,502 INFO [T6] expand pattern=0346?????? got=49 ≥ 30 → split into 10 children
2026-05-23 14:07:45,994 INFO [T4] expand pattern=0347?????? got=50 ≥ 30 → split into 10 children
2026-05-23 14:07:46,296 INFO [T12] expand pattern=0349?????? got=50 ≥ 30 → split into 10 children
2026-05-23 14:07:46,639 INFO [T20] expand pattern=0348?????? got=49 ≥ 30 → split into 10 children
2026-05-23 14:07:46,858 INFO [T15] leaf pattern=0350?????? got=0 saved=0
2026-05-23 14:07:47,224 INFO [T21] leaf pattern=0351?????? got=0 saved=0
2026-05-23 14:07:47,240 INFO [T10] expand pattern=0352?????? got=49 ≥ 30 → split into 10 children
2026-05-23 14:07:47,451 INFO [T17] expand pattern=0354?????? got=49 ≥ 30 → split into 10 children
2026-05-23 14:07:47,465 INFO [T14] expand pattern=0355?????? got=47 ≥ 30 → split into 10 children
2026-05-23 14:07:47,586 INFO [T22] expand pattern=0357?????? got=48 ≥ 30 → split into 10 children
2026-05-23 14:07:47,662 INFO [T29] expand pattern=0358?????? got=48 ≥ 30 → split into 10 children
2026-05-23 14:07:47,669 INFO [T23] leaf pattern=0331?????? got=0 saved=0
2026-05-23 14:07:47,679 INFO [T25] expand pattern=0356?????? got=49 ≥ 30 → split into 10 children
2026-05-23 14:07:47,703 INFO [T9] expand pattern=0359?????? got=48 ≥ 30 → split into 10 children
2026-05-23 14:07:47,811 INFO [T8] expand pattern=0332?????? got=48 ≥ 30 → split into 10 children
2026-05-23 14:07:47,902 INFO [T5] leaf pattern=0333?????? got=22 saved=22
2026-05-23 14:07:47,916 INFO [T11] expand pattern=0334?????? got=50 ≥ 30 → split into 10 children
2026-05-23 14:07:48,031 WARNING [T7] ProxyError attempt=1/3 pattern=0353??????: HTTPSConnectionPool(host='vietteltelecom.vn', port=443): Max retries exceeded with url: /api/get/sim (Caused by ProxyErr
2026-05-23 14:07:48,031 INFO [T7] rotate IP 9221a486 → d119ed21
2026-05-23 14:07:48,048 INFO [T24] expand pattern=0336?????? got=48 ≥ 30 → split into 10 children
2026-05-23 14:07:48,075 INFO [T13] leaf pattern=0330?????? got=0 saved=0
2026-05-23 14:07:48,122 INFO [T30] expand pattern=0335?????? got=49 ≥ 30 → split into 10 children
2026-05-23 14:07:48,183 INFO [T19] expand pattern=0338?????? got=50 ≥ 30 → split into 10 children
2026-05-23 14:07:48,188 INFO [T27] expand pattern=0339?????? got=45 ≥ 30 → split into 10 children
2026-05-23 14:07:48,306 INFO [T1] leaf pattern=0360?????? got=0 saved=0
2026-05-23 14:07:48,437 INFO [T3] expand pattern=0337?????? got=50 ≥ 30 → split into 10 children
2026-05-23 14:07:48,442 INFO [T26] leaf pattern=0361?????? got=0 saved=0
2026-05-23 14:07:48,565 INFO [T18] expand pattern=0362?????? got=48 ≥ 30 → split into 10 children
2026-05-23 14:07:49,116 INFO [T16] expand pattern=0363?????? got=49 ≥ 30 → split into 10 children
2026-05-23 14:07:49,444 INFO [T6] expand pattern=0365?????? got=47 ≥ 30 → split into 10 children
2026-05-23 14:07:49,633 INFO [T2] expand pattern=0364?????? got=49 ≥ 30 → split into 10 children
2026-05-23 14:07:49,739 INFO [T28] expand pattern=0325?????? got=47 ≥ 30 → split into 10 children
2026-05-23 14:07:49,920 INFO [T4] expand pattern=0366?????? got=45 ≥ 30 → split into 10 children
2026-05-23 14:07:50,197 INFO [T12] expand pattern=0367?????? got=48 ≥ 30 → split into 10 children
2026-05-23 14:07:50,745 INFO [T7] D1N refreshed 95b63666a1db9afa…
2026-05-23 14:07:50,755 INFO [T20] expand pattern=0368?????? got=48 ≥ 30 → split into 10 children
2026-05-23 14:07:51,154 INFO [T21] leaf pattern=0370?????? got=0 saved=0
2026-05-23 14:07:51,160 INFO [T10] leaf pattern=0371?????? got=0 saved=0
2026-05-23 14:07:51,438 INFO [T17] expand pattern=0372?????? got=49 ≥ 30 → split into 10 children
2026-05-23 14:07:51,475 INFO [T14] expand pattern=0373?????? got=48 ≥ 30 → split into 10 children
2026-05-23 14:07:51,574 INFO [T22] expand pattern=0374?????? got=47 ≥ 30 → split into 10 children
2026-05-23 14:07:51,615 INFO [T23] expand pattern=0375?????? got=48 ≥ 30 → split into 10 children
2026-05-23 14:07:51,635 INFO [T9] expand pattern=0378?????? got=48 ≥ 30 → split into 10 children
2026-05-23 14:07:51,649 INFO [T29] expand pattern=0376?????? got=50 ≥ 30 → split into 10 children
2026-05-23 14:07:51,721 INFO [T25] expand pattern=0377?????? got=46 ≥ 30 → split into 10 children
2026-05-23 14:07:51,825 INFO [T5] leaf pattern=0380?????? got=0 saved=0
2026-05-23 14:07:51,836 INFO [T8] expand pattern=0379?????? got=47 ≥ 30 → split into 10 children
2026-05-23 14:07:51,841 INFO [T11] leaf pattern=0381?????? got=0 saved=0
2026-05-23 14:07:51,913 INFO [T15] expand pattern=0369?????? got=49 ≥ 30 → split into 10 children
2026-05-23 14:07:51,958 INFO [T24] expand pattern=0382?????? got=49 ≥ 30 → split into 10 children
2026-05-23 14:07:52,112 INFO [T19] expand pattern=0385?????? got=45 ≥ 30 → split into 10 children
2026-05-23 14:07:52,125 INFO [T27] expand pattern=0386?????? got=50 ≥ 30 → split into 10 children
2026-05-23 14:07:52,148 INFO [T13] expand pattern=0383?????? got=50 ≥ 30 → split into 10 children
2026-05-23 14:07:52,249 INFO [T30] expand pattern=0384?????? got=48 ≥ 30 → split into 10 children
2026-05-23 14:07:52,262 INFO [T1] expand pattern=0387?????? got=49 ≥ 30 → split into 10 children
2026-05-23 14:07:52,452 INFO [T3] expand pattern=0388?????? got=48 ≥ 30 → split into 10 children
2026-05-23 14:07:52,464 INFO [T26] expand pattern=0389?????? got=50 ≥ 30 → split into 10 children
2026-05-23 14:07:52,476 INFO [T18] leaf pattern=0390?????? got=0 saved=0
2026-05-23 14:07:53,358 INFO [T16] leaf pattern=0391?????? got=0 saved=0
2026-05-23 14:07:53,718 INFO [T28] expand pattern=0394?????? got=48 ≥ 30 → split into 10 children
2026-05-23 14:07:53,735 INFO [T6] expand pattern=0392?????? got=50 ≥ 30 → split into 10 children
2026-05-23 14:07:53,869 INFO [T4] expand pattern=0395?????? got=48 ≥ 30 → split into 10 children
2026-05-23 14:07:53,905 INFO [T2] expand pattern=0393?????? got=50 ≥ 30 → split into 10 children
2026-05-23 14:07:54,359 INFO [T12] expand pattern=0396?????? got=50 ≥ 30 → split into 10 children
2026-05-23 14:07:55,067 INFO [T10] expand pattern=0399?????? got=47 ≥ 30 → split into 10 children
2026-05-23 14:07:55,086 INFO [T21] expand pattern=0398?????? got=49 ≥ 30 → split into 10 children
2026-05-23 14:07:55,152 INFO [T20] expand pattern=0397?????? got=49 ≥ 30 → split into 10 children
2026-05-23 14:07:55,394 INFO [T17] leaf pattern=0970?????? got=0 saved=0
2026-05-23 14:07:55,474 INFO [T14] expand pattern=0971?????? got=44 ≥ 30 → split into 10 children
2026-05-23 14:07:55,569 INFO [T22] expand pattern=0972?????? got=46 ≥ 30 → split into 10 children
2026-05-23 14:07:55,578 INFO [T23] expand pattern=0973?????? got=39 ≥ 30 → split into 10 children
2026-05-23 14:07:55,600 INFO [T29] expand pattern=0975?????? got=38 ≥ 30 → split into 10 children
2026-05-23 14:07:55,676 INFO [T9] expand pattern=0974?????? got=43 ≥ 30 → split into 10 children
2026-05-23 14:07:55,693 INFO [T25] expand pattern=0976?????? got=40 ≥ 30 → split into 10 children
2026-05-23 14:07:55,731 INFO [T5] leaf pattern=0977?????? got=29 saved=29
2026-05-23 14:07:55,789 INFO [T11] leaf pattern=0979?????? got=20 saved=20
2026-05-23 14:07:55,846 INFO [T7] expand pattern=0353?????? got=48 ≥ 30 → split into 10 children
2026-05-23 14:07:55,965 INFO [T15] leaf pattern=00340????? got=29 saved=29
2026-05-23 14:07:56,059 INFO [T24] expand pattern=00341????? got=36 ≥ 30 → split into 10 children
2026-05-23 14:07:56,104 INFO [T8] expand pattern=0978?????? got=39 ≥ 30 → split into 10 children
2026-05-23 14:07:56,119 INFO [T19] expand pattern=00342????? got=48 ≥ 30 → split into 10 children
2026-05-23 14:07:56,220 INFO [T30] expand pattern=00345????? got=45 ≥ 30 → split into 10 children
2026-05-23 14:07:56,350 INFO [T1] expand pattern=00346????? got=49 ≥ 30 → split into 10 children
2026-05-23 14:07:56,362 INFO [T13] expand pattern=00344????? got=50 ≥ 30 → split into 10 children
2026-05-23 14:07:56,425 INFO [T27] expand pattern=00343????? got=49 ≥ 30 → split into 10 children
2026-05-23 14:07:56,452 INFO [T26] expand pattern=00348????? got=48 ≥ 30 → split into 10 children
2026-05-23 14:07:56,512 INFO [T3] expand pattern=00347????? got=50 ≥ 30 → split into 10 children
2026-05-23 14:07:56,526 INFO [T18] expand pattern=00349????? got=46 ≥ 30 → split into 10 children
2026-05-23 14:07:57,357 INFO [T16] leaf pattern=00330????? got=2 saved=2
2026-05-23 14:07:57,707 INFO [T28] leaf pattern=00331????? got=5 saved=5
2026-05-23 14:07:57,848 INFO [T4] leaf pattern=00333????? got=28 saved=28
2026-05-23 14:07:58,009 INFO [T2] expand pattern=00334????? got=49 ≥ 30 → split into 10 children
2026-05-23 14:07:58,392 INFO [T12] expand pattern=00335????? got=42 ≥ 30 → split into 10 children
2026-05-23 14:07:58,560 INFO [T6] expand pattern=00332????? got=46 ≥ 30 → split into 10 children
2026-05-23 14:07:59,096 INFO [T10] expand pattern=00336????? got=49 ≥ 30 → split into 10 children
2026-05-23 14:07:59,222 INFO [T20] expand pattern=00338????? got=49 ≥ 30 → split into 10 children
2026-05-23 14:07:59,464 INFO [T14] expand pattern=00320????? got=36 ≥ 30 → split into 10 children
2026-05-23 14:07:59,537 INFO [T17] expand pattern=00339????? got=49 ≥ 30 → split into 10 children
2026-05-23 14:07:59,611 INFO [T29] expand pattern=00323????? got=32 ≥ 30 → split into 10 children
2026-05-23 14:07:59,735 INFO [T9] expand pattern=00324????? got=31 ≥ 30 → split into 10 children
2026-05-23 14:07:59,740 INFO [T23] leaf pattern=00322????? got=18 saved=18
2026-05-23 14:07:59,796 INFO [T5] expand pattern=00326????? got=47 ≥ 30 → split into 10 children
2026-05-23 14:07:59,845 INFO [T11] expand pattern=00327????? got=47 ≥ 30 → split into 10 children
2026-05-23 14:07:59,854 INFO [T7] expand pattern=00328????? got=48 ≥ 30 → split into 10 children
2026-05-23 14:07:59,919 INFO [T22] expand pattern=00321????? got=31 ≥ 30 → split into 10 children
2026-05-23 14:07:59,999 INFO [T15] expand pattern=00329????? got=49 ≥ 30 → split into 10 children
2026-05-23 14:08:00,074 INFO [T25] expand pattern=00325????? got=50 ≥ 30 → split into 10 children
2026-05-23 14:08:00,101 INFO [T24] expand pattern=00350????? got=32 ≥ 30 → split into 10 children
2026-05-23 14:08:00,117 INFO [T21] expand pattern=00337????? got=49 ≥ 30 → split into 10 children
2026-05-23 14:08:00,131 INFO [T8] leaf pattern=00351????? got=26 saved=26
2026-05-23 14:08:00,170 INFO [T19] expand pattern=00352????? got=49 ≥ 30 → split into 10 children
2026-05-23 14:08:00,231 INFO [T30] expand pattern=00353????? got=47 ≥ 30 → split into 10 children
2026-05-23 14:08:00,380 INFO [T1] expand pattern=00355????? got=50 ≥ 30 → split into 10 children
2026-05-23 14:08:00,394 INFO [T27] expand pattern=00356????? got=49 ≥ 30 → split into 10 children
2026-05-23 14:08:00,452 INFO [T26] expand pattern=00357????? got=49 ≥ 30 → split into 10 children
2026-05-23 14:08:00,531 INFO [T13] expand pattern=00354????? got=48 ≥ 30 → split into 10 children
2026-05-23 14:08:00,614 INFO [T3] expand pattern=00358????? got=47 ≥ 30 → split into 10 children
2026-05-23 14:08:00,628 INFO [T18] expand pattern=00359????? got=49 ≥ 30 → split into 10 children
2026-05-23 14:08:01,275 INFO [T16] leaf pattern=0960?????? got=0 saved=0
2026-05-23 14:08:01,637 INFO [T28] expand pattern=0961?????? got=40 ≥ 30 → split into 10 children
2026-05-23 14:08:01,771 INFO [T4] expand pattern=0962?????? got=40 ≥ 30 → split into 10 children
2026-05-23 14:08:01,966 INFO [T2] expand pattern=0963?????? got=37 ≥ 30 → split into 10 children
2026-05-23 14:08:02,330 INFO [T12] expand pattern=0964?????? got=41 ≥ 30 → split into 10 children
2026-05-23 14:08:02,474 INFO [T6] expand pattern=0965?????? got=39 ≥ 30 → split into 10 children
2026-05-23 14:08:03,069 INFO [T10] expand pattern=0966?????? got=35 ≥ 30 → split into 10 children
2026-05-23 14:08:03,239 INFO [T20] expand pattern=0967?????? got=39 ≥ 30 → split into 10 children
2026-05-23 14:08:03,488 INFO [T14] expand pattern=0968?????? got=41 ≥ 30 → split into 10 children
2026-05-23 14:08:03,523 INFO [T17] expand pattern=0969?????? got=37 ≥ 30 → split into 10 children
2026-05-23 14:08:03,676 INFO [T29] expand pattern=00360????? got=41 ≥ 30 → split into 10 children
2026-05-23 14:08:03,831 INFO [T23] expand pattern=00362????? got=45 ≥ 30 → split into 10 children
2026-05-23 14:08:03,836 INFO [T5] expand pattern=00363????? got=50 ≥ 30 → split into 10 children
2026-05-23 14:08:03,855 INFO [T11] expand pattern=00364????? got=49 ≥ 30 → split into 10 children
2026-05-23 14:08:03,889 INFO [T9] expand pattern=00361????? got=32 ≥ 30 → split into 10 children
2026-05-23 14:08:03,933 INFO [T7] expand pattern=00365????? got=50 ≥ 30 → split into 10 children
2026-05-23 14:08:04,008 INFO [T22] expand pattern=00366????? got=48 ≥ 30 → split into 10 children
2026-05-23 14:08:04,064 INFO [T15] expand pattern=00367????? got=48 ≥ 30 → split into 10 children
2026-05-23 14:08:04,145 INFO [T21] expand pattern=00370????? got=40 ≥ 30 → split into 10 children
2026-05-23 14:08:04,149 INFO [T24] expand pattern=00369????? got=50 ≥ 30 → split into 10 children
2026-05-23 14:08:04,159 INFO [T8] expand pattern=00371????? got=31 ≥ 30 → split into 10 children
2026-05-23 14:08:04,232 INFO [T19] expand pattern=00372????? got=48 ≥ 30 → split into 10 children
2026-05-23 14:08:04,243 INFO [T30] expand pattern=00373????? got=48 ≥ 30 → split into 10 children
2026-05-23 14:08:04,380 INFO [T1] expand pattern=00374????? got=50 ≥ 30 → split into 10 children
2026-05-23 14:08:04,402 INFO [T26] expand pattern=00376????? got=49 ≥ 30 → split into 10 children
2026-05-23 14:08:04,412 INFO [T27] expand pattern=00375????? got=50 ≥ 30 → split into 10 children
2026-05-23 14:08:04,474 INFO [T25] expand pattern=00368????? got=49 ≥ 30 → split into 10 children
2026-05-23 14:08:04,523 INFO [T13] expand pattern=00377????? got=48 ≥ 30 → split into 10 children
2026-05-23 14:08:04,682 INFO [T3] expand pattern=00379????? got=50 ≥ 30 → split into 10 children
2026-05-23 14:08:04,865 INFO [T18] expand pattern=00378????? got=49 ≥ 30 → split into 10 children
2026-05-23 14:08:05,308 INFO [T16] expand pattern=00380????? got=30 ≥ 30 → split into 10 children
2026-05-23 14:08:05,591 INFO [T28] expand pattern=00381????? got=34 ≥ 30 → split into 10 children
2026-05-23 14:08:05,736 INFO [T4] expand pattern=00382????? got=50 ≥ 30 → split into 10 children
2026-05-23 14:08:06,146 INFO [T2] expand pattern=00383????? got=48 ≥ 30 → split into 10 children
2026-05-23 14:08:06,324 INFO [T12] expand pattern=00384????? got=50 ≥ 30 → split into 10 children
2026-05-23 14:08:06,849 INFO [T6] expand pattern=00385????? got=49 ≥ 30 → split into 10 children
2026-05-23 14:08:07,094 INFO [T10] expand pattern=00386????? got=48 ≥ 30 → split into 10 children
2026-05-23 14:08:07,593 INFO [T14] expand pattern=00388????? got=49 ≥ 30 → split into 10 children
2026-05-23 14:08:07,598 INFO [T17] expand pattern=00389????? got=50 ≥ 30 → split into 10 children
2026-05-23 14:08:07,691 INFO [T29] expand pattern=00390????? got=38 ≥ 30 → split into 10 children
2026-05-23 14:08:07,806 INFO [T20] expand pattern=00387????? got=49 ≥ 30 → split into 10 children
2026-05-23 14:08:07,832 INFO [T5] expand pattern=00392????? got=48 ≥ 30 → split into 10 children
2026-05-23 14:08:07,841 INFO [T11] expand pattern=00393????? got=47 ≥ 30 → split into 10 children
2026-05-23 14:08:07,874 INFO [T23] leaf pattern=00391????? got=23 saved=23
2026-05-23 14:08:07,893 INFO [T9] expand pattern=00394????? got=48 ≥ 30 → split into 10 children
2026-05-23 14:08:07,932 INFO [T7] expand pattern=00395????? got=49 ≥ 30 → split into 10 children
2026-05-23 14:08:08,053 INFO [T22] expand pattern=00396????? got=50 ≥ 30 → split into 10 children
2026-05-23 14:08:08,144 INFO [T19] expand pattern=08661????? got=35 ≥ 30 → split into 10 children
2026-05-23 14:08:08,160 INFO [T15] expand pattern=00397????? got=50 ≥ 30 → split into 10 children
2026-05-23 14:08:08,171 INFO [T21] expand pattern=00399????? got=47 ≥ 30 → split into 10 children
2026-05-23 14:08:08,191 INFO [T30] expand pattern=08662????? got=34 ≥ 30 → split into 10 children
2026-05-23 14:08:08,225 INFO [T24] expand pattern=00398????? got=48 ≥ 30 → split into 10 children
2026-05-23 14:08:08,398 INFO [T26] expand pattern=08664????? got=38 ≥ 30 → split into 10 children
2026-05-23 14:08:08,454 INFO [T13] expand pattern=08667????? got=38 ≥ 30 → split into 10 children
2026-05-23 14:08:08,570 INFO [T27] expand pattern=08665????? got=36 ≥ 30 → split into 10 children
2026-05-23 14:08:08,653 INFO [T25] leaf pattern=08666????? got=4 saved=4
2026-05-23 14:08:08,663 INFO [T1] expand pattern=08663????? got=36 ≥ 30 → split into 10 children
2026-05-23 14:08:08,786 INFO [T3] leaf pattern=08668????? got=18 saved=18
2026-05-23 14:08:08,837 INFO [T18] expand pattern=08669????? got=37 ≥ 30 → split into 10 children
2026-05-23 14:08:08,921 INFO [T8] expand pattern=08660????? got=38 ≥ 30 → split into 10 children
2026-05-23 14:08:09,201 INFO [T16] expand pattern=08670????? got=45 ≥ 30 → split into 10 children
2026-05-23 14:08:09,577 INFO [T28] expand pattern=08671????? got=47 ≥ 30 → split into 10 children
2026-05-23 14:08:09,703 INFO [T4] expand pattern=08672????? got=49 ≥ 30 → split into 10 children
2026-05-23 14:08:10,104 INFO [T2] expand pattern=08673????? got=47 ≥ 30 → split into 10 children
2026-05-23 14:08:10,274 INFO [T12] expand pattern=08674????? got=47 ≥ 30 → split into 10 children
2026-05-23 14:08:11,075 INFO [T10] expand pattern=08676????? got=44 ≥ 30 → split into 10 children
2026-05-23 14:08:11,501 INFO [T14] expand pattern=08677????? got=44 ≥ 30 → split into 10 children
2026-05-23 14:08:11,524 INFO [T17] expand pattern=08678????? got=42 ≥ 30 → split into 10 children
2026-05-23 14:08:11,702 INFO [T29] expand pattern=08679????? got=43 ≥ 30 → split into 10 children
2026-05-23 14:08:11,757 INFO [T5] expand pattern=08651????? got=44 ≥ 30 → split into 10 children
2026-05-23 14:08:11,783 INFO [T11] expand pattern=08652????? got=37 ≥ 30 → split into 10 children
2026-05-23 14:08:11,830 INFO [T9] expand pattern=08654????? got=46 ≥ 30 → split into 10 children
2026-05-23 14:08:11,841 INFO [T20] expand pattern=08650????? got=41 ≥ 30 → split into 10 children
2026-05-23 14:08:11,852 INFO [T23] expand pattern=08653????? got=38 ≥ 30 → split into 10 children
2026-05-23 14:08:11,866 INFO [T7] expand pattern=08655????? got=42 ≥ 30 → split into 10 children
2026-05-23 14:08:12,046 INFO [T22] expand pattern=08656????? got=39 ≥ 30 → split into 10 children
2026-05-23 14:08:12,125 INFO [T15] expand pattern=08658????? got=44 ≥ 30 → split into 10 children
2026-05-23 14:08:12,130 INFO [T19] expand pattern=08657????? got=45 ≥ 30 → split into 10 children
2026-05-23 14:08:12,211 INFO [T21] expand pattern=08659????? got=41 ≥ 30 → split into 10 children
2026-05-23 14:08:12,216 INFO [T30] expand pattern=00530????? got=40 ≥ 30 → split into 10 children
2026-05-23 14:08:12,221 INFO [T24] expand pattern=00531????? got=39 ≥ 30 → split into 10 children
2026-05-23 14:08:12,373 INFO [T26] expand pattern=00532????? got=33 ≥ 30 → split into 10 children
2026-05-23 14:08:12,481 INFO [T13] expand pattern=00533????? got=33 ≥ 30 → split into 10 children
2026-05-23 14:08:12,633 INFO [T27] expand pattern=00534????? got=41 ≥ 30 → split into 10 children
2026-05-23 14:08:12,649 INFO [T25] expand pattern=00536????? got=39 ≥ 30 → split into 10 children
2026-05-23 14:08:12,739 INFO [T3] expand pattern=00537????? got=41 ≥ 30 → split into 10 children
2026-05-23 14:08:12,825 INFO [T1] expand pattern=00535????? got=35 ≥ 30 → split into 10 children
2026-05-23 14:08:12,901 INFO [T18] expand pattern=00538????? got=39 ≥ 30 → split into 10 children
2026-05-23 14:08:12,981 INFO [T8] expand pattern=00539????? got=37 ≥ 30 → split into 10 children
2026-05-23 14:08:13,147 INFO [T16] expand pattern=08680????? got=33 ≥ 30 → split into 10 children
2026-05-23 14:08:13,564 INFO [T28] expand pattern=08681????? got=30 ≥ 30 → split into 10 children
2026-05-23 14:08:13,590 INFO [T4] leaf pattern=08682????? got=27 saved=27
2026-05-23 14:08:14,051 INFO [T2] expand pattern=08683????? got=32 ≥ 30 → split into 10 children
2026-05-23 14:08:14,243 INFO [T12] expand pattern=08684????? got=37 ≥ 30 → split into 10 children
2026-05-23 14:08:15,007 INFO [T10] expand pattern=08685????? got=42 ≥ 30 → split into 10 children
2026-05-23 14:08:15,464 INFO [T14] leaf pattern=08686????? got=7 saved=7
2026-05-23 14:08:15,528 INFO [T17] expand pattern=08687????? got=36 ≥ 30 → split into 10 children
2026-05-23 14:08:15,740 INFO [T5] leaf pattern=08689????? got=27 saved=27
2026-05-23 14:08:15,765 INFO [T11] expand pattern=08690????? got=37 ≥ 30 → split into 10 children
2026-05-23 14:08:15,776 INFO [T9] expand pattern=08691????? got=45 ≥ 30 → split into 10 children
2026-05-23 14:08:15,789 INFO [T7] expand pattern=08694????? got=49 ≥ 30 → split into 10 children
2026-05-23 14:08:15,850 INFO [T20] expand pattern=08692????? got=41 ≥ 30 → split into 10 children
2026-05-23 14:08:15,948 INFO [T29] leaf pattern=08688????? got=20 saved=20
2026-05-23 14:08:15,969 INFO [T15] expand pattern=08697????? got=46 ≥ 30 → split into 10 children
2026-05-23 14:08:16,016 INFO [T19] expand pattern=08696????? got=42 ≥ 30 → split into 10 children
2026-05-23 14:08:16,028 INFO [T22] expand pattern=08695????? got=44 ≥ 30 → split into 10 children
2026-05-23 14:08:16,051 INFO [T30] expand pattern=08699????? got=39 ≥ 30 → split into 10 children
2026-05-23 14:08:16,073 INFO [T23] expand pattern=08693????? got=48 ≥ 30 → split into 10 children
2026-05-23 14:08:16,098 INFO [T21] expand pattern=08698????? got=42 ≥ 30 → split into 10 children
2026-05-23 14:08:16,346 INFO [T24] leaf pattern=00550????? got=24 saved=24
2026-05-23 14:08:16,482 INFO [T13] expand pattern=00552????? got=32 ≥ 30 → split into 10 children
2026-05-23 14:08:16,575 INFO [T6] expand pattern=08675????? got=46 ≥ 30 → split into 10 children
2026-05-23 14:08:16,643 INFO [T27] expand pattern=00553????? got=32 ≥ 30 → split into 10 children
2026-05-23 14:08:16,653 INFO [T26] leaf pattern=00551????? got=21 saved=21
2026-05-23 14:08:16,680 INFO [T25] expand pattern=00554????? got=37 ≥ 30 → split into 10 children
2026-05-23 14:08:16,777 INFO [T3] leaf pattern=00555????? got=6 saved=6
2026-05-23 14:08:16,827 INFO [T1] expand pattern=00556????? got=35 ≥ 30 → split into 10 children
2026-05-23 14:08:16,963 INFO [T8] expand pattern=00558????? got=30 ≥ 30 → split into 10 children
2026-05-23 14:08:16,995 INFO [T18] expand pattern=00557????? got=33 ≥ 30 → split into 10 children
2026-05-23 14:08:17,132 INFO [T16] expand pattern=00559????? got=32 ≥ 30 → split into 10 children
2026-05-23 14:08:17,490 INFO [T4] expand pattern=08621????? got=37 ≥ 30 → split into 10 children
2026-05-23 14:08:17,500 INFO [T28] expand pattern=08620????? got=40 ≥ 30 → split into 10 children
2026-05-23 14:08:17,969 INFO [T2] expand pattern=08622????? got=41 ≥ 30 → split into 10 children
2026-05-23 14:08:18,148 INFO [T12] expand pattern=08623????? got=41 ≥ 30 → split into 10 children
2026-05-23 14:08:18,947 INFO [T10] expand pattern=08624????? got=45 ≥ 30 → split into 10 children
2026-05-23 14:08:19,379 INFO [T14] expand pattern=08625????? got=44 ≥ 30 → split into 10 children
2026-05-23 14:08:19,523 INFO [T17] expand pattern=08626????? got=39 ≥ 30 → split into 10 children
2026-05-23 14:08:19,665 INFO [T5] expand pattern=08627????? got=44 ≥ 30 → split into 10 children
2026-05-23 14:08:19,671 INFO [T11] expand pattern=08628????? got=36 ≥ 30 → split into 10 children
2026-05-23 14:08:19,682 INFO [T9] expand pattern=08629????? got=43 ≥ 30 → split into 10 children
2026-05-23 14:08:19,693 INFO [T7] expand pattern=00540????? got=40 ≥ 30 → split into 10 children
2026-05-23 14:08:19,955 INFO [T20] expand pattern=00541????? got=39 ≥ 30 → split into 10 children
2026-05-23 14:08:20,026 INFO [T30] expand pattern=00546????? got=36 ≥ 30 → split into 10 children
2026-05-23 14:08:20,029 INFO [T29] expand pattern=00542????? got=35 ≥ 30 → split into 10 children
2026-05-23 14:08:20,039 INFO [T19] expand pattern=00544????? got=39 ≥ 30 → split into 10 children
2026-05-23 14:08:20,058 INFO [T23] expand pattern=00547????? got=39 ≥ 30 → split into 10 children
2026-05-23 14:08:20,089 INFO [T21] expand pattern=00548????? got=39 ≥ 30 → split into 10 children
2026-05-23 14:08:20,098 INFO [T22] expand pattern=00545????? got=36 ≥ 30 → split into 10 children
2026-05-23 14:08:20,424 INFO [T15] expand pattern=00543????? got=31 ≥ 30 → split into 10 children
2026-05-23 14:08:20,488 INFO [T13] leaf pattern=00560????? got=28 saved=28
2026-05-23 14:08:20,612 INFO [T27] expand pattern=00562????? got=37 ≥ 30 → split into 10 children
2026-05-23 14:08:20,684 INFO [T25] expand pattern=00564????? got=43 ≥ 30 → split into 10 children
2026-05-23 14:08:20,833 INFO [T3] expand pattern=00565????? got=42 ≥ 30 → split into 10 children
2026-05-23 14:08:20,848 INFO [T26] expand pattern=00563????? got=36 ≥ 30 → split into 10 children
2026-05-23 14:08:21,003 INFO [T24] expand pattern=00549????? got=35 ≥ 30 → split into 10 children
2026-05-23 14:08:21,024 INFO [T8] expand pattern=00567????? got=44 ≥ 30 → split into 10 children
2026-05-23 14:08:21,035 INFO [T18] expand pattern=00568????? got=39 ≥ 30 → split into 10 children
2026-05-23 14:08:21,254 INFO [T1] expand pattern=00566????? got=41 ≥ 30 → split into 10 children
2026-05-23 14:08:21,328 INFO [T16] expand pattern=00569????? got=38 ≥ 30 → split into 10 children
2026-05-23 14:08:21,478 INFO [T4] expand pattern=00520????? got=32 ≥ 30 → split into 10 children
2026-05-23 14:08:21,498 INFO [T28] expand pattern=00521????? got=39 ≥ 30 → split into 10 children
2026-05-23 14:08:22,247 INFO [T2] leaf pattern=00522????? got=26 saved=26
2026-05-23 14:08:22,308 INFO [T12] expand pattern=00523????? got=35 ≥ 30 → split into 10 children
2026-05-23 14:08:22,950 INFO [T10] expand pattern=00524????? got=40 ≥ 30 → split into 10 children
2026-05-23 14:08:23,374 INFO [T14] expand pattern=00525????? got=36 ≥ 30 → split into 10 children
2026-05-23 14:08:23,534 INFO [T17] expand pattern=00526????? got=36 ≥ 30 → split into 10 children
2026-05-23 14:08:23,615 INFO [T11] expand pattern=00527????? got=35 ≥ 30 → split into 10 children
2026-05-23 14:08:23,672 INFO [T5] expand pattern=00528????? got=40 ≥ 30 → split into 10 children
2026-05-23 14:08:23,747 INFO [T9] expand pattern=00529????? got=40 ≥ 30 → split into 10 children
2026-05-23 14:08:23,769 INFO [T7] expand pattern=00580????? got=32 ≥ 30 → split into 10 children
2026-05-23 14:08:23,942 INFO [T30] expand pattern=00582????? got=35 ≥ 30 → split into 10 children
2026-05-23 14:08:24,007 INFO [T29] expand pattern=00583????? got=34 ≥ 30 → split into 10 children
2026-05-23 14:08:24,126 INFO [T23] expand pattern=00585????? got=36 ≥ 30 → split into 10 children
2026-05-23 14:08:24,227 INFO [T20] expand pattern=00581????? got=36 ≥ 30 → split into 10 children
2026-05-23 14:08:24,243 INFO [T22] expand pattern=00587????? got=34 ≥ 30 → split into 10 children
2026-05-23 14:08:24,327 INFO [T19] expand pattern=00584????? got=37 ≥ 30 → split into 10 children
2026-05-23 14:08:24,344 INFO [T21] expand pattern=00586????? got=33 ≥ 30 → split into 10 children
2026-05-23 14:08:24,447 INFO [T15] expand pattern=00588????? got=35 ≥ 30 → split into 10 children
2026-05-23 14:08:24,459 INFO [T6] expand pattern=00561????? got=37 ≥ 30 → split into 10 children
2026-05-23 14:08:24,580 INFO [T13] expand pattern=00589????? got=40 ≥ 30 → split into 10 children
2026-05-23 14:08:24,639 INFO [T25] leaf pattern=09831????? got=5 saved=5
2026-05-23 14:08:24,752 INFO [T3] leaf pattern=09832????? got=7 saved=7
2026-05-23 14:08:24,829 INFO [T27] leaf pattern=09830????? got=3 saved=3
2026-05-23 14:08:24,964 INFO [T24] leaf pattern=09835????? got=5 saved=5
2026-05-23 14:08:24,968 INFO [T8] leaf pattern=09834????? got=8 saved=8
2026-05-23 14:08:25,043 INFO [T18] leaf pattern=09836????? got=10 saved=10
2026-05-23 14:08:25,070 INFO [T26] leaf pattern=09833????? got=8 saved=8
2026-05-23 14:08:25,342 INFO [T1] leaf pattern=09837????? got=4 saved=4
2026-05-23 14:08:25,355 INFO [T16] leaf pattern=09838????? got=8 saved=8
2026-05-23 14:08:25,377 INFO [T4] leaf pattern=09839????? got=1 saved=1
2026-05-23 14:08:25,526 INFO [T28] expand pattern=00590????? got=36 ≥ 30 → split into 10 children
2026-05-23 14:08:26,276 INFO [T2] expand pattern=00591????? got=34 ≥ 30 → split into 10 children
2026-05-23 14:08:26,622 INFO [T12] expand pattern=00592????? got=40 ≥ 30 → split into 10 children
2026-05-23 14:08:26,962 INFO [T10] expand pattern=00593????? got=30 ≥ 30 → split into 10 children
2026-05-23 14:08:29,538 INFO [T11] expand pattern=00596????? got=39 ≥ 30 → split into 10 children
2026-05-23 14:08:29,550 INFO [T14] expand pattern=00594????? got=41 ≥ 30 → split into 10 children
2026-05-23 14:08:29,607 INFO [T20] leaf pattern=09813????? got=13 saved=13
2026-05-23 14:08:29,821 INFO [T4] expand pattern=00579????? got=37 ≥ 30 → split into 10 children
2026-05-23 14:08:29,929 INFO [T9] expand pattern=00598????? got=40 ≥ 30 → split into 10 children
2026-05-23 14:08:29,943 INFO [T28] leaf pattern=09840????? got=13 saved=13
2026-05-23 14:08:29,972 INFO [T24] leaf pattern=00573????? got=29 saved=29
2026-05-23 14:08:30,035 INFO [T1] expand pattern=00577????? got=31 ≥ 30 → split into 10 children
2026-05-23 14:08:30,110 INFO [T18] expand pattern=00575????? got=40 ≥ 30 → split into 10 children
2026-05-23 14:08:30,119 INFO [T7] expand pattern=00599????? got=32 ≥ 30 → split into 10 children
2026-05-23 14:08:30,199 INFO [T5] expand pattern=00597????? got=36 ≥ 30 → split into 10 children
2026-05-23 14:08:30,204 INFO [T30] leaf pattern=09810????? got=8 saved=8
2026-05-23 14:08:30,213 INFO [T25] expand pattern=00570????? got=35 ≥ 30 → split into 10 children
2026-05-23 14:08:30,220 INFO [T27] expand pattern=00572????? got=40 ≥ 30 → split into 10 children
2026-05-23 14:08:30,234 INFO [T17] expand pattern=00595????? got=34 ≥ 30 → split into 10 children
2026-05-23 14:08:30,239 INFO [T19] leaf pattern=09815????? got=13 saved=13
2026-05-23 14:08:30,244 INFO [T3] expand pattern=00571????? got=37 ≥ 30 → split into 10 children
2026-05-23 14:08:30,266 INFO [T21] leaf pattern=09816????? got=14 saved=14
2026-05-23 14:08:30,304 INFO [T29] leaf pattern=09811????? got=10 saved=10
2026-05-23 14:08:30,332 INFO [T6] leaf pattern=09818????? got=5 saved=5
2026-05-23 14:08:30,376 INFO [T15] leaf pattern=09817????? got=14 saved=14
2026-05-23 14:08:30,391 INFO [T13] leaf pattern=09819????? got=14 saved=14
2026-05-23 14:08:30,438 INFO [T2] leaf pattern=09841????? got=7 saved=7
2026-05-23 14:08:30,460 INFO [T16] expand pattern=00578????? got=36 ≥ 30 → split into 10 children
2026-05-23 14:08:30,520 INFO [T8] expand pattern=00574????? got=36 ≥ 30 → split into 10 children
2026-05-23 14:08:30,765 INFO [T12] leaf pattern=09842????? got=11 saved=11
2026-05-23 14:08:30,892 INFO [T23] leaf pattern=09812????? got=14 saved=14
2026-05-23 14:08:30,960 INFO [T26] expand pattern=00576????? got=42 ≥ 30 → split into 10 children
2026-05-23 14:08:31,004 INFO [T22] leaf pattern=09814????? got=20 saved=20
2026-05-23 14:08:31,371 INFO [T10] leaf pattern=09843????? got=8 saved=8
2026-05-23 14:08:33,446 INFO [T14] leaf pattern=09845????? got=10 saved=10
2026-05-23 14:08:33,666 INFO [T11] leaf pattern=09844????? got=6 saved=6
2026-05-23 14:08:33,864 INFO [T20] leaf pattern=09846????? got=9 saved=9
2026-05-23 14:08:33,882 INFO [T28] leaf pattern=09849????? got=12 saved=12
2026-05-23 14:08:33,900 INFO [T24] leaf pattern=09850????? got=9 saved=9
2026-05-23 14:08:33,930 INFO [T9] leaf pattern=09848????? got=13 saved=13
2026-05-23 14:08:34,002 INFO [T7] leaf pattern=09853????? got=7 saved=7
2026-05-23 14:08:34,015 INFO [T30] leaf pattern=09855????? got=5 saved=5
2026-05-23 14:08:34,027 INFO [T18] leaf pattern=09852????? got=2 saved=2
2026-05-23 14:08:34,076 INFO [T1] leaf pattern=09851????? got=13 saved=13
2026-05-23 14:08:34,082 INFO [T5] leaf pattern=09854????? got=11 saved=11
2026-05-23 14:08:34,123 INFO [T27] leaf pattern=09856????? got=7 saved=7
2026-05-23 14:08:34,132 INFO [T25] leaf pattern=09857????? got=8 saved=8
2026-05-23 14:08:34,144 INFO [T17] leaf pattern=09858????? got=4 saved=4
2026-05-23 14:08:34,158 INFO [T3] leaf pattern=09820????? got=11 saved=11
2026-05-23 14:08:34,306 INFO [T6] leaf pattern=09823????? got=2 saved=2
2026-05-23 14:08:34,320 INFO [T29] leaf pattern=09822????? got=5 saved=5
2026-05-23 14:08:34,338 INFO [T13] leaf pattern=09825????? got=10 saved=10
2026-05-23 14:08:34,354 INFO [T15] leaf pattern=09824????? got=18 saved=18
2026-05-23 14:08:34,378 INFO [T19] leaf pattern=09859????? got=5 saved=5
2026-05-23 14:08:34,382 INFO [T16] leaf pattern=09827????? got=5 saved=5
2026-05-23 14:08:34,388 INFO [T21] leaf pattern=09821????? got=6 saved=6
2026-05-23 14:08:34,475 INFO [T8] leaf pattern=09828????? got=3 saved=3
2026-05-23 14:08:34,507 INFO [T2] leaf pattern=09826????? got=6 saved=6
2026-05-23 14:08:34,690 INFO [T4] leaf pattern=09847????? got=9 saved=9
2026-05-23 14:08:34,804 INFO [T23] leaf pattern=09890????? got=7 saved=7
2026-05-23 14:08:34,825 INFO [T12] leaf pattern=09829????? got=9 saved=9
2026-05-23 14:08:34,898 INFO [T26] leaf pattern=09891????? got=4 saved=4
2026-05-23 14:08:34,988 INFO [T22] leaf pattern=09892????? got=0 saved=0
2026-05-23 14:08:35,262 INFO [T10] leaf pattern=09893????? got=5 saved=5
2026-05-23 14:08:37,384 INFO [T14] leaf pattern=09894????? got=10 saved=10
2026-05-23 14:08:37,578 INFO [T11] leaf pattern=09895????? got=6 saved=6
2026-05-23 14:08:37,772 INFO [T28] leaf pattern=09897????? got=6 saved=6
2026-05-23 14:08:37,795 INFO [T24] leaf pattern=09898????? got=3 saved=3
2026-05-23 14:08:37,835 INFO [T20] leaf pattern=09896????? got=0 saved=0
2026-05-23 14:08:37,875 INFO [T9] leaf pattern=09899????? got=3 saved=3
2026-05-23 14:08:38,026 INFO [T7] leaf pattern=00250????? got=8 saved=8
2026-05-23 14:08:38,090 INFO [T1] expand pattern=00253????? got=40 ≥ 30 → split into 10 children
2026-05-23 14:08:38,098 INFO [T5] expand pattern=00254????? got=48 ≥ 30 → split into 10 children
2026-05-23 14:08:38,142 INFO [T18] expand pattern=00252????? got=31 ≥ 30 → split into 10 children
2026-05-23 14:08:38,152 INFO [T3] expand pattern=00258????? got=37 ≥ 30 → split into 10 children
2026-05-23 14:08:38,175 INFO [T27] expand pattern=00255????? got=40 ≥ 30 → split into 10 children
2026-05-23 14:08:38,238 INFO [T17] expand pattern=00257????? got=46 ≥ 30 → split into 10 children
2026-05-23 14:08:38,299 INFO [T13] expand pattern=00281????? got=36 ≥ 30 → split into 10 children
2026-05-23 14:08:38,343 INFO [T19] expand pattern=00283????? got=31 ≥ 30 → split into 10 children
2026-05-23 14:08:38,366 INFO [T21] expand pattern=00285????? got=36 ≥ 30 → split into 10 children
2026-05-23 14:08:38,373 INFO [T15] leaf pattern=00282????? got=26 saved=26
2026-05-23 14:08:38,382 INFO [T29] expand pattern=00280????? got=36 ≥ 30 → split into 10 children
2026-05-23 14:08:38,398 INFO [T30] expand pattern=00251????? got=30 ≥ 30 → split into 10 children
2026-05-23 14:08:38,412 INFO [T25] expand pattern=00256????? got=47 ≥ 30 → split into 10 children
2026-05-23 14:08:38,422 INFO [T6] expand pattern=00259????? got=45 ≥ 30 → split into 10 children
2026-05-23 14:08:38,452 INFO [T16] expand pattern=00284????? got=36 ≥ 30 → split into 10 children
2026-05-23 14:08:38,619 INFO [T2] expand pattern=00287????? got=40 ≥ 30 → split into 10 children
2026-05-23 14:08:38,630 INFO [T8] expand pattern=00286????? got=30 ≥ 30 → split into 10 children
2026-05-23 14:08:38,857 INFO [T12] expand pattern=00260????? got=40 ≥ 30 → split into 10 children
2026-05-23 14:08:38,871 INFO [T23] expand pattern=00289????? got=34 ≥ 30 → split into 10 children
2026-05-23 14:08:38,916 INFO [T26] expand pattern=00261????? got=39 ≥ 30 → split into 10 children
2026-05-23 14:08:39,056 INFO [T22] expand pattern=00262????? got=38 ≥ 30 → split into 10 children
2026-05-23 14:08:39,195 INFO [T4] leaf pattern=00288????? got=29 saved=29
2026-05-23 14:08:39,616 INFO [T10] expand pattern=00263????? got=42 ≥ 30 → split into 10 children
2026-05-23 14:08:41,833 INFO [T28] expand pattern=00266????? got=36 ≥ 30 → split into 10 children
2026-05-23 14:08:41,948 INFO [T20] expand pattern=00268????? got=36 ≥ 30 → split into 10 children
2026-05-23 14:08:41,990 INFO [T11] expand pattern=00265????? got=30 ≥ 30 → split into 10 children
2026-05-23 14:08:42,003 INFO [T9] expand pattern=00269????? got=37 ≥ 30 → split into 10 children
2026-05-23 14:08:42,031 INFO [T24] expand pattern=00267????? got=33 ≥ 30 → split into 10 children
2026-05-23 14:08:42,078 INFO [T1] expand pattern=00271????? got=41 ≥ 30 → split into 10 children
2026-05-23 14:08:42,186 INFO [T18] expand pattern=00273????? got=36 ≥ 30 → split into 10 children
2026-05-23 14:08:42,207 INFO [T5] expand pattern=00272????? got=34 ≥ 30 → split into 10 children
2026-05-23 14:08:42,272 INFO [T17] expand pattern=00276????? got=35 ≥ 30 → split into 10 children
2026-05-23 14:08:42,283 INFO [T7] expand pattern=00270????? got=39 ≥ 30 → split into 10 children
2026-05-23 14:08:42,335 INFO [T27] expand pattern=00275????? got=37 ≥ 30 → split into 10 children
2026-05-23 14:08:42,360 INFO [T13] expand pattern=00277????? got=31 ≥ 30 → split into 10 children
2026-05-23 14:08:42,371 INFO [T6] expand pattern=00924????? got=37 ≥ 30 → split into 10 children
2026-05-23 14:08:42,381 INFO [T25] expand pattern=00923????? got=38 ≥ 30 → split into 10 children
2026-05-23 14:08:42,408 INFO [T15] expand pattern=00921????? got=34 ≥ 30 → split into 10 children
2026-05-23 14:08:42,419 INFO [T19] expand pattern=00278????? got=34 ≥ 30 → split into 10 children
2026-05-23 14:08:42,429 INFO [T16] expand pattern=00925????? got=35 ≥ 30 → split into 10 children
2026-05-23 14:08:42,507 INFO [T3] expand pattern=00274????? got=42 ≥ 30 → split into 10 children
2026-05-23 14:08:42,569 INFO [T30] expand pattern=00922????? got=37 ≥ 30 → split into 10 children
2026-05-23 14:08:42,577 INFO [T29] expand pattern=00920????? got=36 ≥ 30 → split into 10 children
2026-05-23 14:08:42,639 INFO [T14] expand pattern=00264????? got=47 ≥ 30 → split into 10 children
2026-05-23 14:08:42,665 INFO [T8] expand pattern=00927????? got=37 ≥ 30 → split into 10 children
2026-05-23 14:08:42,690 INFO [T2] expand pattern=00926????? got=42 ≥ 30 → split into 10 children
2026-05-23 14:08:42,802 INFO [T21] expand pattern=00279????? got=36 ≥ 30 → split into 10 children
2026-05-23 14:08:42,888 INFO [T12] expand pattern=00928????? got=40 ≥ 30 → split into 10 children
2026-05-23 14:08:42,940 INFO [T26] expand pattern=00930????? got=35 ≥ 30 → split into 10 children
2026-05-23 14:08:43,165 INFO [T22] expand pattern=00931????? got=41 ≥ 30 → split into 10 children
2026-05-23 14:08:43,171 INFO [T23] expand pattern=00929????? got=36 ≥ 30 → split into 10 children
2026-05-23 14:08:43,195 INFO [T4] expand pattern=00932????? got=37 ≥ 30 → split into 10 children
2026-05-23 14:08:43,624 INFO [T10] expand pattern=00933????? got=33 ≥ 30 → split into 10 children
2026-05-23 14:08:45,916 INFO [T28] expand pattern=00934????? got=40 ≥ 30 → split into 10 children
2026-05-23 14:08:45,991 INFO [T11] expand pattern=00936????? got=41 ≥ 30 → split into 10 children
2026-05-23 14:08:46,038 INFO [T1] leaf pattern=00939????? got=2 saved=2
2026-05-23 14:08:46,081 INFO [T24] expand pattern=00938????? got=35 ≥ 30 → split into 10 children
2026-05-23 14:08:46,092 INFO [T9] expand pattern=00937????? got=40 ≥ 30 → split into 10 children
2026-05-23 14:08:46,154 INFO [T20] expand pattern=00935????? got=40 ≥ 30 → split into 10 children
2026-05-23 14:08:46,192 INFO [T5] expand pattern=00951????? got=44 ≥ 30 → split into 10 children
2026-05-23 14:08:46,230 INFO [T7] expand pattern=00953????? got=35 ≥ 30 → split into 10 children
2026-05-23 14:08:46,249 INFO [T18] expand pattern=00950????? got=38 ≥ 30 → split into 10 children
2026-05-23 14:08:46,341 INFO [T17] expand pattern=00952????? got=39 ≥ 30 → split into 10 children
2026-05-23 14:08:46,367 INFO [T25] expand pattern=00957????? got=45 ≥ 30 → split into 10 children
2026-05-23 14:08:46,423 INFO [T19] expand pattern=00959????? got=41 ≥ 30 → split into 10 children
2026-05-23 14:08:46,434 INFO [T13] expand pattern=00955????? got=34 ≥ 30 → split into 10 children
2026-05-23 14:08:46,446 INFO [T16] expand pattern=00290????? got=32 ≥ 30 → split into 10 children
2026-05-23 14:08:46,458 INFO [T6] expand pattern=00956????? got=42 ≥ 30 → split into 10 children
2026-05-23 14:08:46,469 INFO [T15] expand pattern=00958????? got=49 ≥ 30 → split into 10 children
2026-05-23 14:08:46,483 INFO [T27] expand pattern=00954????? got=38 ≥ 30 → split into 10 children
2026-05-23 14:08:46,520 INFO [T3] expand pattern=00291????? got=35 ≥ 30 → split into 10 children
2026-05-23 14:08:46,565 INFO [T29] expand pattern=00293????? got=36 ≥ 30 → split into 10 children
2026-05-23 14:08:46,595 INFO [T14] expand pattern=00294????? got=37 ≥ 30 → split into 10 children
2026-05-23 14:08:46,644 INFO [T30] expand pattern=00292????? got=36 ≥ 30 → split into 10 children
2026-05-23 14:08:46,709 INFO [T2] expand pattern=00296????? got=40 ≥ 30 → split into 10 children
2026-05-23 14:08:46,742 INFO [T8] expand pattern=00295????? got=43 ≥ 30 → split into 10 children
2026-05-23 14:08:46,802 INFO [T21] expand pattern=00297????? got=33 ≥ 30 → split into 10 children
2026-05-23 14:08:46,896 INFO [T12] expand pattern=00298????? got=43 ≥ 30 → split into 10 children
2026-05-23 14:08:47,231 INFO [T23] expand pattern=00971????? got=47 ≥ 30 → split into 10 children
2026-05-23 14:08:47,271 INFO [T22] expand pattern=00970????? got=38 ≥ 30 → split into 10 children
2026-05-23 14:08:47,386 INFO [T26] expand pattern=00299????? got=31 ≥ 30 → split into 10 children
2026-05-23 14:08:47,440 INFO [T4] expand pattern=00972????? got=45 ≥ 30 → split into 10 children
2026-05-23 14:08:47,666 INFO [T10] expand pattern=00973????? got=44 ≥ 30 → split into 10 children
2026-05-23 14:08:49,921 INFO [T28] expand pattern=00974????? got=48 ≥ 30 → split into 10 children
2026-05-23 14:08:49,957 INFO [T11] expand pattern=00975????? got=44 ≥ 30 → split into 10 children
2026-05-23 14:08:50,202 INFO [T24] expand pattern=00977????? got=40 ≥ 30 → split into 10 children
2026-05-23 14:08:50,219 INFO [T7] expand pattern=00961????? got=46 ≥ 30 → split into 10 children
2026-05-23 14:08:50,233 INFO [T1] expand pattern=00976????? got=45 ≥ 30 → split into 10 children
2026-05-23 14:08:50,263 INFO [T20] expand pattern=00979????? got=31 ≥ 30 → split into 10 children
2026-05-23 14:08:50,282 INFO [T5] expand pattern=00960????? got=42 ≥ 30 → split into 10 children
2026-05-23 14:08:50,394 INFO [T9] expand pattern=00978????? got=46 ≥ 30 → split into 10 children
2026-05-23 14:08:50,406 INFO [T15] expand pattern=00969????? got=42 ≥ 30 → split into 10 children
2026-05-23 14:08:50,420 INFO [T19] expand pattern=00965????? got=45 ≥ 30 → split into 10 children
2026-05-23 14:08:50,430 INFO [T18] expand pattern=00962????? got=46 ≥ 30 → split into 10 children
2026-05-23 14:08:50,444 INFO [T16] expand pattern=00966????? got=41 ≥ 30 → split into 10 children
2026-05-23 14:08:50,461 INFO [T27] expand pattern=00980????? got=36 ≥ 30 → split into 10 children
2026-05-23 14:08:50,483 INFO [T13] expand pattern=00967????? got=44 ≥ 30 → split into 10 children
2026-05-23 14:08:50,542 INFO [T17] expand pattern=00963????? got=43 ≥ 30 → split into 10 children
2026-05-23 14:08:50,590 INFO [T25] expand pattern=00964????? got=45 ≥ 30 → split into 10 children
2026-05-23 14:08:50,626 INFO [T3] expand pattern=00981????? got=45 ≥ 30 → split into 10 children
2026-05-23 14:08:50,636 INFO [T6] expand pattern=00968????? got=45 ≥ 30 → split into 10 children
2026-05-23 14:08:50,653 INFO [T30] expand pattern=00984????? got=42 ≥ 30 → split into 10 children
2026-05-23 14:08:50,667 INFO [T14] expand pattern=00983????? got=45 ≥ 30 → split into 10 children
2026-05-23 14:08:50,678 INFO [T29] expand pattern=00982????? got=42 ≥ 30 → split into 10 children
2026-05-23 14:08:50,755 INFO [T2] expand pattern=00985????? got=43 ≥ 30 → split into 10 children
2026-05-23 14:08:50,868 INFO [T8] expand pattern=00986????? got=42 ≥ 30 → split into 10 children
2026-05-23 14:08:51,260 INFO [T23] expand pattern=00989????? got=35 ≥ 30 → split into 10 children
2026-05-23 14:08:51,284 INFO [T12] expand pattern=00988????? got=37 ≥ 30 → split into 10 children
2026-05-23 14:08:51,323 INFO [T22] expand pattern=00420????? got=34 ≥ 30 → split into 10 children
2026-05-23 14:08:51,384 INFO [T4] expand pattern=00422????? got=35 ≥ 30 → split into 10 children
2026-05-23 14:08:51,453 INFO [T26] expand pattern=00421????? got=39 ≥ 30 → split into 10 children
2026-05-23 14:08:51,681 INFO [T10] expand pattern=00423????? got=33 ≥ 30 → split into 10 children
2026-05-23 14:08:51,796 INFO [T21] expand pattern=00987????? got=41 ≥ 30 → split into 10 children
2026-05-23 14:08:54,067 INFO [T11] expand pattern=00425????? got=35 ≥ 30 → split into 10 children
2026-05-23 14:08:54,106 INFO [T28] expand pattern=00424????? got=31 ≥ 30 → split into 10 children
2026-05-23 14:08:54,224 INFO [T1] expand pattern=00428????? got=40 ≥ 30 → split into 10 children
2026-05-23 14:08:54,249 INFO [T7] expand pattern=00426????? got=36 ≥ 30 → split into 10 children
2026-05-23 14:08:54,267 INFO [T20] expand pattern=00429????? got=40 ≥ 30 → split into 10 children
2026-05-23 14:08:54,428 INFO [T16] expand pattern=00995????? got=32 ≥ 30 → split into 10 children
2026-05-23 14:08:54,442 INFO [T24] expand pattern=00427????? got=40 ≥ 30 → split into 10 children
2026-05-23 14:08:54,454 INFO [T18] expand pattern=00994????? got=42 ≥ 30 → split into 10 children
2026-05-23 14:08:54,542 INFO [T19] leaf pattern=00993????? got=28 saved=28
2026-05-23 14:08:54,600 INFO [T17] leaf pattern=00998????? got=24 saved=24
2026-05-23 14:08:54,636 INFO [T9] leaf pattern=00991????? got=26 saved=26
2026-05-23 14:08:54,667 INFO [T14] expand pattern=00943????? got=41 ≥ 30 → split into 10 children
2026-05-23 14:08:54,695 INFO [T30] expand pattern=00942????? got=39 ≥ 30 → split into 10 children
2026-05-23 14:08:54,707 INFO [T25] leaf pattern=00999????? got=0 saved=0
2026-05-23 14:08:54,737 INFO [T6] expand pattern=00941????? got=41 ≥ 30 → split into 10 children
2026-05-23 14:08:54,752 INFO [T15] leaf pattern=00992????? got=22 saved=22
2026-05-23 14:08:54,819 INFO [T5] leaf pattern=00990????? got=23 saved=23
2026-05-23 14:08:54,829 INFO [T13] expand pattern=00997????? got=32 ≥ 30 → split into 10 children
2026-05-23 14:08:54,895 INFO [T8] expand pattern=00946????? got=42 ≥ 30 → split into 10 children
2026-05-23 14:08:54,903 INFO [T3] expand pattern=00940????? got=39 ≥ 30 → split into 10 children
2026-05-23 14:08:54,915 INFO [T27] leaf pattern=00996????? got=27 saved=27
2026-05-23 14:08:55,009 INFO [T2] expand pattern=00945????? got=44 ≥ 30 → split into 10 children
2026-05-23 14:08:55,241 INFO [T23] expand pattern=00947????? got=48 ≥ 30 → split into 10 children
2026-05-23 14:08:55,264 INFO [T12] expand pattern=00948????? got=44 ≥ 30 → split into 10 children
2026-05-23 14:08:55,329 INFO [T29] expand pattern=00944????? got=43 ≥ 30 → split into 10 children
2026-05-23 14:08:55,372 INFO [T4] expand pattern=00430????? got=35 ≥ 30 → split into 10 children
2026-05-23 14:08:55,381 INFO [T22] expand pattern=00949????? got=42 ≥ 30 → split into 10 children
2026-05-23 14:08:55,705 INFO [T10] expand pattern=00432????? got=31 ≥ 30 → split into 10 children
2026-05-23 14:08:55,850 INFO [T21] expand pattern=00433????? got=34 ≥ 30 → split into 10 children
2026-05-23 14:08:56,360 INFO [T26] expand pattern=00431????? got=31 ≥ 30 → split into 10 children
2026-05-23 14:08:58,130 INFO [T28] expand pattern=00435????? got=42 ≥ 30 → split into 10 children
2026-05-23 14:08:58,227 INFO [T1] expand pattern=00436????? got=39 ≥ 30 → split into 10 children
2026-05-23 14:08:58,296 INFO [T7] expand pattern=00437????? got=40 ≥ 30 → split into 10 children
2026-05-23 14:08:58,419 INFO [T11] expand pattern=00434????? got=31 ≥ 30 → split into 10 children
2026-05-23 14:08:58,436 INFO [T24] leaf pattern=00450????? got=20 saved=20
2026-05-23 14:08:58,504 INFO [T16] expand pattern=00439????? got=36 ≥ 30 → split into 10 children
2026-05-23 14:08:58,525 INFO [T18] leaf pattern=00451????? got=21 saved=21
2026-05-23 14:08:58,607 INFO [T19] leaf pattern=00452????? got=12 saved=12
2026-05-23 14:08:58,634 INFO [T30] leaf pattern=00456????? got=0 saved=0
2026-05-23 14:08:58,664 INFO [T17] leaf pattern=00453????? got=10 saved=10
2026-05-23 14:08:58,681 INFO [T9] leaf pattern=00454????? got=8 saved=8
2026-05-23 14:08:58,748 INFO [T20] expand pattern=00438????? got=32 ≥ 30 → split into 10 children
2026-05-23 14:08:58,782 INFO [T15] leaf pattern=00459????? got=20 saved=20
2026-05-23 14:08:58,820 INFO [T14] leaf pattern=00455????? got=8 saved=8
2026-05-23 14:08:58,837 INFO [T13] expand pattern=00440????? got=38 ≥ 30 → split into 10 children
2026-05-23 14:08:58,849 INFO [T5] expand pattern=00441????? got=34 ≥ 30 → split into 10 children
2026-05-23 14:08:58,917 INFO [T3] expand pattern=00443????? got=30 ≥ 30 → split into 10 children
2026-05-23 14:08:58,931 INFO [T25] leaf pattern=00457????? got=15 saved=15
2026-05-23 14:08:58,943 INFO [T8] expand pattern=00442????? got=37 ≥ 30 → split into 10 children
2026-05-23 14:08:59,137 INFO [T27] leaf pattern=00444????? got=22 saved=22
2026-05-23 14:08:59,148 INFO [T6] leaf pattern=00458????? got=24 saved=24
2026-05-23 14:08:59,208 INFO [T12] expand pattern=00447????? got=45 ≥ 30 → split into 10 children
2026-05-23 14:08:59,263 INFO [T23] expand pattern=00446????? got=39 ≥ 30 → split into 10 children
2026-05-23 14:08:59,396 INFO [T4] expand pattern=00449????? got=34 ≥ 30 → split into 10 children
2026-05-23 14:08:59,419 INFO [T2] expand pattern=00445????? got=38 ≥ 30 → split into 10 children
2026-05-23 14:08:59,434 INFO [T22] expand pattern=00460????? got=43 ≥ 30 → split into 10 children
2026-05-23 14:08:59,803 INFO [T10] expand pattern=00461????? got=40 ≥ 30 → split into 10 children
2026-05-23 14:08:59,863 INFO [T21] expand pattern=00462????? got=38 ≥ 30 → split into 10 children
2026-05-23 14:09:00,486 INFO [T26] expand pattern=00463????? got=34 ≥ 30 → split into 10 children
2026-05-23 14:09:00,578 INFO [T29] expand pattern=00448????? got=36 ≥ 30 → split into 10 children
2026-05-23 14:09:02,212 INFO [T28] expand pattern=00464????? got=44 ≥ 30 → split into 10 children
2026-05-23 14:09:02,271 INFO [T1] expand pattern=00465????? got=45 ≥ 30 → split into 10 children
2026-05-23 14:09:02,282 INFO [T7] expand pattern=00466????? got=37 ≥ 30 → split into 10 children
2026-05-23 14:09:02,528 WARNING [T22] ProxyError attempt=1/3 pattern=00489?????: HTTPSConnectionPool(host='vietteltelecom.vn', port=443): Max retries exceeded with url: /api/get/sim (Caused by ProxyErr
2026-05-23 14:09:02,528 INFO [T22] rotate IP 0c7d1754 → 370b5985
2026-05-23 14:09:02,560 INFO [T18] expand pattern=00470????? got=33 ≥ 30 → split into 10 children
2026-05-23 14:09:02,586 INFO [T16] expand pattern=00469????? got=37 ≥ 30 → split into 10 children
2026-05-23 14:09:02,647 INFO [T30] expand pattern=00472????? got=38 ≥ 30 → split into 10 children
2026-05-23 14:09:02,719 INFO [T24] expand pattern=00468????? got=39 ≥ 30 → split into 10 children
2026-05-23 14:09:02,729 INFO [T11] expand pattern=00467????? got=43 ≥ 30 → split into 10 children
2026-05-23 14:09:02,794 INFO [T15] expand pattern=00476????? got=39 ≥ 30 → split into 10 children
2026-05-23 14:09:02,806 INFO [T20] expand pattern=00475????? got=44 ≥ 30 → split into 10 children
2026-05-23 14:09:02,829 INFO [T14] expand pattern=00477????? got=36 ≥ 30 → split into 10 children
2026-05-23 14:09:02,834 INFO [T9] expand pattern=00474????? got=37 ≥ 30 → split into 10 children
2026-05-23 14:09:02,850 INFO [T13] expand pattern=00478????? got=36 ≥ 30 → split into 10 children
2026-05-23 14:09:02,953 INFO [T17] expand pattern=00473????? got=38 ≥ 30 → split into 10 children
2026-05-23 14:09:03,006 INFO [T25] expand pattern=00481????? got=38 ≥ 30 → split into 10 children
2026-05-23 14:09:03,017 INFO [T5] expand pattern=00479????? got=37 ≥ 30 → split into 10 children
2026-05-23 14:09:03,171 INFO [T3] expand pattern=00480????? got=37 ≥ 30 → split into 10 children
2026-05-23 14:09:03,256 INFO [T6] expand pattern=00484????? got=37 ≥ 30 → split into 10 children
2026-05-23 14:09:03,298 INFO [T8] expand pattern=00482????? got=39 ≥ 30 → split into 10 children
2026-05-23 14:09:03,361 INFO [T4] expand pattern=00487????? got=34 ≥ 30 → split into 10 children
2026-05-23 14:09:03,374 INFO [T12] expand pattern=00485????? got=41 ≥ 30 → split into 10 children
2026-05-23 14:09:03,386 INFO [T27] expand pattern=00483????? got=35 ≥ 30 → split into 10 children
2026-05-23 14:09:03,416 INFO [T23] expand pattern=00486????? got=41 ≥ 30 → split into 10 children
2026-05-23 14:09:03,470 INFO [T2] expand pattern=00488????? got=30 ≥ 30 → split into 10 children
2026-05-23 14:09:03,664 INFO [T19] expand pattern=00471????? got=38 ≥ 30 → split into 10 children
2026-05-23 14:09:03,869 INFO [T21] expand pattern=00491????? got=36 ≥ 30 → split into 10 children
2026-05-23 14:09:03,960 INFO [T10] expand pattern=00490????? got=43 ≥ 30 → split into 10 children
2026-05-23 14:09:04,535 INFO [T26] expand pattern=00492????? got=41 ≥ 30 → split into 10 children
2026-05-23 14:09:04,609 INFO [T29] expand pattern=00493????? got=36 ≥ 30 → split into 10 children
2026-05-23 14:09:05,545 INFO [T22] D1N refreshed 11621d0e8ec083a2…
2026-05-23 14:09:06,207 INFO [T28] expand pattern=00494????? got=42 ≥ 30 → split into 10 children
2026-05-23 14:09:06,597 INFO [T16] expand pattern=00498????? got=35 ≥ 30 → split into 10 children
2026-05-23 14:09:06,612 INFO [T30] expand pattern=00499????? got=38 ≥ 30 → split into 10 children
2026-05-23 14:09:06,719 INFO [T15] expand pattern=00822????? got=41 ≥ 30 → split into 10 children
2026-05-23 14:09:06,778 INFO [T11] expand pattern=00821????? got=47 ≥ 30 → split into 10 children
2026-05-23 14:09:06,844 INFO [T14] expand pattern=00824????? got=44 ≥ 30 → split into 10 children
2026-05-23 14:09:06,859 INFO [T20] expand pattern=00823????? got=44 ≥ 30 → split into 10 children
2026-05-23 14:09:06,896 INFO [T9] expand pattern=00825????? got=39 ≥ 30 → split into 10 children
2026-05-23 14:09:06,984 INFO [T17] expand pattern=00827????? got=43 ≥ 30 → split into 10 children
2026-05-23 14:09:06,995 INFO [T25] expand pattern=00828????? got=46 ≥ 30 → split into 10 children
2026-05-23 14:09:07,008 INFO [T5] expand pattern=00829????? got=41 ≥ 30 → split into 10 children
2026-05-23 14:09:07,040 INFO [T24] expand pattern=00820????? got=45 ≥ 30 → split into 10 children
2026-05-23 14:09:07,114 INFO [T13] expand pattern=00826????? got=38 ≥ 30 → split into 10 children
2026-05-23 14:09:07,240 INFO [T3] expand pattern=00830????? got=44 ≥ 30 → split into 10 children
2026-05-23 14:09:07,369 INFO [T4] expand pattern=00834????? got=44 ≥ 30 → split into 10 children
2026-05-23 14:09:07,406 INFO [T8] expand pattern=00832????? got=36 ≥ 30 → split into 10 children
2026-05-23 14:09:07,432 INFO [T1] expand pattern=00495????? got=41 ≥ 30 → split into 10 children
2026-05-23 14:09:07,449 INFO [T7] expand pattern=00496????? got=43 ≥ 30 → split into 10 children
2026-05-23 14:09:07,460 INFO [T27] expand pattern=00833????? got=34 ≥ 30 → split into 10 children
2026-05-23 14:09:07,476 INFO [T23] expand pattern=00836????? got=41 ≥ 30 → split into 10 children
2026-05-23 14:09:07,573 INFO [T2] expand pattern=00837????? got=42 ≥ 30 → split into 10 children
2026-05-23 14:09:07,703 INFO [T6] expand pattern=00831????? got=42 ≥ 30 → split into 10 children
2026-05-23 14:09:07,732 INFO [T12] expand pattern=00835????? got=40 ≥ 30 → split into 10 children
2026-05-23 14:09:07,786 INFO [T18] expand pattern=00497????? got=34 ≥ 30 → split into 10 children
2026-05-23 14:09:07,889 INFO [T19] expand pattern=00838????? got=41 ≥ 30 → split into 10 children
2026-05-23 14:09:07,952 INFO [T10] leaf pattern=00810????? got=8 saved=8
2026-05-23 14:09:08,376 INFO [T21] expand pattern=00839????? got=41 ≥ 30 → split into 10 children
2026-05-23 14:09:08,522 INFO [T26] leaf pattern=00811????? got=9 saved=9
2026-05-23 14:09:08,641 INFO [T29] leaf pattern=00812????? got=14 saved=14
2026-05-23 14:09:10,216 INFO [T28] leaf pattern=00813????? got=13 saved=13
2026-05-23 14:09:10,582 INFO [T30] leaf pattern=00815????? got=14 saved=14
2026-05-23 14:09:10,645 INFO [T16] leaf pattern=00814????? got=19 saved=19
2026-05-23 14:09:10,852 INFO [T22] expand pattern=00489????? got=35 ≥ 30 → split into 10 children
2026-05-23 14:09:10,861 INFO [T9] expand pattern=00840????? got=40 ≥ 30 → split into 10 children
2026-05-23 14:09:10,865 INFO [T11] leaf pattern=00817????? got=17 saved=17
2026-05-23 14:09:10,955 INFO [T15] leaf pattern=00816????? got=14 saved=14
2026-05-23 14:09:10,966 INFO [T20] leaf pattern=00819????? got=13 saved=13
2026-05-23 14:09:11,009 INFO [T5] expand pattern=00841????? got=44 ≥ 30 → split into 10 children
2026-05-23 14:09:11,042 INFO [T25] expand pattern=00843????? got=36 ≥ 30 → split into 10 children
2026-05-23 14:09:11,077 INFO [T24] expand pattern=00844????? got=39 ≥ 30 → split into 10 children
2026-05-23 14:09:11,107 INFO [T17] expand pattern=00842????? got=44 ≥ 30 → split into 10 children
2026-05-23 14:09:11,116 INFO [T14] leaf pattern=00818????? got=5 saved=5
2026-05-23 14:09:11,142 INFO [T13] expand pattern=00845????? got=43 ≥ 30 → split into 10 children
2026-05-23 14:09:11,210 INFO [T3] expand pattern=00846????? got=43 ≥ 30 → split into 10 children
2026-05-23 14:09:11,405 INFO [T1] expand pattern=00849????? got=42 ≥ 30 → split into 10 children
2026-05-23 14:09:11,417 INFO [T4] expand pattern=00847????? got=43 ≥ 30 → split into 10 children
2026-05-23 14:09:11,465 INFO [T27] expand pattern=00871????? got=36 ≥ 30 → split into 10 children
2026-05-23 14:09:11,580 INFO [T23] expand pattern=00872????? got=42 ≥ 30 → split into 10 children
2026-05-23 14:09:11,590 INFO [T8] expand pattern=00848????? got=42 ≥ 30 → split into 10 children
2026-05-23 14:09:11,603 INFO [T2] expand pattern=00873????? got=42 ≥ 30 → split into 10 children
2026-05-23 14:09:11,608 INFO [T7] expand pattern=00870????? got=40 ≥ 30 → split into 10 children
2026-05-23 14:09:11,766 INFO [T12] expand pattern=00875????? got=42 ≥ 30 → split into 10 children
2026-05-23 14:09:11,897 INFO [T18] expand pattern=00876????? got=43 ≥ 30 → split into 10 children
2026-05-23 14:09:11,984 INFO [T19] expand pattern=00877????? got=35 ≥ 30 → split into 10 children
2026-05-23 14:09:12,082 INFO [T6] expand pattern=00874????? got=42 ≥ 30 → split into 10 children
2026-05-23 14:09:12,364 INFO [T10] expand pattern=00878????? got=37 ≥ 30 → split into 10 children
2026-05-23 14:09:12,381 INFO [T21] expand pattern=00879????? got=39 ≥ 30 → split into 10 children
2026-05-23 14:09:12,483 INFO [T26] expand pattern=00860????? got=42 ≥ 30 → split into 10 children
2026-05-23 14:09:13,083 INFO [T29] expand pattern=00861????? got=39 ≥ 30 → split into 10 children
2026-05-23 14:09:14,228 INFO [T28] expand pattern=00862????? got=49 ≥ 30 → split into 10 children
2026-05-23 14:09:14,573 INFO [T30] expand pattern=00863????? got=35 ≥ 30 → split into 10 children
2026-05-23 14:09:14,651 INFO [T16] expand pattern=00864????? got=42 ≥ 30 → split into 10 children
2026-05-23 14:09:14,891 INFO [T11] expand pattern=00867????? got=50 ≥ 30 → split into 10 children
2026-05-23 14:09:14,913 INFO [T22] expand pattern=00865????? got=50 ≥ 30 → split into 10 children
2026-05-23 14:09:14,958 INFO [T15] expand pattern=00868????? got=43 ≥ 30 → split into 10 children
2026-05-23 14:09:15,000 INFO [T9] expand pattern=00866????? got=49 ≥ 30 → split into 10 children
2026-05-23 14:09:15,012 INFO [T5] expand pattern=00890????? got=34 ≥ 30 → split into 10 children
2026-05-23 14:09:15,045 INFO [T24] expand pattern=00892????? got=37 ≥ 30 → split into 10 children
2026-05-23 14:09:15,055 INFO [T20] expand pattern=00869????? got=48 ≥ 30 → split into 10 children
2026-05-23 14:09:15,169 INFO [T17] expand pattern=00893????? got=42 ≥ 30 → split into 10 children
2026-05-23 14:09:15,174 INFO [T14] expand pattern=00894????? got=42 ≥ 30 → split into 10 children
2026-05-23 14:09:15,180 INFO [T25] expand pattern=00891????? got=36 ≥ 30 → split into 10 children
2026-05-23 14:09:15,190 INFO [T13] expand pattern=00895????? got=42 ≥ 30 → split into 10 children
2026-05-23 14:09:15,269 INFO [T3] expand pattern=00896????? got=40 ≥ 30 → split into 10 children
2026-05-23 14:09:15,426 INFO [T4] expand pattern=00898????? got=37 ≥ 30 → split into 10 children
2026-05-23 14:09:15,506 INFO [T1] expand pattern=00897????? got=37 ≥ 30 → split into 10 children
2026-05-23 14:09:15,551 INFO [T7] leaf pattern=00883????? got=28 saved=28
2026-05-23 14:09:15,614 INFO [T23] leaf pattern=00880????? got=26 saved=26
2026-05-23 14:09:15,630 INFO [T8] leaf pattern=00881????? got=28 saved=28
2026-05-23 14:09:15,655 INFO [T27] expand pattern=00899????? got=32 ≥ 30 → split into 10 children
2026-05-23 14:09:15,731 INFO [T2] expand pattern=00882????? got=31 ≥ 30 → split into 10 children
2026-05-23 14:09:15,743 INFO [T12] expand pattern=00884????? got=39 ≥ 30 → split into 10 children
2026-05-23 14:09:16,008 INFO [T18] leaf pattern=00885????? got=29 saved=29
2026-05-23 14:09:16,026 INFO [T19] leaf pattern=00886????? got=28 saved=28
2026-05-23 14:09:16,147 INFO [T6] leaf pattern=00887????? got=26 saved=26
2026-05-23 14:09:16,341 INFO [T10] leaf pattern=00888????? got=0 saved=0
2026-05-23 14:09:16,350 INFO [T21] expand pattern=00889????? got=30 ≥ 30 → split into 10 children
2026-05-23 14:09:17,147 INFO [T29] leaf pattern=00011????? got=23 saved=23
2026-05-23 14:09:17,562 INFO [T26] leaf pattern=00010????? got=29 saved=29
2026-05-23 14:09:18,248 INFO [T28] leaf pattern=00012????? got=26 saved=26
2026-05-23 14:09:18,614 INFO [T30] leaf pattern=00013????? got=27 saved=27
2026-05-23 14:09:18,675 INFO [T16] expand pattern=00014????? got=31 ≥ 30 → split into 10 children
2026-05-23 14:09:18,881 INFO [T11] leaf pattern=00015????? got=25 saved=25
2026-05-23 14:09:19,008 INFO [T24] expand pattern=00850????? got=39 ≥ 30 → split into 10 children
2026-05-23 14:09:19,022 INFO [T15] expand pattern=00017????? got=30 ≥ 30 → split into 10 children
2026-05-23 14:09:19,040 INFO [T5] leaf pattern=00019????? got=27 saved=27
2026-05-23 14:09:19,063 INFO [T9] leaf pattern=00018????? got=27 saved=27
2026-05-23 14:09:19,109 INFO [T14] expand pattern=00852????? got=38 ≥ 30 → split into 10 children
2026-05-23 14:09:19,132 INFO [T20] expand pattern=00851????? got=38 ≥ 30 → split into 10 children
2026-05-23 14:09:19,185 INFO [T25] expand pattern=00853????? got=37 ≥ 30 → split into 10 children
2026-05-23 14:09:19,199 INFO [T13] expand pattern=00855????? got=40 ≥ 30 → split into 10 children
2026-05-23 14:09:19,225 INFO [T17] expand pattern=00854????? got=43 ≥ 30 → split into 10 children
2026-05-23 14:09:19,326 INFO [T3] expand pattern=00856????? got=42 ≥ 30 → split into 10 children
2026-05-23 14:09:19,413 INFO [T22] leaf pattern=00016????? got=28 saved=28
2026-05-23 14:09:19,455 INFO [T4] expand pattern=00857????? got=39 ≥ 30 → split into 10 children
2026-05-23 14:09:19,544 INFO [T1] expand pattern=00858????? got=38 ≥ 30 → split into 10 children
2026-05-23 14:09:19,600 INFO [T7] expand pattern=00859????? got=43 ≥ 30 → split into 10 children
2026-05-23 14:09:19,745 INFO [T12] expand pattern=00004????? got=50 ≥ 30 → split into 10 children
2026-05-23 14:09:19,748 INFO [T8] expand pattern=00001????? got=49 ≥ 30 → split into 10 children
2026-05-23 14:09:19,819 INFO [T23] expand pattern=00000????? got=50 ≥ 30 → split into 10 children
2026-05-23 14:09:19,829 INFO [T27] expand pattern=00002????? got=49 ≥ 30 → split into 10 children
2026-05-23 14:09:19,992 INFO [T2] expand pattern=00003????? got=50 ≥ 30 → split into 10 children
2026-05-23 14:09:20,194 INFO [T18] expand pattern=00005????? got=50 ≥ 30 → split into 10 children
2026-05-23 14:09:20,337 INFO [T6] expand pattern=00007????? got=48 ≥ 30 → split into 10 children
2026-05-23 14:09:20,413 INFO [T10] expand pattern=00008????? got=48 ≥ 30 → split into 10 children
2026-05-23 14:09:20,464 INFO [T19] expand pattern=00006????? got=50 ≥ 30 → split into 10 children
2026-05-23 14:09:20,520 INFO [T21] expand pattern=00009????? got=48 ≥ 30 → split into 10 children
2026-05-23 14:09:21,510 INFO [T26] expand pattern=00031????? got=46 ≥ 30 → split into 10 children
2026-05-23 14:09:21,714 INFO [T29] expand pattern=00030????? got=49 ≥ 30 → split into 10 children
2026-05-23 14:09:22,301 INFO [T28] expand pattern=00032????? got=48 ≥ 30 → split into 10 children
2026-05-23 14:09:22,679 INFO [T30] expand pattern=00033????? got=49 ≥ 30 → split into 10 children
2026-05-23 14:09:22,876 INFO [T16] expand pattern=00034????? got=49 ≥ 30 → split into 10 children
2026-05-23 14:09:22,948 INFO [T11] expand pattern=00035????? got=48 ≥ 30 → split into 10 children
2026-05-23 14:09:23,036 INFO [T24] expand pattern=00036????? got=50 ≥ 30 → split into 10 children
2026-05-23 14:09:23,115 INFO [T14] expand pattern=00020????? got=48 ≥ 30 → split into 10 children
2026-05-23 14:09:23,119 INFO [T5] expand pattern=00038????? got=50 ≥ 30 → split into 10 children
2026-05-23 14:09:23,128 INFO [T9] expand pattern=00039????? got=50 ≥ 30 → split into 10 children
2026-05-23 14:09:23,242 INFO [T13] expand pattern=00023????? got=50 ≥ 30 → split into 10 children
2026-05-23 14:09:23,271 INFO [T20] expand pattern=00021????? got=50 ≥ 30 → split into 10 children
2026-05-23 14:09:23,281 INFO [T25] expand pattern=00022????? got=45 ≥ 30 → split into 10 children
2026-05-23 14:09:23,306 INFO [T15] expand pattern=00037????? got=49 ≥ 30 → split into 10 children
2026-05-23 14:09:23,617 INFO [T7] expand pattern=00029????? got=50 ≥ 30 → split into 10 children
2026-05-23 14:09:23,695 INFO [T4] expand pattern=00027????? got=49 ≥ 30 → split into 10 children
2026-05-23 14:09:23,704 INFO [T3] expand pattern=00025????? got=49 ≥ 30 → split into 10 children
2026-05-23 14:09:23,753 INFO [T1] expand pattern=00028????? got=50 ≥ 30 → split into 10 children
2026-05-23 14:09:23,786 INFO [T17] expand pattern=00024????? got=48 ≥ 30 → split into 10 children
2026-05-23 14:09:23,821 INFO [T27] expand pattern=00043????? got=49 ≥ 30 → split into 10 children
2026-05-23 14:09:23,834 INFO [T8] expand pattern=00041????? got=48 ≥ 30 → split into 10 children
2026-05-23 14:09:23,843 INFO [T22] expand pattern=00026????? got=50 ≥ 30 → split into 10 children
2026-05-23 14:09:23,864 INFO [T12] expand pattern=00040????? got=47 ≥ 30 → split into 10 children
2026-05-23 14:09:24,020 INFO [T23] expand pattern=00042????? got=48 ≥ 30 → split into 10 children
2026-05-23 14:09:24,052 INFO [T2] expand pattern=00044????? got=49 ≥ 30 → split into 10 children
2026-05-23 14:09:24,271 INFO [T18] expand pattern=00045????? got=49 ≥ 30 → split into 10 children
2026-05-23 14:09:24,342 INFO [T6] expand pattern=00046????? got=46 ≥ 30 → split into 10 children
2026-05-23 14:09:24,539 INFO [T19] expand pattern=00048????? got=49 ≥ 30 → split into 10 children
2026-05-23 14:09:24,552 INFO [T21] expand pattern=00049????? got=50 ≥ 30 → split into 10 children
2026-05-23 14:09:24,567 INFO [T10] expand pattern=00047????? got=49 ≥ 30 → split into 10 children
2026-05-23 14:09:25,549 INFO [T26] expand pattern=00050????? got=50 ≥ 30 → split into 10 children
2026-05-23 14:09:25,760 INFO [T29] expand pattern=00051????? got=46 ≥ 30 → split into 10 children
2026-05-23 14:09:26,339 INFO [T28] expand pattern=00052????? got=50 ≥ 30 → split into 10 children
2026-05-23 14:09:27,048 INFO [T30] expand pattern=00053????? got=50 ≥ 30 → split into 10 children
2026-05-23 14:09:27,087 INFO [T11] expand pattern=00055????? got=48 ≥ 30 → split into 10 children
2026-05-23 14:09:27,097 INFO [T16] expand pattern=00054????? got=48 ≥ 30 → split into 10 children
2026-05-23 14:09:27,120 INFO [T5] expand pattern=00057????? got=48 ≥ 30 → split into 10 children
2026-05-23 14:09:27,130 INFO [T14] expand pattern=00059????? got=48 ≥ 30 → split into 10 children
2026-05-23 14:09:27,148 INFO [T9] expand pattern=00058????? got=47 ≥ 30 → split into 10 children
2026-05-23 14:09:27,176 INFO [T24] expand pattern=00056????? got=50 ≥ 30 → split into 10 children
2026-05-23 14:09:27,298 INFO [T13] expand pattern=00070????? got=48 ≥ 30 → split into 10 children
2026-05-23 14:09:27,448 INFO [T15] expand pattern=00073????? got=49 ≥ 30 → split into 10 children
2026-05-23 14:09:27,478 INFO [T25] expand pattern=00072????? got=49 ≥ 30 → split into 10 children
2026-05-23 14:09:27,659 INFO [T7] expand pattern=00074????? got=49 ≥ 30 → split into 10 children
2026-05-23 14:09:27,682 INFO [T4] expand pattern=00075????? got=49 ≥ 30 → split into 10 children
2026-05-23 14:09:27,733 INFO [T20] expand pattern=00071????? got=48 ≥ 30 → split into 10 children
2026-05-23 14:09:27,832 INFO [T17] expand pattern=00078????? got=49 ≥ 30 → split into 10 children
2026-05-23 14:09:27,843 INFO [T27] expand pattern=00079????? got=48 ≥ 30 → split into 10 children
2026-05-23 14:09:27,852 INFO [T1] expand pattern=00077????? got=48 ≥ 30 → split into 10 children
2026-05-23 14:09:27,867 INFO [T8] leaf pattern=00710????? got=18 saved=18
2026-05-23 14:09:27,904 INFO [T22] leaf pattern=00711????? got=14 saved=14
2026-05-23 14:09:28,052 INFO [T12] leaf pattern=00712????? got=19 saved=19
2026-05-23 14:09:28,126 INFO [T3] expand pattern=00076????? got=50 ≥ 30 → split into 10 children
2026-05-23 14:09:28,204 INFO [T2] leaf pattern=00714????? got=29 saved=29
2026-05-23 14:09:28,245 INFO [T23] leaf pattern=00713????? got=16 saved=16
2026-05-23 14:09:28,317 INFO [T18] leaf pattern=00715????? got=15 saved=15
2026-05-23 14:09:28,377 INFO [T6] leaf pattern=00716????? got=16 saved=16
2026-05-23 14:09:28,577 INFO [T19] leaf pattern=00717????? got=15 saved=15
2026-05-23 14:09:28,630 INFO [T21] leaf pattern=00718????? got=16 saved=16
2026-05-23 14:09:29,087 INFO [T10] leaf pattern=00719????? got=15 saved=15
2026-05-23 14:09:29,565 INFO [T26] expand pattern=00060????? got=48 ≥ 30 → split into 10 children
2026-05-23 14:09:29,835 INFO [T29] expand pattern=00061????? got=49 ≥ 30 → split into 10 children
2026-05-23 14:09:30,853 INFO [T28] expand pattern=00062????? got=49 ≥ 30 → split into 10 children
2026-05-23 14:09:31,046 INFO [T30] expand pattern=00063????? got=47 ≥ 30 → split into 10 children
2026-05-23 14:09:31,176 INFO [T14] expand pattern=00067????? got=47 ≥ 30 → split into 10 children
2026-05-23 14:09:31,189 INFO [T16] expand pattern=00064????? got=50 ≥ 30 → split into 10 children
2026-05-23 14:09:31,200 INFO [T11] expand pattern=00065????? got=49 ≥ 30 → split into 10 children
2026-05-23 14:09:31,212 INFO [T5] expand pattern=00066????? got=48 ≥ 30 → split into 10 children
2026-05-23 14:09:31,237 INFO [T9] expand pattern=00068????? got=48 ≥ 30 → split into 10 children
2026-05-23 14:09:31,288 INFO [T13] expand pattern=00090????? got=50 ≥ 30 → split into 10 children
2026-05-23 14:09:31,492 INFO [T15] expand pattern=00091????? got=48 ≥ 30 → split into 10 children
2026-05-23 14:09:31,516 INFO [T24] expand pattern=00069????? got=50 ≥ 30 → split into 10 children
2026-05-23 14:09:31,542 INFO [T25] expand pattern=00092????? got=49 ≥ 30 → split into 10 children
2026-05-23 14:09:31,617 INFO [T7] expand pattern=00093????? got=49 ≥ 30 → split into 10 children
2026-05-23 14:09:31,805 INFO [T4] expand pattern=00094????? got=50 ≥ 30 → split into 10 children
2026-05-23 14:09:31,938 INFO [T8] expand pattern=00099????? got=43 ≥ 30 → split into 10 children
2026-05-23 14:09:31,951 INFO [T20] expand pattern=00095????? got=50 ≥ 30 → split into 10 children
2026-05-23 14:09:31,979 INFO [T22] leaf pattern=00730????? got=28 saved=28
2026-05-23 14:09:32,050 INFO [T27] expand pattern=00097????? got=48 ≥ 30 → split into 10 children
2026-05-23 14:09:32,060 INFO [T1] expand pattern=00098????? got=50 ≥ 30 → split into 10 children
2026-05-23 14:09:32,069 INFO [T17] expand pattern=00096????? got=47 ≥ 30 → split into 10 children
2026-05-23 14:09:32,078 INFO [T12] expand pattern=00731????? got=36 ≥ 30 → split into 10 children
2026-05-23 14:09:32,145 INFO [T3] expand pattern=00732????? got=36 ≥ 30 → split into 10 children
2026-05-23 14:09:32,362 INFO [T2] expand pattern=00733????? got=34 ≥ 30 → split into 10 children
2026-05-23 14:09:32,503 INFO [T23] expand pattern=00734????? got=43 ≥ 30 → split into 10 children
2026-05-23 14:09:32,515 INFO [T18] expand pattern=00735????? got=39 ≥ 30 → split into 10 children
2026-05-23 14:09:32,572 INFO [T6] expand pattern=00736????? got=40 ≥ 30 → split into 10 children
2026-05-23 14:09:32,593 INFO [T19] expand pattern=00737????? got=34 ≥ 30 → split into 10 children
2026-05-23 14:09:32,627 INFO [T21] expand pattern=00738????? got=41 ≥ 30 → split into 10 children
2026-05-23 14:09:33,420 INFO [T10] expand pattern=00739????? got=42 ≥ 30 → split into 10 children
2026-05-23 14:09:33,715 INFO [T26] expand pattern=00720????? got=31 ≥ 30 → split into 10 children
2026-05-23 14:09:33,924 INFO [T29] expand pattern=00721????? got=37 ≥ 30 → split into 10 children
2026-05-23 14:09:34,843 INFO [T28] expand pattern=00722????? got=30 ≥ 30 → split into 10 children
2026-05-23 14:09:35,057 INFO [T30] expand pattern=00723????? got=44 ≥ 30 → split into 10 children
2026-05-23 14:09:35,173 INFO [T16] expand pattern=00724????? got=42 ≥ 30 → split into 10 children
2026-05-23 14:09:35,238 INFO [T5] expand pattern=00727????? got=32 ≥ 30 → split into 10 children
2026-05-23 14:09:35,255 INFO [T14] expand pattern=00725????? got=43 ≥ 30 → split into 10 children
2026-05-23 14:09:35,554 INFO [T11] expand pattern=00726????? got=42 ≥ 30 → split into 10 children
2026-05-23 14:09:35,563 INFO [T15] expand pattern=00740????? got=36 ≥ 30 → split into 10 children
2026-05-23 14:09:35,622 INFO [T7] expand pattern=00743????? got=43 ≥ 30 → split into 10 children
2026-05-23 14:09:35,756 INFO [T25] expand pattern=00742????? got=38 ≥ 30 → split into 10 children
2026-05-23 14:09:35,814 INFO [T4] expand pattern=00744????? got=39 ≥ 30 → split into 10 children
2026-05-23 14:09:35,971 INFO [T24] expand pattern=00741????? got=41 ≥ 30 → split into 10 children
2026-05-23 14:09:36,021 INFO [T22] expand pattern=00747????? got=34 ≥ 30 → split into 10 children
2026-05-23 14:09:36,060 INFO [T27] expand pattern=00748????? got=38 ≥ 30 → split into 10 children
2026-05-23 14:09:36,127 INFO [T17] expand pattern=00080????? got=46 ≥ 30 → split into 10 children
2026-05-23 14:09:36,155 INFO [T1] expand pattern=00081????? got=46 ≥ 30 → split into 10 children
2026-05-23 14:09:36,176 INFO [T9] expand pattern=00728????? got=37 ≥ 30 → split into 10 children
2026-05-23 14:09:36,277 INFO [T13] expand pattern=00729????? got=37 ≥ 30 → split into 10 children
2026-05-23 14:09:36,282 INFO [T8] expand pattern=00745????? got=40 ≥ 30 → split into 10 children
2026-05-23 14:09:36,375 INFO [T3] expand pattern=00082????? got=50 ≥ 30 → split into 10 children
2026-05-23 14:09:36,418 INFO [T2] expand pattern=00083????? got=49 ≥ 30 → split into 10 children
2026-05-23 14:09:36,435 INFO [T12] expand pattern=00749????? got=42 ≥ 30 → split into 10 children
2026-05-23 14:09:36,564 INFO [T23] expand pattern=00084????? got=49 ≥ 30 → split into 10 children
2026-05-23 14:09:36,582 INFO [T6] expand pattern=00086????? got=49 ≥ 30 → split into 10 children
2026-05-23 14:09:36,639 INFO [T18] expand pattern=00085????? got=50 ≥ 30 → split into 10 children
2026-05-23 14:09:36,941 INFO [T19] expand pattern=00087????? got=49 ≥ 30 → split into 10 children
2026-05-23 14:09:36,962 INFO [T21] expand pattern=00088????? got=49 ≥ 30 → split into 10 children
2026-05-23 14:09:37,244 INFO [T20] expand pattern=00746????? got=45 ≥ 30 → split into 10 children
2026-05-23 14:09:37,454 INFO [T10] expand pattern=00089????? got=50 ≥ 30 → split into 10 children
2026-05-23 14:09:37,831 INFO [T26] expand pattern=00750????? got=39 ≥ 30 → split into 10 children
2026-05-23 14:09:37,986 INFO [T29] expand pattern=00751????? got=40 ≥ 30 → split into 10 children
2026-05-23 14:09:38,886 INFO [T28] expand pattern=00752????? got=39 ≥ 30 → split into 10 children
2026-05-23 14:09:39,212 INFO [T30] expand pattern=00753????? got=36 ≥ 30 → split into 10 children
2026-05-23 14:09:39,238 INFO [T16] expand pattern=00754????? got=43 ≥ 30 → split into 10 children
2026-05-23 14:09:39,277 INFO [T5] expand pattern=00755????? got=45 ≥ 30 → split into 10 children
2026-05-23 14:09:39,353 INFO [T14] expand pattern=00756????? got=40 ≥ 30 → split into 10 children
2026-05-23 14:09:39,520 INFO [T11] expand pattern=00758????? got=38 ≥ 30 → split into 10 children
2026-05-23 14:09:39,563 INFO [T7] expand pattern=00759????? got=34 ≥ 30 → split into 10 children
2026-05-23 14:09:39,758 INFO [T15] expand pattern=00757????? got=36 ≥ 30 → split into 10 children
2026-05-23 14:09:39,804 INFO [T25] expand pattern=00760????? got=45 ≥ 30 → split into 10 children
2026-05-23 14:09:39,870 INFO [T4] expand pattern=00761????? got=39 ≥ 30 → split into 10 children
2026-05-23 14:09:39,980 INFO [T24] expand pattern=00762????? got=39 ≥ 30 → split into 10 children
2026-05-23 14:09:40,081 INFO [T27] expand pattern=00764????? got=42 ≥ 30 → split into 10 children
2026-05-23 14:09:40,148 INFO [T22] expand pattern=00763????? got=39 ≥ 30 → split into 10 children
2026-05-23 14:09:40,153 INFO [T1] expand pattern=00766????? got=34 ≥ 30 → split into 10 children
2026-05-23 14:09:40,179 INFO [T9] expand pattern=00767????? got=42 ≥ 30 → split into 10 children
2026-05-23 14:09:40,189 INFO [T17] expand pattern=00765????? got=35 ≥ 30 → split into 10 children
2026-05-23 14:09:40,275 INFO [T13] expand pattern=00768????? got=39 ≥ 30 → split into 10 children
2026-05-23 14:09:40,373 INFO [T8] expand pattern=00769????? got=44 ≥ 30 → split into 10 children
2026-05-23 14:09:40,515 INFO [T12] leaf pattern=00772????? got=27 saved=27
2026-05-23 14:09:40,593 INFO [T23] expand pattern=00773????? got=34 ≥ 30 → split into 10 children
2026-05-23 14:09:40,606 INFO [T6] expand pattern=00774????? got=34 ≥ 30 → split into 10 children
2026-05-23 14:09:40,622 INFO [T2] expand pattern=00771????? got=32 ≥ 30 → split into 10 children
2026-05-23 14:09:40,677 INFO [T3] expand pattern=00770????? got=30 ≥ 30 → split into 10 children
2026-05-23 14:09:40,689 INFO [T18] expand pattern=00775????? got=32 ≥ 30 → split into 10 children
2026-05-23 14:09:41,117 INFO [T19] leaf pattern=00776????? got=29 saved=29
2026-05-23 14:09:41,374 INFO [T20] expand pattern=00778????? got=31 ≥ 30 → split into 10 children
2026-05-23 14:09:41,473 INFO [T10] expand pattern=00779????? got=39 ≥ 30 → split into 10 children
2026-05-23 14:09:41,892 INFO [T26] expand pattern=00780????? got=44 ≥ 30 → split into 10 children
2026-05-23 14:09:42,063 INFO [T29] expand pattern=00781????? got=42 ≥ 30 → split into 10 children
2026-05-23 14:09:42,398 INFO [T21] leaf pattern=00777????? got=1 saved=1
2026-05-23 14:09:42,866 INFO [T28] expand pattern=00782????? got=37 ≥ 30 → split into 10 children
2026-05-23 14:09:43,363 INFO [T14] expand pattern=00786????? got=41 ≥ 30 → split into 10 children
2026-05-23 14:09:43,394 INFO [T5] expand pattern=00785????? got=37 ≥ 30 → split into 10 children
2026-05-23 14:09:43,514 INFO [T16] expand pattern=00784????? got=39 ≥ 30 → split into 10 children
2026-05-23 14:09:43,530 INFO [T11] expand pattern=00787????? got=31 ≥ 30 → split into 10 children
2026-05-23 14:09:43,564 INFO [T7] expand pattern=00788????? got=40 ≥ 30 → split into 10 children
2026-05-23 14:09:43,740 INFO [T15] leaf pattern=00789????? got=29 saved=29
2026-05-23 14:09:43,824 INFO [T4] expand pattern=00791????? got=40 ≥ 30 → split into 10 children
2026-05-23 14:09:43,844 INFO [T25] expand pattern=00790????? got=37 ≥ 30 → split into 10 children
2026-05-23 14:09:43,951 INFO [T24] expand pattern=00792????? got=44 ≥ 30 → split into 10 children
2026-05-23 14:09:44,035 INFO [T27] expand pattern=00793????? got=38 ≥ 30 → split into 10 children
2026-05-23 14:09:44,119 INFO [T1] expand pattern=00794????? got=36 ≥ 30 → split into 10 children
2026-05-23 14:09:44,139 INFO [T30] expand pattern=00783????? got=41 ≥ 30 → split into 10 children
2026-05-23 14:09:44,283 INFO [T17] expand pattern=00797????? got=38 ≥ 30 → split into 10 children
2026-05-23 14:09:44,368 INFO [T9] expand pattern=00796????? got=41 ≥ 30 → split into 10 children
2026-05-23 14:09:44,390 INFO [T8] expand pattern=00799????? got=36 ≥ 30 → split into 10 children
2026-05-23 14:09:44,497 INFO [T13] expand pattern=00798????? got=35 ≥ 30 → split into 10 children
2026-05-23 14:09:44,634 INFO [T22] expand pattern=00795????? got=35 ≥ 30 → split into 10 children
2026-05-23 14:09:44,658 INFO [T6] leaf pattern=00612????? got=6 saved=6
2026-05-23 14:09:44,671 INFO [T18] leaf pattern=00615????? got=10 saved=10
2026-05-23 14:09:44,688 INFO [T2] leaf pattern=00613????? got=12 saved=12
2026-05-23 14:09:44,797 INFO [T12] leaf pattern=00610????? got=11 saved=11
2026-05-23 14:09:44,844 INFO [T3] leaf pattern=00614????? got=14 saved=14
2026-05-23 14:09:44,967 INFO [T23] leaf pattern=00611????? got=6 saved=6
2026-05-23 14:09:45,196 INFO [T19] leaf pattern=00616????? got=11 saved=11
2026-05-23 14:09:45,476 INFO [T10] leaf pattern=00618????? got=14 saved=14
2026-05-23 14:09:45,617 INFO [T20] leaf pattern=00617????? got=14 saved=14
2026-05-23 14:09:45,878 INFO [T26] leaf pattern=00619????? got=14 saved=14
2026-05-23 14:09:46,104 INFO [T29] expand pattern=00620????? got=44 ≥ 30 → split into 10 children
2026-05-23 14:09:46,694 INFO [T21] expand pattern=00621????? got=49 ≥ 30 → split into 10 children
2026-05-23 14:09:47,155 INFO [T28] expand pattern=00622????? got=44 ≥ 30 → split into 10 children
2026-05-23 14:09:47,376 INFO [T14] expand pattern=00623????? got=46 ≥ 30 → split into 10 children
2026-05-23 14:09:47,399 INFO [T5] expand pattern=00624????? got=48 ≥ 30 → split into 10 children
2026-05-23 14:09:47,473 INFO [T16] expand pattern=00625????? got=46 ≥ 30 → split into 10 children
2026-05-23 14:09:47,575 INFO [T11] expand pattern=00626????? got=45 ≥ 30 → split into 10 children
2026-05-23 14:09:47,586 INFO [T7] expand pattern=00627????? got=47 ≥ 30 → split into 10 children
2026-05-23 14:09:47,889 INFO [T25] expand pattern=00650????? got=43 ≥ 30 → split into 10 children
2026-05-23 14:09:47,903 INFO [T24] expand pattern=00651????? got=46 ≥ 30 → split into 10 children
2026-05-23 14:09:48,030 INFO [T27] expand pattern=00652????? got=45 ≥ 30 → split into 10 children
2026-05-23 14:09:48,040 INFO [T15] expand pattern=00628????? got=46 ≥ 30 → split into 10 children
2026-05-23 14:09:48,065 INFO [T1] expand pattern=00653????? got=46 ≥ 30 → split into 10 children
2026-05-23 14:09:48,201 INFO [T30] expand pattern=00654????? got=47 ≥ 30 → split into 10 children
2026-05-23 14:09:48,333 INFO [T17] expand pattern=00655????? got=41 ≥ 30 → split into 10 children
2026-05-23 14:09:48,438 INFO [T8] expand pattern=00657????? got=45 ≥ 30 → split into 10 children
2026-05-23 14:09:48,460 INFO [T9] expand pattern=00656????? got=42 ≥ 30 → split into 10 children
2026-05-23 14:09:48,476 INFO [T13] expand pattern=00658????? got=45 ≥ 30 → split into 10 children
2026-05-23 14:09:48,682 INFO [T22] expand pattern=00659????? got=49 ≥ 30 → split into 10 children
2026-05-23 14:09:48,694 INFO [T2] expand pattern=00682????? got=40 ≥ 30 → split into 10 children
2026-05-23 14:09:48,775 INFO [T18] expand pattern=00681????? got=41 ≥ 30 → split into 10 children
2026-05-23 14:09:48,816 INFO [T4] expand pattern=00629????? got=47 ≥ 30 → split into 10 children
2026-05-23 14:09:48,927 INFO [T3] expand pattern=00684????? got=42 ≥ 30 → split into 10 children
2026-05-23 14:09:49,029 INFO [T6] expand pattern=00680????? got=41 ≥ 30 → split into 10 children
2026-05-23 14:09:49,159 INFO [T23] expand pattern=00685????? got=45 ≥ 30 → split into 10 children
2026-05-23 14:09:49,234 INFO [T19] leaf pattern=00686????? got=26 saved=26
2026-05-23 14:09:49,247 INFO [T12] expand pattern=00683????? got=37 ≥ 30 → split into 10 children
2026-05-23 14:09:49,534 INFO [T10] expand pattern=00687????? got=40 ≥ 30 → split into 10 children
2026-05-23 14:09:49,826 INFO [T26] expand pattern=00689????? got=46 ≥ 30 → split into 10 children
2026-05-23 14:09:50,178 INFO [T29] expand pattern=00630????? got=34 ≥ 30 → split into 10 children
2026-05-23 14:09:50,676 INFO [T20] expand pattern=00688????? got=32 ≥ 30 → split into 10 children
2026-05-23 14:09:51,157 INFO [T28] expand pattern=00632????? got=31 ≥ 30 → split into 10 children
2026-05-23 14:09:51,380 INFO [T21] expand pattern=00631????? got=38 ≥ 30 → split into 10 children
2026-05-23 14:09:51,384 INFO [T5] expand pattern=00634????? got=37 ≥ 30 → split into 10 children
2026-05-23 14:09:51,473 INFO [T14] leaf pattern=00633????? got=28 saved=28
2026-05-23 14:09:51,548 INFO [T7] expand pattern=00637????? got=36 ≥ 30 → split into 10 children
2026-05-23 14:09:51,697 INFO [T16] expand pattern=00635????? got=38 ≥ 30 → split into 10 children
2026-05-23 14:09:51,795 INFO [T11] leaf pattern=00636????? got=27 saved=27
2026-05-23 14:09:51,872 INFO [T25] expand pattern=00638????? got=38 ≥ 30 → split into 10 children
2026-05-23 14:09:51,920 INFO [T24] expand pattern=00639????? got=41 ≥ 30 → split into 10 children
2026-05-23 14:09:52,018 INFO [T15] expand pattern=00671????? got=49 ≥ 30 → split into 10 children
2026-05-23 14:09:52,118 INFO [T1] expand pattern=00672????? got=49 ≥ 30 → split into 10 children
2026-05-23 14:09:52,244 INFO [T27] expand pattern=00670????? got=47 ≥ 30 → split into 10 children
2026-05-23 14:09:52,318 INFO [T30] expand pattern=00673????? got=46 ≥ 30 → split into 10 children
2026-05-23 14:09:52,466 INFO [T9] expand pattern=00676????? got=47 ≥ 30 → split into 10 children
2026-05-23 14:09:52,539 INFO [T13] expand pattern=00677????? got=48 ≥ 30 → split into 10 children
2026-05-23 14:09:52,549 INFO [T17] expand pattern=00674????? got=47 ≥ 30 → split into 10 children
2026-05-23 14:09:52,559 INFO [T8] expand pattern=00675????? got=44 ≥ 30 → split into 10 children
2026-05-23 14:09:52,784 INFO [T4] expand pattern=00641????? got=39 ≥ 30 → split into 10 children
2026-05-23 14:09:52,797 INFO [T2] expand pattern=00679????? got=48 ≥ 30 → split into 10 children
2026-05-23 14:09:52,809 INFO [T18] expand pattern=00640????? got=39 ≥ 30 → split into 10 children
2026-05-23 14:09:52,969 INFO [T3] expand pattern=00642????? got=40 ≥ 30 → split into 10 children
2026-05-23 14:09:53,147 INFO [T6] expand pattern=00643????? got=42 ≥ 30 → split into 10 children
2026-05-23 14:09:53,152 INFO [T22] expand pattern=00678????? got=45 ≥ 30 → split into 10 children
2026-05-23 14:09:53,173 INFO [T23] expand pattern=00644????? got=43 ≥ 30 → split into 10 children
2026-05-23 14:09:53,240 INFO [T12] expand pattern=00646????? got=39 ≥ 30 → split into 10 children
2026-05-23 14:09:53,258 INFO [T19] expand pattern=00645????? got=40 ≥ 30 → split into 10 children
2026-05-23 14:09:53,607 INFO [T10] expand pattern=00647????? got=43 ≥ 30 → split into 10 children
2026-05-23 14:09:54,022 INFO [T26] expand pattern=00648????? got=45 ≥ 30 → split into 10 children
2026-05-23 14:09:54,269 INFO [T29] expand pattern=00649????? got=40 ≥ 30 → split into 10 children
2026-05-23 14:09:55,101 INFO [T28] expand pattern=03261????? got=46 ≥ 30 → split into 10 children
2026-05-23 14:09:55,324 INFO [T21] expand pattern=03262????? got=41 ≥ 30 → split into 10 children
2026-05-23 14:09:55,355 INFO [T5] expand pattern=03263????? got=45 ≥ 30 → split into 10 children
2026-05-23 14:09:55,488 INFO [T7] leaf pattern=03265????? got=26 saved=26
2026-05-23 14:09:55,568 INFO [T14] expand pattern=03264????? got=43 ≥ 30 → split into 10 children
2026-05-23 14:09:55,647 INFO [T16] expand pattern=03266????? got=33 ≥ 30 → split into 10 children
2026-05-23 14:09:55,780 INFO [T11] expand pattern=03267????? got=36 ≥ 30 → split into 10 children
2026-05-23 14:09:55,824 INFO [T25] expand pattern=03268????? got=42 ≥ 30 → split into 10 children
2026-05-23 14:09:55,847 INFO [T20] expand pattern=03260????? got=44 ≥ 30 → split into 10 children
2026-05-23 14:09:56,003 INFO [T24] expand pattern=03269????? got=37 ≥ 30 → split into 10 children
2026-05-23 14:09:56,013 INFO [T15] expand pattern=00690????? got=41 ≥ 30 → split into 10 children
2026-05-23 14:09:56,092 INFO [T1] expand pattern=00691????? got=49 ≥ 30 → split into 10 children
2026-05-23 14:09:56,267 INFO [T27] expand pattern=00692????? got=45 ≥ 30 → split into 10 children
2026-05-23 14:09:56,318 INFO [T30] expand pattern=00693????? got=46 ≥ 30 → split into 10 children
2026-05-23 14:09:56,518 INFO [T13] expand pattern=00696????? got=40 ≥ 30 → split into 10 children
2026-05-23 14:09:56,534 INFO [T8] expand pattern=00697????? got=48 ≥ 30 → split into 10 children
2026-05-23 14:09:56,637 INFO [T17] expand pattern=00695????? got=45 ≥ 30 → split into 10 children
2026-05-23 14:09:56,703 INFO [T9] expand pattern=00694????? got=48 ≥ 30 → split into 10 children
2026-05-23 14:09:56,783 INFO [T18] expand pattern=03280????? got=33 ≥ 30 → split into 10 children
2026-05-23 14:09:56,905 INFO [T2] expand pattern=00699????? got=48 ≥ 30 → split into 10 children
2026-05-23 14:09:57,133 INFO [T22] expand pattern=03283????? got=31 ≥ 30 → split into 10 children
2026-05-23 14:09:57,143 INFO [T3] expand pattern=03281????? got=31 ≥ 30 → split into 10 children
2026-05-23 14:09:57,205 INFO [T6] leaf pattern=03282????? got=25 saved=25
2026-05-23 14:09:57,219 INFO [T19] expand pattern=03286????? got=31 ≥ 30 → split into 10 children
2026-05-23 14:09:57,224 INFO [T12] expand pattern=03285????? got=34 ≥ 30 → split into 10 children
2026-05-23 14:09:57,518 INFO [T10] expand pattern=03287????? got=38 ≥ 30 → split into 10 children
2026-05-23 14:09:57,819 INFO [T4] expand pattern=00698????? got=46 ≥ 30 → split into 10 children
2026-05-23 14:09:57,946 INFO [T26] expand pattern=03288????? got=31 ≥ 30 → split into 10 children
2026-05-23 14:09:58,229 INFO [T23] expand pattern=03284????? got=40 ≥ 30 → split into 10 children
2026-05-23 14:09:58,241 INFO [T29] expand pattern=03289????? got=37 ≥ 30 → split into 10 children
2026-05-23 14:09:59,064 INFO [T28] leaf pattern=03290????? got=27 saved=27
2026-05-23 14:09:59,276 INFO [T21] expand pattern=03291????? got=35 ≥ 30 → split into 10 children
2026-05-23 14:09:59,443 INFO [T7] expand pattern=03293????? got=37 ≥ 30 → split into 10 children
2026-05-23 14:09:59,505 INFO [T14] expand pattern=03294????? got=38 ≥ 30 → split into 10 children
2026-05-23 14:09:59,595 INFO [T16] expand pattern=03295????? got=42 ≥ 30 → split into 10 children
2026-05-23 14:09:59,715 INFO [T11] expand pattern=03296????? got=41 ≥ 30 → split into 10 children
2026-05-23 14:09:59,855 INFO [T24] expand pattern=03299????? got=36 ≥ 30 → split into 10 children
2026-05-23 14:09:59,865 INFO [T5] expand pattern=03292????? got=39 ≥ 30 → split into 10 children
2026-05-23 14:09:59,901 INFO [T15] expand pattern=03270????? got=35 ≥ 30 → split into 10 children
2026-05-23 14:09:59,942 INFO [T25] expand pattern=03297????? got=36 ≥ 30 → split into 10 children
2026-05-23 14:10:00,010 INFO [T1] expand pattern=03271????? got=32 ≥ 30 → split into 10 children
2026-05-23 14:10:00,235 INFO [T30] expand pattern=03273????? got=38 ≥ 30 → split into 10 children
2026-05-23 14:10:00,256 INFO [T27] expand pattern=03272????? got=33 ≥ 30 → split into 10 children
2026-05-23 14:10:00,374 INFO [T20] expand pattern=03298????? got=42 ≥ 30 → split into 10 children
2026-05-23 14:10:00,424 INFO [T13] expand pattern=03274????? got=40 ≥ 30 → split into 10 children
2026-05-23 14:10:00,488 INFO [T8] expand pattern=03275????? got=36 ≥ 30 → split into 10 children
2026-05-23 14:10:00,622 INFO [T17] expand pattern=03276????? got=34 ≥ 30 → split into 10 children
2026-05-23 14:10:00,643 INFO [T9] expand pattern=03277????? got=31 ≥ 30 → split into 10 children
2026-05-23 14:10:00,839 INFO [T2] expand pattern=03279????? got=34 ≥ 30 → split into 10 children
2026-05-23 14:10:00,855 INFO [T18] expand pattern=03278????? got=33 ≥ 30 → split into 10 children
2026-05-23 14:10:01,014 INFO [T6] expand pattern=03421????? got=39 ≥ 30 → split into 10 children
2026-05-23 14:10:01,117 INFO [T12] expand pattern=03424????? got=30 ≥ 30 → split into 10 children
2026-05-23 14:10:01,127 INFO [T19] expand pattern=03423????? got=41 ≥ 30 → split into 10 children
2026-05-23 14:10:01,146 INFO [T3] expand pattern=03422????? got=31 ≥ 30 → split into 10 children
2026-05-23 14:10:01,155 INFO [T22] expand pattern=03420????? got=36 ≥ 30 → split into 10 children
2026-05-23 14:10:01,555 INFO [T10] leaf pattern=03425????? got=28 saved=28
2026-05-23 14:10:01,779 INFO [T4] expand pattern=03426????? got=37 ≥ 30 → split into 10 children
2026-05-23 14:10:01,849 INFO [T26] expand pattern=03427????? got=45 ≥ 30 → split into 10 children
2026-05-23 14:10:02,193 INFO [T23] expand pattern=03429????? got=40 ≥ 30 → split into 10 children
2026-05-23 14:10:02,234 INFO [T29] expand pattern=03428????? got=32 ≥ 30 → split into 10 children
2026-05-23 14:10:03,518 INFO [T28] expand pattern=00660????? got=41 ≥ 30 → split into 10 children
2026-05-23 14:10:03,530 INFO [T21] expand pattern=00661????? got=43 ≥ 30 → split into 10 children
2026-05-23 14:10:03,539 INFO [T7] expand pattern=00662????? got=42 ≥ 30 → split into 10 children
2026-05-23 14:10:03,683 INFO [T11] expand pattern=00665????? got=44 ≥ 30 → split into 10 children
2026-05-23 14:10:03,773 INFO [T16] expand pattern=00664????? got=45 ≥ 30 → split into 10 children
2026-05-23 14:10:03,828 INFO [T14] expand pattern=00663????? got=39 ≥ 30 → split into 10 children
2026-05-23 14:10:03,877 INFO [T15] expand pattern=00668????? got=34 ≥ 30 → split into 10 children
2026-05-23 14:10:03,945 INFO [T5] expand pattern=00667????? got=42 ≥ 30 → split into 10 children
2026-05-23 14:10:04,010 INFO [T25] expand pattern=00669????? got=39 ≥ 30 → split into 10 children
2026-05-23 14:10:04,022 INFO [T1] expand pattern=03440????? got=34 ≥ 30 → split into 10 children
2026-05-23 14:10:04,027 INFO [T24] leaf pattern=00666????? got=6 saved=6
2026-05-23 14:10:04,171 INFO [T30] expand pattern=03441????? got=32 ≥ 30 → split into 10 children
2026-05-23 14:10:04,183 INFO [T27] expand pattern=03442????? got=38 ≥ 30 → split into 10 children
2026-05-23 14:10:04,386 INFO [T20] expand pattern=03443????? got=37 ≥ 30 → split into 10 children
2026-05-23 14:10:04,441 INFO [T8] expand pattern=03445????? got=35 ≥ 30 → split into 10 children
2026-05-23 14:10:04,589 INFO [T13] leaf pattern=03444????? got=22 saved=22
2026-05-23 14:10:04,600 INFO [T17] expand pattern=03446????? got=41 ≥ 30 → split into 10 children
2026-05-23 14:10:04,617 INFO [T9] expand pattern=03447????? got=40 ≥ 30 → split into 10 children
2026-05-23 14:10:04,816 INFO [T18] expand pattern=03449????? got=35 ≥ 30 → split into 10 children
2026-05-23 14:10:04,870 INFO [T2] expand pattern=03448????? got=35 ≥ 30 → split into 10 children
2026-05-23 14:10:05,001 INFO [T6] expand pattern=03430????? got=36 ≥ 30 → split into 10 children
2026-05-23 14:10:05,087 INFO [T12] expand pattern=03431????? got=31 ≥ 30 → split into 10 children
2026-05-23 14:10:05,098 INFO [T19] expand pattern=03432????? got=31 ≥ 30 → split into 10 children
2026-05-23 14:10:05,156 INFO [T3] expand pattern=03433????? got=31 ≥ 30 → split into 10 children
2026-05-23 14:10:05,395 INFO [T22] leaf pattern=03434????? got=29 saved=29
2026-05-23 14:10:05,505 INFO [T10] expand pattern=03435????? got=36 ≥ 30 → split into 10 children
2026-05-23 14:10:05,671 INFO [T4] expand pattern=03436????? got=37 ≥ 30 → split into 10 children
2026-05-23 14:10:05,742 INFO [T26] expand pattern=03437????? got=38 ≥ 30 → split into 10 children
2026-05-23 14:10:06,381 INFO [T23] expand pattern=03438????? got=33 ≥ 30 → split into 10 children
2026-05-23 14:10:07,202 INFO [T29] expand pattern=03439????? got=33 ≥ 30 → split into 10 children
2026-05-23 14:10:07,393 INFO [T28] leaf pattern=03450????? got=20 saved=20
2026-05-23 14:10:07,454 INFO [T7] leaf pattern=03452????? got=12 saved=12
2026-05-23 14:10:07,462 INFO [T21] leaf pattern=03451????? got=23 saved=23
2026-05-23 14:10:07,607 INFO [T11] leaf pattern=03453????? got=10 saved=10
2026-05-23 14:10:07,692 INFO [T16] leaf pattern=03454????? got=8 saved=8
2026-05-23 14:10:07,779 INFO [T14] leaf pattern=03455????? got=8 saved=8
2026-05-23 14:10:07,868 INFO [T1] leaf pattern=03459????? got=20 saved=20
2026-05-23 14:10:07,873 INFO [T5] leaf pattern=03457????? got=15 saved=15
2026-05-23 14:10:07,925 INFO [T24] expand pattern=03460????? got=39 ≥ 30 → split into 10 children
2026-05-23 14:10:07,942 INFO [T25] leaf pattern=03458????? got=22 saved=22
2026-05-23 14:10:08,280 INFO [T15] leaf pattern=03456????? got=0 saved=0
2026-05-23 14:10:08,294 INFO [T30] expand pattern=03461????? got=41 ≥ 30 → split into 10 children
2026-05-23 14:10:08,320 INFO [T20] expand pattern=03463????? got=36 ≥ 30 → split into 10 children
2026-05-23 14:10:08,332 INFO [T27] expand pattern=03462????? got=36 ≥ 30 → split into 10 children
2026-05-23 14:10:08,395 INFO [T8] expand pattern=03464????? got=45 ≥ 30 → split into 10 children
2026-05-23 14:10:08,519 INFO [T13] expand pattern=03465????? got=40 ≥ 30 → split into 10 children
2026-05-23 14:10:08,584 INFO [T17] expand pattern=03466????? got=39 ≥ 30 → split into 10 children
2026-05-23 14:10:08,617 INFO [T9] expand pattern=03467????? got=38 ≥ 30 → split into 10 children
2026-05-23 14:10:08,950 INFO [T18] expand pattern=03468????? got=35 ≥ 30 → split into 10 children
2026-05-23 14:10:08,968 INFO [T12] expand pattern=03472????? got=34 ≥ 30 → split into 10 children
2026-05-23 14:10:09,070 INFO [T19] expand pattern=03471????? got=39 ≥ 30 → split into 10 children
2026-05-23 14:10:09,203 INFO [T2] expand pattern=03469????? got=40 ≥ 30 → split into 10 children
2026-05-23 14:10:09,330 INFO [T22] expand pattern=03474????? got=41 ≥ 30 → split into 10 children
2026-05-23 14:10:09,389 INFO [T3] expand pattern=03473????? got=42 ≥ 30 → split into 10 children
2026-05-23 14:10:09,457 INFO [T10] expand pattern=03475????? got=40 ≥ 30 → split into 10 children
2026-05-23 14:10:09,660 INFO [T26] expand pattern=03477????? got=37 ≥ 30 → split into 10 children
2026-05-23 14:10:09,721 INFO [T4] expand pattern=03476????? got=42 ≥ 30 → split into 10 children
2026-05-23 14:10:09,818 INFO [T6] expand pattern=03470????? got=41 ≥ 30 → split into 10 children
2026-05-23 14:10:10,436 INFO [T23] expand pattern=03478????? got=39 ≥ 30 → split into 10 children
2026-05-23 14:10:11,204 INFO [T29] expand pattern=03479????? got=36 ≥ 30 → split into 10 children
2026-05-23 14:10:11,311 INFO [T28] expand pattern=03490????? got=42 ≥ 30 → split into 10 children
2026-05-23 14:10:11,324 INFO [T7] expand pattern=03491????? got=34 ≥ 30 → split into 10 children
2026-05-23 14:10:11,393 INFO [T21] expand pattern=03492????? got=36 ≥ 30 → split into 10 children
2026-05-23 14:10:11,619 INFO [T11] expand pattern=03493????? got=35 ≥ 30 → split into 10 children
2026-05-23 14:10:11,648 INFO [T16] expand pattern=03494????? got=42 ≥ 30 → split into 10 children
2026-05-23 14:10:11,720 INFO [T14] expand pattern=03495????? got=38 ≥ 30 → split into 10 children
2026-05-23 14:10:11,769 INFO [T1] expand pattern=03496????? got=44 ≥ 30 → split into 10 children
2026-05-23 14:10:11,847 INFO [T5] expand pattern=03497????? got=34 ≥ 30 → split into 10 children
2026-05-23 14:10:11,918 INFO [T25] expand pattern=03499????? got=34 ≥ 30 → split into 10 children
2026-05-23 14:10:11,923 INFO [T24] expand pattern=03498????? got=37 ≥ 30 → split into 10 children
2026-05-23 14:10:12,198 INFO [T15] expand pattern=03480????? got=31 ≥ 30 → split into 10 children
2026-05-23 14:10:12,209 INFO [T30] expand pattern=03481????? got=36 ≥ 30 → split into 10 children
2026-05-23 14:10:12,367 INFO [T20] expand pattern=03482????? got=35 ≥ 30 → split into 10 children
2026-05-23 14:10:12,453 INFO [T8] expand pattern=03484????? got=38 ≥ 30 → split into 10 children
2026-05-23 14:10:12,513 INFO [T17] expand pattern=03486????? got=42 ≥ 30 → split into 10 children
2026-05-23 14:10:12,530 INFO [T27] expand pattern=03483????? got=39 ≥ 30 → split into 10 children
2026-05-23 14:10:12,625 INFO [T9] expand pattern=03487????? got=36 ≥ 30 → split into 10 children
2026-05-23 14:10:12,787 INFO [T13] expand pattern=03485????? got=42 ≥ 30 → split into 10 children
2026-05-23 14:10:12,846 INFO [T12] expand pattern=03489????? got=35 ≥ 30 → split into 10 children
2026-05-23 14:10:12,926 INFO [T18] expand pattern=03488????? got=30 ≥ 30 → split into 10 children
2026-05-23 14:10:13,085 INFO [T19] expand pattern=03520????? got=32 ≥ 30 → split into 10 children
2026-05-23 14:10:13,379 INFO [T3] expand pattern=03523????? got=33 ≥ 30 → split into 10 children
2026-05-23 14:10:13,403 INFO [T10] expand pattern=03524????? got=37 ≥ 30 → split into 10 children
2026-05-23 14:10:13,591 INFO [T4] expand pattern=03526????? got=35 ≥ 30 → split into 10 children
2026-05-23 14:10:13,709 INFO [T2] expand pattern=03521????? got=37 ≥ 30 → split into 10 children
2026-05-23 14:10:13,774 INFO [T22] expand pattern=03522????? got=31 ≥ 30 → split into 10 children
2026-05-23 14:10:13,891 INFO [T26] expand pattern=03525????? got=33 ≥ 30 → split into 10 children
2026-05-23 14:10:14,366 INFO [T23] expand pattern=03528????? got=38 ≥ 30 → split into 10 children
2026-05-23 14:10:14,533 INFO [T6] expand pattern=03527????? got=37 ≥ 30 → split into 10 children
2026-05-23 14:10:15,188 INFO [T29] expand pattern=03529????? got=40 ≥ 30 → split into 10 children
2026-05-23 14:10:15,224 INFO [T28] expand pattern=03541????? got=36 ≥ 30 → split into 10 children
2026-05-23 14:10:15,248 INFO [T7] expand pattern=03540????? got=37 ≥ 30 → split into 10 children
2026-05-23 14:10:15,337 INFO [T21] expand pattern=03542????? got=38 ≥ 30 → split into 10 children
2026-05-23 14:10:15,507 INFO [T11] expand pattern=03543????? got=35 ≥ 30 → split into 10 children
2026-05-23 14:10:15,656 INFO [T14] expand pattern=03545????? got=38 ≥ 30 → split into 10 children
2026-05-23 14:10:15,671 INFO [T16] expand pattern=03544????? got=41 ≥ 30 → split into 10 children
2026-05-23 14:10:15,712 INFO [T1] expand pattern=03546????? got=36 ≥ 30 → split into 10 children
2026-05-23 14:10:15,767 INFO [T5] expand pattern=03547????? got=42 ≥ 30 → split into 10 children
2026-05-23 14:10:15,813 INFO [T24] expand pattern=03549????? got=40 ≥ 30 → split into 10 children
2026-05-23 14:10:15,910 INFO [T25] expand pattern=03548????? got=35 ≥ 30 → split into 10 children
2026-05-23 14:10:16,083 INFO [T15] leaf pattern=03550????? got=25 saved=25
2026-05-23 14:10:16,102 INFO [T30] leaf pattern=03551????? got=19 saved=19
2026-05-23 14:10:16,412 INFO [T8] expand pattern=03553????? got=30 ≥ 30 → split into 10 children
2026-05-23 14:10:16,485 INFO [T17] expand pattern=03554????? got=40 ≥ 30 → split into 10 children
2026-05-23 14:10:16,544 INFO [T9] expand pattern=03556????? got=32 ≥ 30 → split into 10 children
2026-05-23 14:10:16,557 INFO [T27] leaf pattern=03555????? got=6 saved=6
2026-05-23 14:10:16,701 INFO [T13] expand pattern=03557????? got=33 ≥ 30 → split into 10 children
2026-05-23 14:10:16,786 INFO [T12] expand pattern=03558????? got=33 ≥ 30 → split into 10 children
2026-05-23 14:10:16,994 INFO [T19] expand pattern=03570????? got=37 ≥ 30 → split into 10 children
2026-05-23 14:10:17,122 INFO [T18] expand pattern=03559????? got=35 ≥ 30 → split into 10 children
2026-05-23 14:10:17,297 INFO [T20] expand pattern=03552????? got=30 ≥ 30 → split into 10 children
2026-05-23 14:10:17,332 INFO [T10] expand pattern=03572????? got=39 ≥ 30 → split into 10 children
2026-05-23 14:10:17,343 INFO [T3] expand pattern=03571????? got=36 ≥ 30 → split into 10 children
2026-05-23 14:10:17,482 INFO [T4] expand pattern=03573????? got=33 ≥ 30 → split into 10 children
2026-05-23 14:10:17,816 INFO [T26] expand pattern=03576????? got=37 ≥ 30 → split into 10 children
2026-05-23 14:10:17,821 INFO [T22] expand pattern=03575????? got=32 ≥ 30 → split into 10 children
2026-05-23 14:10:18,288 INFO [T23] expand pattern=03577????? got=32 ≥ 30 → split into 10 children
2026-05-23 14:10:18,430 INFO [T6] expand pattern=03578????? got=37 ≥ 30 → split into 10 children
2026-05-23 14:10:18,722 INFO [T2] expand pattern=03574????? got=41 ≥ 30 → split into 10 children
2026-05-23 14:10:19,154 INFO [T29] expand pattern=03579????? got=32 ≥ 30 → split into 10 children
2026-05-23 14:10:19,277 INFO [T28] expand pattern=03580????? got=40 ≥ 30 → split into 10 children
2026-05-23 14:10:19,321 INFO [T21] expand pattern=03582????? got=35 ≥ 30 → split into 10 children
2026-05-23 14:10:19,441 INFO [T11] expand pattern=03583????? got=34 ≥ 30 → split into 10 children
2026-05-23 14:10:19,482 INFO [T7] expand pattern=03581????? got=38 ≥ 30 → split into 10 children
2026-05-23 14:10:19,600 INFO [T14] expand pattern=03584????? got=38 ≥ 30 → split into 10 children
2026-05-23 14:10:19,632 INFO [T1] expand pattern=03586????? got=33 ≥ 30 → split into 10 children
2026-05-23 14:10:19,723 INFO [T5] expand pattern=03587????? got=38 ≥ 30 → split into 10 children
2026-05-23 14:10:19,735 INFO [T24] expand pattern=03588????? got=30 ≥ 30 → split into 10 children
2026-05-23 14:10:19,804 INFO [T16] expand pattern=03585????? got=38 ≥ 30 → split into 10 children
2026-05-23 14:10:19,922 INFO [T25] expand pattern=03589????? got=38 ≥ 30 → split into 10 children
2026-05-23 14:10:19,957 INFO [T15] expand pattern=03560????? got=37 ≥ 30 → split into 10 children
2026-05-23 14:10:20,023 INFO [T30] expand pattern=03561????? got=38 ≥ 30 → split into 10 children
2026-05-23 14:10:20,380 INFO [T8] expand pattern=03562????? got=32 ≥ 30 → split into 10 children
2026-05-23 14:10:20,408 INFO [T27] expand pattern=03565????? got=41 ≥ 30 → split into 10 children
2026-05-23 14:10:20,477 INFO [T17] expand pattern=03563????? got=33 ≥ 30 → split into 10 children
2026-05-23 14:10:20,501 INFO [T9] expand pattern=03564????? got=39 ≥ 30 → split into 10 children
2026-05-23 14:10:20,700 INFO [T13] expand pattern=03566????? got=37 ≥ 30 → split into 10 children
2026-05-23 14:10:20,807 INFO [T12] expand pattern=03567????? got=42 ≥ 30 → split into 10 children
2026-05-23 14:10:20,985 INFO [T19] expand pattern=03568????? got=36 ≥ 30 → split into 10 children
2026-05-23 14:10:21,069 INFO [T18] expand pattern=03569????? got=36 ≥ 30 → split into 10 children
2026-05-23 14:10:21,293 INFO [T10] expand pattern=03591????? got=39 ≥ 30 → split into 10 children
2026-05-23 14:10:21,325 INFO [T3] expand pattern=03592????? got=43 ≥ 30 → split into 10 children
2026-05-23 14:10:21,393 INFO [T4] expand pattern=03593????? got=34 ≥ 30 → split into 10 children
2026-05-23 14:10:21,408 INFO [T20] expand pattern=03590????? got=36 ≥ 30 → split into 10 children
2026-05-23 14:10:21,717 INFO [T26] expand pattern=03594????? got=37 ≥ 30 → split into 10 children
2026-05-23 14:10:21,771 INFO [T22] expand pattern=03595????? got=41 ≥ 30 → split into 10 children
2026-05-23 14:10:22,180 INFO [T23] expand pattern=03596????? got=38 ≥ 30 → split into 10 children
2026-05-23 14:10:22,609 INFO [T6] expand pattern=03597????? got=32 ≥ 30 → split into 10 children
2026-05-23 14:10:22,673 INFO [T2] expand pattern=03598????? got=43 ≥ 30 → split into 10 children
2026-05-23 14:10:23,124 INFO [T29] leaf pattern=03599????? got=28 saved=28
2026-05-23 14:10:23,189 INFO [T28] expand pattern=03320????? got=33 ≥ 30 → split into 10 children
2026-05-23 14:10:23,313 INFO [T21] expand pattern=03321????? got=33 ≥ 30 → split into 10 children
2026-05-23 14:10:23,388 INFO [T7] expand pattern=03323????? got=31 ≥ 30 → split into 10 children
2026-05-23 14:10:23,458 INFO [T11] leaf pattern=03322????? got=19 saved=19
2026-05-23 14:10:23,537 INFO [T1] expand pattern=03325????? got=37 ≥ 30 → split into 10 children
2026-05-23 14:10:23,555 INFO [T14] expand pattern=03324????? got=36 ≥ 30 → split into 10 children
2026-05-23 14:10:23,732 INFO [T5] expand pattern=03326????? got=31 ≥ 30 → split into 10 children
2026-05-23 14:10:23,758 INFO [T24] expand pattern=03327????? got=32 ≥ 30 → split into 10 children
2026-05-23 14:10:23,769 INFO [T16] expand pattern=03328????? got=32 ≥ 30 → split into 10 children
2026-05-23 14:10:23,885 INFO [T25] expand pattern=03329????? got=33 ≥ 30 → split into 10 children
2026-05-23 14:10:24,000 INFO [T30] expand pattern=03341????? got=38 ≥ 30 → split into 10 children
2026-05-23 14:10:24,343 INFO [T8] expand pattern=03342????? got=35 ≥ 30 → split into 10 children
2026-05-23 14:10:24,358 INFO [T27] expand pattern=03343????? got=36 ≥ 30 → split into 10 children
2026-05-23 14:10:24,510 INFO [T9] expand pattern=03345????? got=34 ≥ 30 → split into 10 children
2026-05-23 14:10:24,525 INFO [T17] leaf pattern=03344????? got=27 saved=27
2026-05-23 14:10:24,641 INFO [T13] expand pattern=03346????? got=32 ≥ 30 → split into 10 children
2026-05-23 14:10:24,703 INFO [T12] expand pattern=03347????? got=39 ≥ 30 → split into 10 children
2026-05-23 14:10:24,981 INFO [T15] expand pattern=03340????? got=32 ≥ 30 → split into 10 children
2026-05-23 14:10:25,037 INFO [T18] expand pattern=03349????? got=30 ≥ 30 → split into 10 children
2026-05-23 14:10:25,133 INFO [T19] expand pattern=03348????? got=32 ≥ 30 → split into 10 children
2026-05-23 14:10:25,203 INFO [T10] expand pattern=03360????? got=40 ≥ 30 → split into 10 children
2026-05-23 14:10:25,348 INFO [T4] expand pattern=03362????? got=37 ≥ 30 → split into 10 children
2026-05-23 14:10:25,419 INFO [T3] leaf pattern=03361????? got=27 saved=27
2026-05-23 14:10:25,616 INFO [T26] leaf pattern=03364????? got=24 saved=24
2026-05-23 14:10:25,704 INFO [T20] leaf pattern=03363????? got=26 saved=26
2026-05-23 14:10:26,009 INFO [T22] expand pattern=03365????? got=32 ≥ 30 → split into 10 children
2026-05-23 14:10:26,074 INFO [T23] leaf pattern=03366????? got=9 saved=9
2026-05-23 14:10:26,550 INFO [T6] expand pattern=03367????? got=34 ≥ 30 → split into 10 children
2026-05-23 14:10:26,679 INFO [T2] expand pattern=03368????? got=31 ≥ 30 → split into 10 children
2026-05-23 14:10:27,091 INFO [T28] expand pattern=03350????? got=36 ≥ 30 → split into 10 children
2026-05-23 14:10:27,102 INFO [T29] expand pattern=03369????? got=36 ≥ 30 → split into 10 children
2026-05-23 14:10:27,223 INFO [T21] leaf pattern=03351????? got=25 saved=25
2026-05-23 14:10:27,387 INFO [T11] expand pattern=03353????? got=32 ≥ 30 → split into 10 children
2026-05-23 14:10:27,436 INFO [T1] expand pattern=03354????? got=35 ≥ 30 → split into 10 children
2026-05-23 14:10:27,457 INFO [T14] leaf pattern=03355????? got=27 saved=27
2026-05-23 14:10:27,621 INFO [T7] leaf pattern=03352????? got=27 saved=27
2026-05-23 14:10:27,661 INFO [T16] leaf pattern=03358????? got=29 saved=29
2026-05-23 14:10:27,880 INFO [T25] expand pattern=03359????? got=34 ≥ 30 → split into 10 children
2026-05-23 14:10:27,905 INFO [T30] expand pattern=03390????? got=35 ≥ 30 → split into 10 children
2026-05-23 14:10:28,081 INFO [T5] leaf pattern=03356????? got=25 saved=25
2026-05-23 14:10:28,261 INFO [T27] leaf pattern=03392????? got=29 saved=29
2026-05-23 14:10:28,314 INFO [T8] expand pattern=03391????? got=33 ≥ 30 → split into 10 children
2026-05-23 14:10:28,565 INFO [T9] leaf pattern=03393????? got=28 saved=28
2026-05-23 14:10:28,576 INFO [T17] expand pattern=03394????? got=36 ≥ 30 → split into 10 children
2026-05-23 14:10:28,587 INFO [T13] expand pattern=03395????? got=36 ≥ 30 → split into 10 children
2026-05-23 14:10:28,609 INFO [T12] expand pattern=03396????? got=38 ≥ 30 → split into 10 children
2026-05-23 14:10:28,691 INFO [T24] expand pattern=03357????? got=32 ≥ 30 → split into 10 children
2026-05-23 14:10:28,868 INFO [T15] expand pattern=03397????? got=33 ≥ 30 → split into 10 children
2026-05-23 14:10:29,123 INFO [T19] leaf pattern=03399????? got=13 saved=13
2026-05-23 14:10:29,169 INFO [T10] leaf pattern=03380????? got=29 saved=29
2026-05-23 14:10:29,230 INFO [T4] expand pattern=03381????? got=36 ≥ 30 → split into 10 children
2026-05-23 14:10:29,407 INFO [T18] leaf pattern=03398????? got=27 saved=27
2026-05-23 14:10:29,534 INFO [T26] leaf pattern=03383????? got=29 saved=29
2026-05-23 14:10:29,730 INFO [T3] expand pattern=03382????? got=35 ≥ 30 → split into 10 children
2026-05-23 14:10:29,959 INFO [T22] expand pattern=03385????? got=37 ≥ 30 → split into 10 children
2026-05-23 14:10:30,565 INFO [T20] expand pattern=03384????? got=35 ≥ 30 → split into 10 children
2026-05-23 14:10:30,990 INFO [T28] expand pattern=03389????? got=36 ≥ 30 → split into 10 children
2026-05-23 14:10:31,066 INFO [T29] expand pattern=03370????? got=36 ≥ 30 → split into 10 children
2026-05-23 14:10:31,145 INFO [T21] leaf pattern=03371????? got=28 saved=28
2026-05-23 14:10:31,216 INFO [T23] expand pattern=03386????? got=30 ≥ 30 → split into 10 children
2026-05-23 14:10:31,321 INFO [T11] expand pattern=03372????? got=38 ≥ 30 → split into 10 children
2026-05-23 14:10:31,357 INFO [T1] leaf pattern=03373????? got=27 saved=27
2026-05-23 14:10:31,377 INFO [T2] leaf pattern=03388????? got=21 saved=21
2026-05-23 14:10:31,465 INFO [T14] expand pattern=03374????? got=38 ≥ 30 → split into 10 children
2026-05-23 14:10:31,584 INFO [T16] expand pattern=03376????? got=36 ≥ 30 → split into 10 children
2026-05-23 14:10:31,594 INFO [T7] expand pattern=03375????? got=42 ≥ 30 → split into 10 children
2026-05-23 14:10:31,805 INFO [T25] expand pattern=03377????? got=33 ≥ 30 → split into 10 children
2026-05-23 14:10:31,839 INFO [T30] expand pattern=03378????? got=37 ≥ 30 → split into 10 children
2026-05-23 14:10:32,011 INFO [T5] expand pattern=03379????? got=38 ≥ 30 → split into 10 children
2026-05-23 14:10:32,224 INFO [T27] expand pattern=03620????? got=38 ≥ 30 → split into 10 children
2026-05-23 14:10:32,315 INFO [T8] expand pattern=03621????? got=40 ≥ 30 → split into 10 children
2026-05-23 14:10:32,549 INFO [T17] expand pattern=03623????? got=34 ≥ 30 → split into 10 children
2026-05-23 14:10:32,555 INFO [T9] leaf pattern=03622????? got=27 saved=27
2026-05-23 14:10:32,593 INFO [T12] expand pattern=03625????? got=38 ≥ 30 → split into 10 children
2026-05-23 14:10:32,606 INFO [T24] expand pattern=03626????? got=37 ≥ 30 → split into 10 children
2026-05-23 14:10:32,627 INFO [T13] expand pattern=03624????? got=38 ≥ 30 → split into 10 children
2026-05-23 14:10:32,797 INFO [T15] expand pattern=03627????? got=42 ≥ 30 → split into 10 children
2026-05-23 14:10:33,113 INFO [T19] expand pattern=03628????? got=37 ≥ 30 → split into 10 children
2026-05-23 14:10:33,213 INFO [T4] expand pattern=03630????? got=35 ≥ 30 → split into 10 children
2026-05-23 14:10:33,271 INFO [T10] expand pattern=03629????? got=37 ≥ 30 → split into 10 children
2026-05-23 14:10:33,460 INFO [T26] leaf pattern=03632????? got=29 saved=29
2026-05-23 14:10:33,695 INFO [T18] expand pattern=03631????? got=36 ≥ 30 → split into 10 children
2026-05-23 14:10:33,712 INFO [T3] leaf pattern=03633????? got=27 saved=27
2026-05-23 14:10:33,965 INFO [T22] expand pattern=03634????? got=38 ≥ 30 → split into 10 children
2026-05-23 14:10:34,629 INFO [T20] expand pattern=03635????? got=38 ≥ 30 → split into 10 children
2026-05-23 14:10:34,927 INFO [T28] leaf pattern=03636????? got=23 saved=23
2026-05-23 14:10:35,048 INFO [T29] expand pattern=03637????? got=40 ≥ 30 → split into 10 children
2026-05-23 14:10:35,105 INFO [T23] leaf pattern=03639????? got=29 saved=29
2026-05-23 14:10:35,123 INFO [T21] expand pattern=03638????? got=31 ≥ 30 → split into 10 children
2026-05-23 14:10:35,285 INFO [T11] expand pattern=03650????? got=40 ≥ 30 → split into 10 children
2026-05-23 14:10:35,320 INFO [T1] expand pattern=03651????? got=37 ≥ 30 → split into 10 children
2026-05-23 14:10:35,371 INFO [T2] expand pattern=03652????? got=35 ≥ 30 → split into 10 children
2026-05-23 14:10:35,455 INFO [T14] expand pattern=03653????? got=33 ≥ 30 → split into 10 children
2026-05-23 14:10:35,504 INFO [T7] expand pattern=03655????? got=32 ≥ 30 → split into 10 children
2026-05-23 14:10:35,553 INFO [T16] expand pattern=03654????? got=42 ≥ 30 → split into 10 children
2026-05-23 14:10:35,800 INFO [T30] expand pattern=03657????? got=38 ≥ 30 → split into 10 children
2026-05-23 14:10:35,816 INFO [T25] expand pattern=03656????? got=31 ≥ 30 → split into 10 children
2026-05-23 14:10:35,932 INFO [T5] expand pattern=03658????? got=34 ≥ 30 → split into 10 children
2026-05-23 14:10:36,129 INFO [T27] expand pattern=03659????? got=41 ≥ 30 → split into 10 children
2026-05-23 14:10:36,260 INFO [T8] expand pattern=03640????? got=39 ≥ 30 → split into 10 children
2026-05-23 14:10:36,552 INFO [T13] expand pattern=03645????? got=41 ≥ 30 → split into 10 children
2026-05-23 14:10:36,565 INFO [T24] expand pattern=03644????? got=36 ≥ 30 → split into 10 children
2026-05-23 14:10:36,735 INFO [T15] expand pattern=03646????? got=34 ≥ 30 → split into 10 children
2026-05-23 14:10:36,744 INFO [T17] expand pattern=03641????? got=39 ≥ 30 → split into 10 children
2026-05-23 14:10:36,811 INFO [T12] expand pattern=03643????? got=34 ≥ 30 → split into 10 children
2026-05-23 14:10:37,064 INFO [T19] expand pattern=03647????? got=42 ≥ 30 → split into 10 children
2026-05-23 14:10:37,093 INFO [T4] expand pattern=03648????? got=43 ≥ 30 → split into 10 children
2026-05-23 14:10:37,201 INFO [T10] expand pattern=03649????? got=43 ≥ 30 → split into 10 children
2026-05-23 14:10:37,369 INFO [T26] leaf pattern=03250????? got=8 saved=8
2026-05-23 14:10:37,468 INFO [T9] expand pattern=03642????? got=36 ≥ 30 → split into 10 children
2026-05-23 14:10:37,707 INFO [T3] leaf pattern=03252????? got=27 saved=27
2026-05-23 14:10:37,787 INFO [T18] leaf pattern=03251????? got=24 saved=24
2026-05-23 14:10:38,175 INFO [T22] expand pattern=03253????? got=40 ≥ 30 → split into 10 children
2026-05-23 14:10:38,589 INFO [T20] expand pattern=03254????? got=47 ≥ 30 → split into 10 children
2026-05-23 14:10:38,979 INFO [T28] expand pattern=03255????? got=39 ≥ 30 → split into 10 children
2026-05-23 14:10:39,012 INFO [T29] expand pattern=03256????? got=46 ≥ 30 → split into 10 children
2026-05-23 14:10:39,026 INFO [T23] expand pattern=03257????? got=39 ≥ 30 → split into 10 children
2026-05-23 14:10:39,104 INFO [T21] expand pattern=03258????? got=38 ≥ 30 → split into 10 children
2026-05-23 14:10:39,201 INFO [T1] expand pattern=03660????? got=43 ≥ 30 → split into 10 children
2026-05-23 14:10:39,283 INFO [T11] expand pattern=03259????? got=47 ≥ 30 → split into 10 children
2026-05-23 14:10:39,659 INFO [T7] expand pattern=03663????? got=36 ≥ 30 → split into 10 children
2026-05-23 14:10:39,703 INFO [T14] expand pattern=03662????? got=35 ≥ 30 → split into 10 children
2026-05-23 14:10:39,761 INFO [T25] leaf pattern=03666????? got=0 saved=0
2026-05-23 14:10:39,785 INFO [T30] expand pattern=03665????? got=32 ≥ 30 → split into 10 children
2026-05-23 14:10:39,826 INFO [T16] leaf pattern=03664????? got=25 saved=25
2026-05-23 14:10:39,941 INFO [T5] expand pattern=03667????? got=33 ≥ 30 → split into 10 children
2026-05-23 14:10:39,982 INFO [T2] expand pattern=03661????? got=33 ≥ 30 → split into 10 children
2026-05-23 14:10:40,255 INFO [T8] expand pattern=03669????? got=32 ≥ 30 → split into 10 children
2026-05-23 14:10:40,322 INFO [T6] expand pattern=03387????? got=32 ≥ 30 → split into 10 children
2026-05-23 14:10:40,414 WARNING [T12] ProxyError attempt=1/3 pattern=03674?????: HTTPSConnectionPool(host='vietteltelecom.vn', port=443): Max retries exceeded with url: /api/get/sim (Caused by ProxyErr
2026-05-23 14:10:40,414 INFO [T12] rotate IP 010f7cb0 → b76c54f2
2026-05-23 14:10:40,500 INFO [T27] leaf pattern=03668????? got=26 saved=26
2026-05-23 14:10:40,555 INFO [T24] expand pattern=03671????? got=37 ≥ 30 → split into 10 children
2026-05-23 14:10:40,589 INFO [T13] expand pattern=03670????? got=37 ≥ 30 → split into 10 children
2026-05-23 14:10:40,761 INFO [T17] expand pattern=03673????? got=40 ≥ 30 → split into 10 children
2026-05-23 14:10:40,805 INFO [T15] expand pattern=03672????? got=39 ≥ 30 → split into 10 children
2026-05-23 14:10:40,995 INFO [T4] expand pattern=03676????? got=42 ≥ 30 → split into 10 children
2026-05-23 14:10:41,007 INFO [T19] expand pattern=03675????? got=43 ≥ 30 → split into 10 children
2026-05-23 14:10:41,009 WARNING [T26] ProxyError attempt=1/3 pattern=03678?????: HTTPSConnectionPool(host='vietteltelecom.vn', port=443): Max retries exceeded with url: /api/get/sim (Caused by ProxyErr
2026-05-23 14:10:41,009 INFO [T26] rotate IP 9fe3b411 → 130ca0d0
2026-05-23 14:10:41,131 INFO [T10] expand pattern=03677????? got=37 ≥ 30 → split into 10 children
2026-05-23 14:10:41,469 INFO [T9] expand pattern=03679????? got=37 ≥ 30 → split into 10 children
2026-05-23 14:10:41,711 INFO [T18] expand pattern=03681????? got=34 ≥ 30 → split into 10 children
2026-05-23 14:10:42,038 INFO [T3] expand pattern=03680????? got=37 ≥ 30 → split into 10 children
2026-05-23 14:10:42,389 INFO [T22] expand pattern=03682????? got=34 ≥ 30 → split into 10 children
2026-05-23 14:10:42,595 INFO [T20] leaf pattern=03683????? got=28 saved=28
2026-05-23 14:10:42,921 INFO [T23] leaf pattern=03686????? got=21 saved=21
2026-05-23 14:10:42,976 INFO [T28] expand pattern=03684????? got=33 ≥ 30 → split into 10 children
2026-05-23 14:10:43,068 INFO [T21] expand pattern=03687????? got=31 ≥ 30 → split into 10 children
2026-05-23 14:10:43,151 INFO [T12] D1N refreshed b1624c2923311a71…
2026-05-23 14:10:43,193 INFO [T1] leaf pattern=03688????? got=24 saved=24
2026-05-23 14:10:43,239 INFO [T11] expand pattern=03689????? got=44 ≥ 30 → split into 10 children
2026-05-23 14:10:43,559 INFO [T7] expand pattern=03720????? got=36 ≥ 30 → split into 10 children
2026-05-23 14:10:43,665 INFO [T14] expand pattern=03721????? got=36 ≥ 30 → split into 10 children
2026-05-23 14:10:43,728 INFO [T30] expand pattern=03723????? got=42 ≥ 30 → split into 10 children
2026-05-23 14:10:43,735 INFO [T26] D1N refreshed 94ad6e38534f11a9…
2026-05-23 14:10:43,766 INFO [T29] D1N refreshed f708b2793fdf45b4…
2026-05-23 14:10:43,782 INFO [T16] expand pattern=03724????? got=43 ≥ 30 → split into 10 children
2026-05-23 14:10:43,798 INFO [T25] expand pattern=03722????? got=31 ≥ 30 → split into 10 children
2026-05-23 14:10:43,872 INFO [T5] expand pattern=03725????? got=42 ≥ 30 → split into 10 children
2026-05-23 14:10:43,956 INFO [T2] expand pattern=03726????? got=42 ≥ 30 → split into 10 children
2026-05-23 14:10:44,145 INFO [T8] expand pattern=03727????? got=35 ≥ 30 → split into 10 children
2026-05-23 14:10:44,803 INFO [T6] expand pattern=03728????? got=39 ≥ 30 → split into 10 children
2026-05-23 14:10:44,870 INFO [T17] expand pattern=03732????? got=31 ≥ 30 → split into 10 children
2026-05-23 14:10:44,880 INFO [T4] expand pattern=03734????? got=41 ≥ 30 → split into 10 children
2026-05-23 14:10:45,028 INFO [T24] expand pattern=03730????? got=33 ≥ 30 → split into 10 children
2026-05-23 14:10:45,127 INFO [T19] expand pattern=03735????? got=39 ≥ 30 → split into 10 children
2026-05-23 14:10:45,195 INFO [T10] expand pattern=03736????? got=39 ≥ 30 → split into 10 children
2026-05-23 14:10:45,386 INFO [T13] D1N refreshed 16c93440a2c35fa9…
2026-05-23 14:10:45,566 INFO [T27] D1N refreshed 3470e46321fc3d18…
2026-05-23 14:10:45,646 INFO [T9] expand pattern=03737????? got=30 ≥ 30 → split into 10 children
2026-05-23 14:10:45,728 INFO [T18] expand pattern=03738????? got=33 ≥ 30 → split into 10 children
2026-05-23 14:10:46,059 INFO [T3] expand pattern=03739????? got=41 ≥ 30 → split into 10 children
2026-05-23 14:10:46,566 INFO [T20] expand pattern=03741????? got=40 ≥ 30 → split into 10 children
2026-05-23 14:10:46,649 INFO [T22] expand pattern=03740????? got=41 ≥ 30 → split into 10 children
2026-05-23 14:10:46,863 INFO [T23] expand pattern=03742????? got=39 ≥ 30 → split into 10 children
2026-05-23 14:10:47,142 INFO [T1] expand pattern=03745????? got=33 ≥ 30 → split into 10 children
2026-05-23 14:10:47,164 INFO [T11] expand pattern=03746????? got=43 ≥ 30 → split into 10 children
2026-05-23 14:10:47,338 INFO [T28] expand pattern=03743????? got=42 ≥ 30 → split into 10 children
2026-05-23 14:10:47,494 INFO [T7] expand pattern=03747????? got=34 ≥ 30 → split into 10 children
2026-05-23 14:10:47,544 INFO [T14] expand pattern=03748????? got=36 ≥ 30 → split into 10 children
2026-05-23 14:10:47,574 INFO [T21] expand pattern=03744????? got=40 ≥ 30 → split into 10 children
2026-05-23 14:10:47,628 INFO [T30] expand pattern=03749????? got=36 ≥ 30 → split into 10 children
2026-05-23 14:10:47,704 INFO [T16] expand pattern=03751????? got=39 ≥ 30 → split into 10 children
2026-05-23 14:10:47,771 INFO [T25] expand pattern=03750????? got=39 ≥ 30 → split into 10 children
2026-05-23 14:10:48,098 INFO [T8] expand pattern=03754????? got=40 ≥ 30 → split into 10 children
2026-05-23 14:10:48,246 INFO [T12] expand pattern=03674????? got=42 ≥ 30 → split into 10 children
2026-05-23 14:10:48,266 INFO [T5] expand pattern=03752????? got=38 ≥ 30 → split into 10 children
2026-05-23 14:10:48,756 INFO [T6] expand pattern=03755????? got=39 ≥ 30 → split into 10 children
2026-05-23 14:10:48,779 INFO [T4] expand pattern=03757????? got=32 ≥ 30 → split into 10 children
2026-05-23 14:10:48,807 INFO [T29] leaf pattern=03685????? got=29 saved=29
2026-05-23 14:10:48,828 INFO [T17] expand pattern=03756????? got=38 ≥ 30 → split into 10 children
2026-05-23 14:10:48,894 INFO [T2] expand pattern=03753????? got=37 ≥ 30 → split into 10 children
2026-05-23 14:10:48,938 INFO [T24] expand pattern=03758????? got=44 ≥ 30 → split into 10 children
2026-05-23 14:10:48,998 INFO [T26] leaf pattern=03678????? got=25 saved=25
2026-05-23 14:10:49,053 INFO [T19] expand pattern=03759????? got=35 ≥ 30 → split into 10 children
2026-05-23 14:10:49,127 INFO [T10] expand pattern=03780????? got=44 ≥ 30 → split into 10 children
2026-05-23 14:10:49,204 WARNING [T15] ConnectionError attempt=1/3 pattern=03733?????: ('Connection aborted.', ConnectionResetError(10054, 'An existing connection was forcibly closed by the remote host', Non
2026-05-23 14:10:49,204 INFO [T15] rotate IP 707fb07d → e16818be
2026-05-23 14:10:49,696 INFO [T18] expand pattern=03782????? got=39 ≥ 30 → split into 10 children
2026-05-23 14:10:49,878 INFO [T9] expand pattern=03781????? got=43 ≥ 30 → split into 10 children
2026-05-23 14:10:50,245 INFO [T3] expand pattern=03783????? got=40 ≥ 30 → split into 10 children
2026-05-23 14:10:50,554 INFO [T20] expand pattern=03784????? got=37 ≥ 30 → split into 10 children
2026-05-23 14:10:50,597 INFO [T22] expand pattern=03785????? got=40 ≥ 30 → split into 10 children
2026-05-23 14:10:50,756 INFO [T23] expand pattern=03786????? got=43 ≥ 30 → split into 10 children
2026-05-23 14:10:50,932 INFO [T27] expand pattern=03729????? got=35 ≥ 30 → split into 10 children
2026-05-23 14:10:51,061 INFO [T1] expand pattern=03787????? got=31 ≥ 30 → split into 10 children
2026-05-23 14:10:51,082 INFO [T11] expand pattern=03788????? got=38 ≥ 30 → split into 10 children
2026-05-23 14:10:51,281 INFO [T28] expand pattern=03789????? got=31 ≥ 30 → split into 10 children
2026-05-23 14:10:51,462 INFO [T7] expand pattern=03760????? got=44 ≥ 30 → split into 10 children
2026-05-23 14:10:51,477 INFO [T14] expand pattern=03761????? got=42 ≥ 30 → split into 10 children
2026-05-23 14:10:51,595 INFO [T21] expand pattern=03762????? got=39 ≥ 30 → split into 10 children
2026-05-23 14:10:51,617 INFO [T30] expand pattern=03763????? got=42 ≥ 30 → split into 10 children
2026-05-23 14:10:51,643 INFO [T16] expand pattern=03764????? got=39 ≥ 30 → split into 10 children
2026-05-23 14:10:51,743 INFO [T13] expand pattern=03731????? got=37 ≥ 30 → split into 10 children
2026-05-23 14:10:51,775 INFO [T25] expand pattern=03765????? got=37 ≥ 30 → split into 10 children
2026-05-23 14:10:52,086 INFO [T8] expand pattern=03766????? got=37 ≥ 30 → split into 10 children
2026-05-23 14:10:52,112 INFO [T15] D1N refreshed bd3feffd192faa9d…
2026-05-23 14:10:52,190 INFO [T5] expand pattern=03768????? got=40 ≥ 30 → split into 10 children
2026-05-23 14:10:52,268 INFO [T12] expand pattern=03767????? got=39 ≥ 30 → split into 10 children
2026-05-23 14:10:52,755 INFO [T6] expand pattern=03769????? got=46 ≥ 30 → split into 10 children
2026-05-23 14:10:52,793 INFO [T17] expand pattern=03772????? got=32 ≥ 30 → split into 10 children
2026-05-23 14:10:52,812 INFO [T29] expand pattern=03771????? got=32 ≥ 30 → split into 10 children
2026-05-23 14:10:52,848 INFO [T4] expand pattern=03770????? got=30 ≥ 30 → split into 10 children
2026-05-23 14:10:52,929 INFO [T24] leaf pattern=03774????? got=28 saved=28
2026-05-23 14:10:52,940 INFO [T26] leaf pattern=03775????? got=27 saved=27
2026-05-23 14:10:53,035 INFO [T19] leaf pattern=03776????? got=29 saved=29
2026-05-23 14:10:53,052 INFO [T10] leaf pattern=03777????? got=1 saved=1
2026-05-23 14:10:53,710 INFO [T18] leaf pattern=03778????? got=28 saved=28
2026-05-23 14:10:53,864 INFO [T9] expand pattern=03779????? got=35 ≥ 30 → split into 10 children
2026-05-23 14:10:53,874 INFO [T2] expand pattern=03773????? got=32 ≥ 30 → split into 10 children
2026-05-23 14:10:54,196 INFO [T3] expand pattern=03790????? got=39 ≥ 30 → split into 10 children
2026-05-23 14:10:54,556 INFO [T20] expand pattern=03791????? got=39 ≥ 30 → split into 10 children
2026-05-23 14:10:54,585 INFO [T22] expand pattern=03792????? got=38 ≥ 30 → split into 10 children
2026-05-23 14:10:54,672 INFO [T23] expand pattern=03793????? got=39 ≥ 30 → split into 10 children
2026-05-23 14:10:54,967 INFO [T27] expand pattern=03794????? got=38 ≥ 30 → split into 10 children
2026-05-23 14:10:55,221 INFO [T1] expand pattern=03795????? got=36 ≥ 30 → split into 10 children
2026-05-23 14:10:55,401 INFO [T14] expand pattern=03799????? got=37 ≥ 30 → split into 10 children
2026-05-23 14:10:55,422 INFO [T7] expand pattern=03798????? got=35 ≥ 30 → split into 10 children
2026-05-23 14:10:55,555 INFO [T30] expand pattern=03691????? got=35 ≥ 30 → split into 10 children
2026-05-23 14:10:55,564 INFO [T16] expand pattern=03692????? got=30 ≥ 30 → split into 10 children
2026-05-23 14:10:55,597 INFO [T28] expand pattern=03797????? got=37 ≥ 30 → split into 10 children
2026-05-23 14:10:55,644 INFO [T21] expand pattern=03690????? got=37 ≥ 30 → split into 10 children
2026-05-23 14:10:55,762 INFO [T11] expand pattern=03796????? got=38 ≥ 30 → split into 10 children
2026-05-23 14:10:55,771 INFO [T25] expand pattern=03694????? got=36 ≥ 30 → split into 10 children
2026-05-23 14:10:55,789 INFO [T13] leaf pattern=03693????? got=27 saved=27
2026-05-23 14:10:56,065 INFO [T8] expand pattern=03695????? got=36 ≥ 30 → split into 10 children
2026-05-23 14:10:56,217 INFO [T12] expand pattern=03697????? got=41 ≥ 30 → split into 10 children
2026-05-23 14:10:56,338 INFO [T5] leaf pattern=03696????? got=25 saved=25
2026-05-23 14:10:56,716 INFO [T6] expand pattern=03698????? got=34 ≥ 30 → split into 10 children
2026-05-23 14:10:56,728 INFO [T29] expand pattern=03820????? got=46 ≥ 30 → split into 10 children
2026-05-23 14:10:56,752 INFO [T4] expand pattern=03821????? got=48 ≥ 30 → split into 10 children
2026-05-23 14:10:56,787 INFO [T17] expand pattern=03699????? got=40 ≥ 30 → split into 10 children
2026-05-23 14:10:56,831 INFO [T24] expand pattern=03822????? got=44 ≥ 30 → split into 10 children
2026-05-23 14:10:56,857 INFO [T26] expand pattern=03823????? got=40 ≥ 30 → split into 10 children
2026-05-23 14:10:56,990 INFO [T10] expand pattern=03825????? got=45 ≥ 30 → split into 10 children
2026-05-23 14:10:57,084 INFO [T19] expand pattern=03824????? got=39 ≥ 30 → split into 10 children
2026-05-23 14:10:57,538 INFO [T15] expand pattern=03733????? got=31 ≥ 30 → split into 10 children
2026-05-23 14:10:57,759 INFO [T18] expand pattern=03826????? got=34 ≥ 30 → split into 10 children
2026-05-23 14:10:57,869 INFO [T9] expand pattern=03827????? got=38 ≥ 30 → split into 10 children
2026-05-23 14:10:57,981 INFO [T2] expand pattern=03828????? got=42 ≥ 30 → split into 10 children
2026-05-23 14:10:58,276 INFO [T3] expand pattern=03829????? got=47 ≥ 30 → split into 10 children
2026-05-23 14:10:58,547 INFO [T20] expand pattern=03850????? got=37 ≥ 30 → split into 10 children
2026-05-23 14:10:58,755 INFO [T22] expand pattern=03851????? got=39 ≥ 30 → split into 10 children
2026-05-23 14:10:58,775 INFO [T23] expand pattern=03852????? got=41 ≥ 30 → split into 10 children
2026-05-23 14:10:58,907 INFO [T27] expand pattern=03853????? got=36 ≥ 30 → split into 10 children
2026-05-23 14:10:59,130 INFO [T1] expand pattern=03854????? got=46 ≥ 30 → split into 10 children
2026-05-23 14:10:59,369 INFO [T7] expand pattern=03856????? got=42 ≥ 30 → split into 10 children
2026-05-23 14:10:59,382 INFO [T14] expand pattern=03855????? got=35 ≥ 30 → split into 10 children
2026-05-23 14:10:59,507 INFO [T30] expand pattern=03857????? got=42 ≥ 30 → split into 10 children
2026-05-23 14:10:59,522 INFO [T28] expand pattern=03859????? got=42 ≥ 30 → split into 10 children
2026-05-23 14:10:59,531 INFO [T16] expand pattern=03858????? got=40 ≥ 30 → split into 10 children
2026-05-23 14:10:59,690 INFO [T13] expand pattern=03863????? got=35 ≥ 30 → split into 10 children
2026-05-23 14:10:59,733 INFO [T11] expand pattern=03861????? got=38 ≥ 30 → split into 10 children
2026-05-23 14:10:59,778 INFO [T25] expand pattern=03862????? got=40 ≥ 30 → split into 10 children
2026-05-23 14:10:59,954 INFO [T21] expand pattern=03860????? got=40 ≥ 30 → split into 10 children
2026-05-23 14:11:00,008 INFO [T8] expand pattern=03864????? got=45 ≥ 30 → split into 10 children
2026-05-23 14:11:00,151 INFO [T12] expand pattern=03865????? got=38 ≥ 30 → split into 10 children
2026-05-23 14:11:00,261 INFO [T5] expand pattern=03866????? got=32 ≥ 30 → split into 10 children
2026-05-23 14:11:00,659 INFO [T4] expand pattern=03869????? got=35 ≥ 30 → split into 10 children
2026-05-23 14:11:00,672 INFO [T29] leaf pattern=03868????? got=28 saved=28
2026-05-23 14:11:00,681 INFO [T6] expand pattern=03867????? got=39 ≥ 30 → split into 10 children
2026-05-23 14:11:00,769 INFO [T26] leaf pattern=03832????? got=29 saved=29
2026-05-23 14:11:00,813 INFO [T17] expand pattern=03830????? got=48 ≥ 30 → split into 10 children
2026-05-23 14:11:01,043 INFO [T19] expand pattern=03834????? got=48 ≥ 30 → split into 10 children
2026-05-23 14:11:01,173 INFO [T10] expand pattern=03833????? got=36 ≥ 30 → split into 10 children
2026-05-23 14:11:01,340 INFO [T24] expand pattern=03831????? got=36 ≥ 30 → split into 10 children
2026-05-23 14:11:01,509 INFO [T15] expand pattern=03835????? got=43 ≥ 30 → split into 10 children
2026-05-23 14:11:01,710 INFO [T18] expand pattern=03836????? got=45 ≥ 30 → split into 10 children
2026-05-23 14:11:01,864 INFO [T9] expand pattern=03837????? got=39 ≥ 30 → split into 10 children
2026-05-23 14:11:02,098 INFO [T2] expand pattern=03838????? got=39 ≥ 30 → split into 10 children
2026-05-23 14:11:02,232 INFO [T3] expand pattern=03839????? got=39 ≥ 30 → split into 10 children
2026-05-23 14:11:02,484 INFO [T20] expand pattern=03840????? got=45 ≥ 30 → split into 10 children
2026-05-23 14:11:02,704 INFO [T23] expand pattern=03842????? got=43 ≥ 30 → split into 10 children
2026-05-23 14:11:02,759 INFO [T22] expand pattern=03841????? got=40 ≥ 30 → split into 10 children
2026-05-23 14:11:02,937 INFO [T27] expand pattern=03843????? got=46 ≥ 30 → split into 10 children
2026-05-23 14:11:03,082 INFO [T1] expand pattern=03844????? got=40 ≥ 30 → split into 10 children
2026-05-23 14:11:03,280 INFO [T7] expand pattern=03846????? got=41 ≥ 30 → split into 10 children
2026-05-23 14:11:03,423 INFO [T28] expand pattern=03848????? got=41 ≥ 30 → split into 10 children
2026-05-23 14:11:03,444 INFO [T30] expand pattern=03847????? got=47 ≥ 30 → split into 10 children
2026-05-23 14:11:03,455 INFO [T14] expand pattern=03845????? got=43 ≥ 30 → split into 10 children
2026-05-23 14:11:03,466 INFO [T16] expand pattern=03849????? got=45 ≥ 30 → split into 10 children
2026-05-23 14:11:03,648 INFO [T11] expand pattern=03871????? got=41 ≥ 30 → split into 10 children
2026-05-23 14:11:03,669 INFO [T13] expand pattern=03870????? got=41 ≥ 30 → split into 10 children
2026-05-23 14:11:03,756 INFO [T25] expand pattern=03872????? got=38 ≥ 30 → split into 10 children
2026-05-23 14:11:03,884 INFO [T21] expand pattern=03873????? got=41 ≥ 30 → split into 10 children
2026-05-23 14:11:04,014 INFO [T8] expand pattern=03874????? got=43 ≥ 30 → split into 10 children
2026-05-23 14:11:04,143 INFO [T12] expand pattern=03875????? got=41 ≥ 30 → split into 10 children
2026-05-23 14:11:04,190 INFO [T5] expand pattern=03876????? got=41 ≥ 30 → split into 10 children
2026-05-23 14:11:04,562 INFO [T4] expand pattern=03877????? got=38 ≥ 30 → split into 10 children
2026-05-23 14:11:04,634 INFO [T6] expand pattern=03879????? got=36 ≥ 30 → split into 10 children
2026-05-23 14:11:04,639 INFO [T29] expand pattern=03878????? got=35 ≥ 30 → split into 10 children
2026-05-23 14:11:04,657 INFO [T26] leaf pattern=03880????? got=27 saved=27
2026-05-23 14:11:04,830 INFO [T17] leaf pattern=03881????? got=29 saved=29
2026-05-23 14:11:04,994 INFO [T19] expand pattern=03882????? got=32 ≥ 30 → split into 10 children
2026-05-23 14:11:05,152 INFO [T10] leaf pattern=03883????? got=26 saved=26
2026-05-23 14:11:05,251 INFO [T24] expand pattern=03884????? got=36 ≥ 30 → split into 10 children
2026-05-23 14:11:05,723 INFO [T18] leaf pattern=03886????? got=24 saved=24
2026-05-23 14:11:05,809 INFO [T9] leaf pattern=03887????? got=27 saved=27
2026-05-23 14:11:05,916 INFO [T15] expand pattern=03885????? got=32 ≥ 30 → split into 10 children
2026-05-23 14:11:06,144 INFO [T2] leaf pattern=03888????? got=0 saved=0
2026-05-23 14:11:06,271 INFO [T3] leaf pattern=03889????? got=27 saved=27
2026-05-23 14:11:06,525 INFO [T20] expand pattern=03890????? got=36 ≥ 30 → split into 10 children
2026-05-23 14:11:06,655 INFO [T23] expand pattern=03891????? got=41 ≥ 30 → split into 10 children
2026-05-23 14:11:06,904 INFO [T22] expand pattern=03892????? got=42 ≥ 30 → split into 10 children
2026-05-23 14:11:06,917 INFO [T27] expand pattern=03893????? got=38 ≥ 30 → split into 10 children
2026-05-23 14:11:07,011 INFO [T1] expand pattern=03894????? got=47 ≥ 30 → split into 10 children
2026-05-23 14:11:07,199 INFO [T7] expand pattern=03895????? got=38 ≥ 30 → split into 10 children
2026-05-23 14:11:07,340 INFO [T28] expand pattern=03896????? got=42 ≥ 30 → split into 10 children
2026-05-23 14:11:07,464 INFO [T30] expand pattern=03897????? got=41 ≥ 30 → split into 10 children
2026-05-23 14:11:07,473 INFO [T14] expand pattern=03898????? got=30 ≥ 30 → split into 10 children
2026-05-23 14:11:07,606 INFO [T11] expand pattern=03940????? got=42 ≥ 30 → split into 10 children
2026-05-23 14:11:07,630 INFO [T13] expand pattern=03941????? got=47 ≥ 30 → split into 10 children
2026-05-23 14:11:07,657 INFO [T16] leaf pattern=03899????? got=28 saved=28
2026-05-23 14:11:07,679 INFO [T25] expand pattern=03942????? got=33 ≥ 30 → split into 10 children
2026-05-23 14:11:07,853 INFO [T21] expand pattern=03943????? got=40 ≥ 30 → split into 10 children
2026-05-23 14:11:07,980 INFO [T8] expand pattern=03944????? got=42 ≥ 30 → split into 10 children
2026-05-23 14:11:08,136 INFO [T12] expand pattern=03945????? got=40 ≥ 30 → split into 10 children
2026-05-23 14:11:08,152 INFO [T5] expand pattern=03946????? got=44 ≥ 30 → split into 10 children
2026-05-23 14:11:08,492 INFO [T4] expand pattern=03947????? got=46 ≥ 30 → split into 10 children
2026-05-23 14:11:08,551 INFO [T29] expand pattern=03949????? got=44 ≥ 30 → split into 10 children
2026-05-23 14:11:08,567 INFO [T26] expand pattern=03920????? got=35 ≥ 30 → split into 10 children
2026-05-23 14:11:08,638 INFO [T6] expand pattern=03948????? got=45 ≥ 30 → split into 10 children
2026-05-23 14:11:08,806 INFO [T17] expand pattern=03921????? got=38 ≥ 30 → split into 10 children
2026-05-23 14:11:09,069 INFO [T10] expand pattern=03923????? got=36 ≥ 30 → split into 10 children
2026-05-23 14:11:09,194 INFO [T24] expand pattern=03924????? got=43 ≥ 30 → split into 10 children
2026-05-23 14:11:09,305 INFO [T19] expand pattern=03922????? got=32 ≥ 30 → split into 10 children
2026-05-23 14:11:09,843 INFO [T15] expand pattern=03927????? got=41 ≥ 30 → split into 10 children
2026-05-23 14:11:09,901 INFO [T18] expand pattern=03925????? got=36 ≥ 30 → split into 10 children
2026-05-23 14:11:10,514 INFO [T20] expand pattern=03950????? got=39 ≥ 30 → split into 10 children
2026-05-23 14:11:10,536 INFO [T3] expand pattern=03929????? got=34 ≥ 30 → split into 10 children
2026-05-23 14:11:10,541 INFO [T9] D1N refreshed e1686f1caf6fa757…
2026-05-23 14:11:10,548 INFO [T2] expand pattern=03928????? got=38 ≥ 30 → split into 10 children
2026-05-23 14:11:10,589 INFO [T23] expand pattern=03951????? got=39 ≥ 30 → split into 10 children
2026-05-23 14:11:10,870 INFO [T27] expand pattern=03953????? got=33 ≥ 30 → split into 10 children
2026-05-23 14:11:10,964 INFO [T1] expand pattern=03954????? got=41 ≥ 30 → split into 10 children
2026-05-23 14:11:11,082 INFO [T22] expand pattern=03952????? got=41 ≥ 30 → split into 10 children
2026-05-23 14:11:11,149 INFO [T7] expand pattern=03955????? got=35 ≥ 30 → split into 10 children
2026-05-23 14:11:11,350 INFO [T30] expand pattern=03957????? got=46 ≥ 30 → split into 10 children
2026-05-23 14:11:11,376 INFO [T14] expand pattern=03958????? got=47 ≥ 30 → split into 10 children
2026-05-23 14:11:11,464 INFO [T28] expand pattern=03956????? got=43 ≥ 30 → split into 10 children
2026-05-23 14:11:11,542 INFO [T13] expand pattern=03930????? got=35 ≥ 30 → split into 10 children
2026-05-23 14:11:11,597 INFO [T16] expand pattern=03931????? got=40 ≥ 30 → split into 10 children
2026-05-23 14:11:11,670 INFO [T25] expand pattern=03932????? got=39 ≥ 30 → split into 10 children
2026-05-23 14:11:11,751 INFO [T11] expand pattern=03959????? got=42 ≥ 30 → split into 10 children
2026-05-23 14:11:11,823 INFO [T21] expand pattern=03933????? got=30 ≥ 30 → split into 10 children
2026-05-23 14:11:11,956 INFO [T8] expand pattern=03934????? got=42 ≥ 30 → split into 10 children
2026-05-23 14:11:12,087 INFO [T5] expand pattern=03936????? got=40 ≥ 30 → split into 10 children
2026-05-23 14:11:12,131 INFO [T12] expand pattern=03935????? got=43 ≥ 30 → split into 10 children
2026-05-23 14:11:12,404 INFO [T4] expand pattern=03937????? got=39 ≥ 30 → split into 10 children
2026-05-23 14:11:12,444 INFO [T26] expand pattern=03938????? got=41 ≥ 30 → split into 10 children
2026-05-23 14:11:12,595 INFO [T6] expand pattern=03960????? got=37 ≥ 30 → split into 10 children
2026-05-23 14:11:12,767 INFO [T17] expand pattern=03961????? got=40 ≥ 30 → split into 10 children
2026-05-23 14:11:13,091 INFO [T10] expand pattern=03962????? got=46 ≥ 30 → split into 10 children
2026-05-23 14:11:13,103 INFO [T24] expand pattern=03963????? got=37 ≥ 30 → split into 10 children
2026-05-23 14:11:13,353 INFO [T19] expand pattern=03964????? got=41 ≥ 30 → split into 10 children
2026-05-23 14:11:13,524 INFO [T29] leaf pattern=03939????? got=2 saved=2
2026-05-23 14:11:13,829 INFO [T15] expand pattern=03965????? got=42 ≥ 30 → split into 10 children
2026-05-23 14:11:13,912 INFO [T18] expand pattern=03966????? got=32 ≥ 30 → split into 10 children
2026-05-23 14:11:14,491 INFO [T23] leaf pattern=03990????? got=22 saved=22
2026-05-23 14:11:14,509 INFO [T2] expand pattern=03969????? got=36 ≥ 30 → split into 10 children
2026-05-23 14:11:14,551 INFO [T3] expand pattern=03968????? got=43 ≥ 30 → split into 10 children
2026-05-23 14:11:14,832 INFO [T27] leaf pattern=03991????? got=26 saved=26
2026-05-23 14:11:14,880 INFO [T20] expand pattern=03967????? got=45 ≥ 30 → split into 10 children
2026-05-23 14:11:14,898 INFO [T1] leaf pattern=03992????? got=21 saved=21
2026-05-23 14:11:15,066 INFO [T7] expand pattern=03994????? got=42 ≥ 30 → split into 10 children
2026-05-23 14:11:15,320 INFO [T30] expand pattern=03995????? got=35 ≥ 30 → split into 10 children
2026-05-23 14:11:15,333 INFO [T14] expand pattern=03996????? got=31 ≥ 30 → split into 10 children
2026-05-23 14:11:15,419 INFO [T28] expand pattern=03997????? got=30 ≥ 30 → split into 10 children
2026-05-23 14:11:15,449 INFO [T13] leaf pattern=03998????? got=27 saved=27
2026-05-23 14:11:15,503 INFO [T16] leaf pattern=03999????? got=0 saved=0
2026-05-23 14:11:15,631 INFO [T25] expand pattern=03980????? got=36 ≥ 30 → split into 10 children
2026-05-23 14:11:15,679 INFO [T22] expand pattern=03993????? got=32 ≥ 30 → split into 10 children
2026-05-23 14:11:15,695 INFO [T9] expand pattern=03926????? got=38 ≥ 30 → split into 10 children
2026-05-23 14:11:15,747 INFO [T11] expand pattern=03981????? got=35 ≥ 30 → split into 10 children
2026-05-23 14:11:15,813 INFO [T21] expand pattern=03982????? got=32 ≥ 30 → split into 10 children
2026-05-23 14:11:15,903 INFO [T8] expand pattern=03983????? got=37 ≥ 30 → split into 10 children
2026-05-23 14:11:16,014 INFO [T5] expand pattern=03984????? got=44 ≥ 30 → split into 10 children
2026-05-23 14:11:16,066 INFO [T12] expand pattern=03985????? got=33 ≥ 30 → split into 10 children
2026-05-23 14:11:16,304 INFO [T4] expand pattern=03986????? got=37 ≥ 30 → split into 10 children
2026-05-23 14:11:16,344 INFO [T26] expand pattern=03987????? got=41 ≥ 30 → split into 10 children
2026-05-23 14:11:16,514 INFO [T6] expand pattern=03988????? got=38 ≥ 30 → split into 10 children
2026-05-23 14:11:16,719 INFO [T17] expand pattern=03989????? got=34 ≥ 30 → split into 10 children
2026-05-23 14:11:17,013 INFO [T10] expand pattern=03970????? got=38 ≥ 30 → split into 10 children
2026-05-23 14:11:17,024 INFO [T24] expand pattern=03971????? got=41 ≥ 30 → split into 10 children
2026-05-23 14:11:17,283 INFO [T19] expand pattern=03972????? got=41 ≥ 30 → split into 10 children
2026-05-23 14:11:17,742 INFO [T15] expand pattern=03974????? got=39 ≥ 30 → split into 10 children
2026-05-23 14:11:17,843 INFO [T29] expand pattern=03973????? got=41 ≥ 30 → split into 10 children
2026-05-23 14:11:17,945 INFO [T18] expand pattern=03975????? got=44 ≥ 30 → split into 10 children
2026-05-23 14:11:18,411 INFO [T23] expand pattern=03976????? got=40 ≥ 30 → split into 10 children
2026-05-23 14:11:18,463 INFO [T2] expand pattern=03977????? got=41 ≥ 30 → split into 10 children
2026-05-23 14:11:18,504 INFO [T3] expand pattern=03978????? got=48 ≥ 30 → split into 10 children
2026-05-23 14:11:18,783 INFO [T1] leaf pattern=09711????? got=14 saved=14
2026-05-23 14:11:18,806 INFO [T27] leaf pattern=03979????? got=21 saved=21
2026-05-23 14:11:18,981 INFO [T7] leaf pattern=09712????? got=19 saved=19
2026-05-23 14:11:19,023 INFO [T20] leaf pattern=09710????? got=23 saved=23
2026-05-23 14:11:19,184 INFO [T30] leaf pattern=09713????? got=17 saved=17
2026-05-23 14:11:19,248 INFO [T14] leaf pattern=09714????? got=24 saved=24
2026-05-23 14:11:19,318 INFO [T28] leaf pattern=09715????? got=14 saved=14
2026-05-23 14:11:19,444 INFO [T16] leaf pattern=09717????? got=14 saved=14
2026-05-23 14:11:19,589 INFO [T25] leaf pattern=09718????? got=17 saved=17
2026-05-23 14:11:19,658 INFO [T9] leaf pattern=09720????? got=7 saved=7
2026-05-23 14:11:19,677 INFO [T11] leaf pattern=09721????? got=11 saved=11
2026-05-23 14:11:19,726 INFO [T21] leaf pattern=09722????? got=6 saved=6
2026-05-23 14:11:19,846 INFO [T13] leaf pattern=09716????? got=20 saved=20
2026-05-23 14:11:19,935 INFO [T22] leaf pattern=09719????? got=16 saved=16
2026-05-23 14:11:19,951 INFO [T5] leaf pattern=09724????? got=20 saved=20
2026-05-23 14:11:20,073 INFO [T12] leaf pattern=09725????? got=18 saved=18
2026-05-23 14:11:20,093 INFO [T8] leaf pattern=09723????? got=16 saved=16
2026-05-23 14:11:20,198 INFO [T4] leaf pattern=09726????? got=7 saved=7
2026-05-23 14:11:20,242 INFO [T26] leaf pattern=09727????? got=6 saved=6
2026-05-23 14:11:20,474 INFO [T6] leaf pattern=09728????? got=5 saved=5
2026-05-23 14:11:20,827 INFO [T17] leaf pattern=09729????? got=5 saved=5
2026-05-23 14:11:20,964 INFO [T24] leaf pattern=09731????? got=12 saved=12
2026-05-23 14:11:20,967 INFO [T10] leaf pattern=09730????? got=12 saved=12
2026-05-23 14:11:21,223 INFO [T19] leaf pattern=09732????? got=12 saved=12
2026-05-23 14:11:21,664 INFO [T15] leaf pattern=09733????? got=14 saved=14
2026-05-23 14:11:21,903 INFO [T18] leaf pattern=09735????? got=10 saved=10
2026-05-23 14:11:22,328 INFO [T23] leaf pattern=09736????? got=17 saved=17
2026-05-23 14:11:22,495 INFO [T3] leaf pattern=09738????? got=15 saved=15
2026-05-23 14:11:22,595 INFO [T2] leaf pattern=09737????? got=16 saved=16
2026-05-23 14:11:22,753 INFO [T1] leaf pattern=09739????? got=15 saved=15
2026-05-23 14:11:22,772 INFO [T27] leaf pattern=09750????? got=5 saved=5
2026-05-23 14:11:22,926 INFO [T7] leaf pattern=09751????? got=11 saved=11
2026-05-23 14:11:23,060 INFO [T29] leaf pattern=09734????? got=17 saved=17
2026-05-23 14:11:23,147 INFO [T30] leaf pattern=09753????? got=15 saved=15
2026-05-23 14:11:23,239 INFO [T20] leaf pattern=09752????? got=12 saved=12
2026-05-23 14:11:23,302 INFO [T28] leaf pattern=09755????? got=9 saved=9
2026-05-23 14:11:23,308 INFO [T14] leaf pattern=09754????? got=15 saved=15
2026-05-23 14:11:23,376 INFO [T16] leaf pattern=09756????? got=9 saved=9
2026-05-23 14:11:23,555 INFO [T25] leaf pattern=09757????? got=5 saved=5
2026-05-23 14:11:23,565 INFO [T11] leaf pattern=09759????? got=9 saved=9
2026-05-23 14:11:23,590 INFO [T9] leaf pattern=09758????? got=8 saved=8
2026-05-23 14:11:24,021 INFO [T22] leaf pattern=09742????? got=17 saved=17
2026-05-23 14:11:24,042 INFO [T8] leaf pattern=09745????? got=19 saved=19
2026-05-23 14:11:24,055 INFO [T12] leaf pattern=09744????? got=18 saved=18
2026-05-23 14:11:24,078 INFO [T21] leaf pattern=09740????? got=16 saved=16
2026-05-23 14:11:24,085 INFO [T13] leaf pattern=09741????? got=16 saved=16
2026-05-23 14:11:24,116 INFO [T4] leaf pattern=09746????? got=18 saved=18
2026-05-23 14:11:24,154 INFO [T26] leaf pattern=09747????? got=13 saved=13
2026-05-23 14:11:24,250 INFO [T5] leaf pattern=09743????? got=16 saved=16
2026-05-23 14:11:24,714 INFO [T6] leaf pattern=09748????? got=15 saved=15
2026-05-23 14:11:24,801 INFO [T17] leaf pattern=09749????? got=19 saved=19
2026-05-23 14:11:24,828 INFO [T24] leaf pattern=09760????? got=5 saved=5
2026-05-23 14:11:24,919 INFO [T10] leaf pattern=09761????? got=6 saved=6
2026-05-23 14:11:25,192 INFO [T19] leaf pattern=09762????? got=9 saved=9
2026-05-23 14:11:25,584 INFO [T15] leaf pattern=09763????? got=16 saved=16
2026-05-23 14:11:25,897 INFO [T18] leaf pattern=09764????? got=20 saved=20
2026-05-23 14:11:26,276 INFO [T23] leaf pattern=09765????? got=13 saved=13
2026-05-23 14:11:26,488 INFO [T3] leaf pattern=09766????? got=7 saved=7
2026-05-23 14:11:26,673 INFO [T1] leaf pattern=09768????? got=8 saved=8
2026-05-23 14:11:26,697 INFO [T27] leaf pattern=09769????? got=16 saved=16
2026-05-23 14:11:26,793 INFO [T2] leaf pattern=09767????? got=8 saved=8
2026-05-23 14:11:26,870 INFO [T7] expand pattern=03530????? got=40 ≥ 30 → split into 10 children
2026-05-23 14:11:27,024 INFO [T29] expand pattern=03531????? got=36 ≥ 30 → split into 10 children
2026-05-23 14:11:27,075 INFO [T30] expand pattern=03532????? got=37 ≥ 30 → split into 10 children
2026-05-23 14:11:27,175 INFO [T14] expand pattern=03535????? got=35 ≥ 30 → split into 10 children
2026-05-23 14:11:27,184 INFO [T28] expand pattern=03534????? got=39 ≥ 30 → split into 10 children
2026-05-23 14:11:27,212 INFO [T20] expand pattern=03533????? got=33 ≥ 30 → split into 10 children
2026-05-23 14:11:27,336 INFO [T16] expand pattern=03536????? got=34 ≥ 30 → split into 10 children
2026-05-23 14:11:27,923 INFO [T9] expand pattern=03539????? got=35 ≥ 30 → split into 10 children
2026-05-23 14:11:27,977 INFO [T11] expand pattern=03538????? got=42 ≥ 30 → split into 10 children
2026-05-23 14:11:28,028 INFO [T12] leaf pattern=003412???? got=4 saved=4
2026-05-23 14:11:28,065 INFO [T21] leaf pattern=003413???? got=8 saved=8
2026-05-23 14:11:28,079 INFO [T13] leaf pattern=003414???? got=8 saved=8
2026-05-23 14:11:28,105 INFO [T26] leaf pattern=003416???? got=8 saved=8
2026-05-23 14:11:28,128 INFO [T4] leaf pattern=003415???? got=7 saved=7
2026-05-23 14:11:28,177 INFO [T8] leaf pattern=003411???? got=3 saved=3
2026-05-23 14:11:28,200 INFO [T5] leaf pattern=003417???? got=4 saved=4
2026-05-23 14:11:28,299 INFO [T22] leaf pattern=003410???? got=10 saved=10
2026-05-23 14:11:28,863 INFO [T10] leaf pattern=09781????? got=14 saved=14
2026-05-23 14:11:28,923 INFO [T24] leaf pattern=09780????? got=10 saved=10
2026-05-23 14:11:28,931 INFO [T17] leaf pattern=003419???? got=8 saved=8
2026-05-23 14:11:28,996 INFO [T6] leaf pattern=003418???? got=6 saved=6
2026-05-23 14:11:29,134 INFO [T19] leaf pattern=09782????? got=13 saved=13
2026-05-23 14:11:29,216 INFO [T25] expand pattern=03537????? got=43 ≥ 30 → split into 10 children
2026-05-23 14:11:29,559 INFO [T15] leaf pattern=09783????? got=9 saved=9
2026-05-23 14:11:29,855 INFO [T18] leaf pattern=09784????? got=11 saved=11
2026-05-23 14:11:30,430 INFO [T3] leaf pattern=09786????? got=10 saved=10
2026-05-23 14:11:30,543 INFO [T1] leaf pattern=09787????? got=4 saved=4
2026-05-23 14:11:30,636 INFO [T27] leaf pattern=09788????? got=6 saved=6
2026-05-23 14:11:30,670 INFO [T23] leaf pattern=09785????? got=10 saved=10
2026-05-23 14:11:30,867 INFO [T7] expand pattern=003420???? got=38 ≥ 30 → split into 10 children
2026-05-23 14:11:30,888 INFO [T2] leaf pattern=09789????? got=4 saved=4
2026-05-23 14:11:31,037 INFO [T29] expand pattern=003421???? got=36 ≥ 30 → split into 10 children
2026-05-23 14:11:31,115 INFO [T30] expand pattern=003422???? got=31 ≥ 30 → split into 10 children
2026-05-23 14:11:31,181 INFO [T28] expand pattern=003424???? got=40 ≥ 30 → split into 10 children
2026-05-23 14:11:31,188 INFO [T14] expand pattern=003423???? got=37 ≥ 30 → split into 10 children
2026-05-23 14:11:31,313 INFO [T20] expand pattern=003425???? got=38 ≥ 30 → split into 10 children
2026-05-23 14:11:31,377 INFO [T16] expand pattern=003426???? got=35 ≥ 30 → split into 10 children
2026-05-23 14:11:31,968 INFO [T11] expand pattern=003428???? got=40 ≥ 30 → split into 10 children
2026-05-23 14:11:31,991 INFO [T9] expand pattern=003427???? got=43 ≥ 30 → split into 10 children
2026-05-23 14:11:32,054 INFO [T21] leaf pattern=003450???? got=24 saved=24
2026-05-23 14:11:32,101 INFO [T13] leaf pattern=003451???? got=24 saved=24
2026-05-23 14:11:32,126 INFO [T26] leaf pattern=003452???? got=17 saved=17
2026-05-23 14:11:32,167 INFO [T12] expand pattern=003429???? got=41 ≥ 30 → split into 10 children
2026-05-23 14:11:32,243 INFO [T4] leaf pattern=003453???? got=14 saved=14
2026-05-23 14:11:32,247 INFO [T5] leaf pattern=003455???? got=10 saved=10
2026-05-23 14:11:32,313 INFO [T8] leaf pattern=003454???? got=12 saved=12
2026-05-23 14:11:32,804 INFO [T22] leaf pattern=003456???? got=0 saved=0
2026-05-23 14:11:32,855 INFO [T10] leaf pattern=003457???? got=21 saved=21
2026-05-23 14:11:33,050 INFO [T24] leaf pattern=003458???? got=23 saved=23
2026-05-23 14:11:33,087 INFO [T6] expand pattern=003460???? got=41 ≥ 30 → split into 10 children
2026-05-23 14:11:33,105 INFO [T17] leaf pattern=003459???? got=27 saved=27
2026-05-23 14:11:33,181 INFO [T19] expand pattern=003461???? got=40 ≥ 30 → split into 10 children
2026-05-23 14:11:33,516 INFO [T15] expand pattern=003463???? got=38 ≥ 30 → split into 10 children
2026-05-23 14:11:33,594 INFO [T25] expand pattern=003462???? got=34 ≥ 30 → split into 10 children
2026-05-23 14:11:33,924 INFO [T18] expand pattern=003464???? got=42 ≥ 30 → split into 10 children
2026-05-23 14:11:34,430 INFO [T3] expand pattern=003465???? got=42 ≥ 30 → split into 10 children
2026-05-23 14:11:34,511 INFO [T1] expand pattern=003466???? got=40 ≥ 30 → split into 10 children
2026-05-23 14:11:34,687 INFO [T23] expand pattern=003468???? got=33 ≥ 30 → split into 10 children
2026-05-23 14:11:34,696 INFO [T27] expand pattern=003467???? got=35 ≥ 30 → split into 10 children
2026-05-23 14:11:34,920 INFO [T7] expand pattern=003469???? got=42 ≥ 30 → split into 10 children
2026-05-23 14:11:34,995 INFO [T2] expand pattern=003440???? got=38 ≥ 30 → split into 10 children
2026-05-23 14:11:35,066 INFO [T29] expand pattern=003441???? got=39 ≥ 30 → split into 10 children
2026-05-23 14:11:35,140 INFO [T30] expand pattern=003442???? got=39 ≥ 30 → split into 10 children
2026-05-23 14:11:35,341 INFO [T16] expand pattern=003446???? got=40 ≥ 30 → split into 10 children
2026-05-23 14:11:35,346 INFO [T14] leaf pattern=003444???? got=25 saved=25
2026-05-23 14:11:35,415 INFO [T28] leaf pattern=003443???? got=29 saved=29
2026-05-23 14:11:35,425 INFO [T20] expand pattern=003445???? got=40 ≥ 30 → split into 10 children
2026-05-23 14:11:35,999 INFO [T11] expand pattern=003447???? got=41 ≥ 30 → split into 10 children
2026-05-23 14:11:36,086 INFO [T13] expand pattern=003430???? got=34 ≥ 30 → split into 10 children
2026-05-23 14:11:36,099 INFO [T9] expand pattern=003448???? got=37 ≥ 30 → split into 10 children
2026-05-23 14:11:36,112 INFO [T21] expand pattern=003449???? got=31 ≥ 30 → split into 10 children
2026-05-23 14:11:36,178 INFO [T4] leaf pattern=003433???? got=29 saved=29
2026-05-23 14:11:36,191 INFO [T12] expand pattern=003432???? got=34 ≥ 30 → split into 10 children
2026-05-23 14:11:36,196 INFO [T5] leaf pattern=003434???? got=26 saved=26
2026-05-23 14:11:36,318 INFO [T8] expand pattern=003435???? got=40 ≥ 30 → split into 10 children
2026-05-23 14:11:36,371 INFO [T26] expand pattern=003431???? got=30 ≥ 30 → split into 10 children
2026-05-23 14:11:36,901 INFO [T10] expand pattern=003437???? got=34 ≥ 30 → split into 10 children
2026-05-23 14:11:37,077 INFO [T24] expand pattern=003438???? got=34 ≥ 30 → split into 10 children
2026-05-23 14:11:37,086 INFO [T22] expand pattern=003436???? got=36 ≥ 30 → split into 10 children
2026-05-23 14:11:37,110 INFO [T6] expand pattern=003439???? got=36 ≥ 30 → split into 10 children
2026-05-23 14:11:37,256 INFO [T19] expand pattern=003481???? got=41 ≥ 30 → split into 10 children
2026-05-23 14:11:37,537 INFO [T15] expand pattern=003482???? got=37 ≥ 30 → split into 10 children
2026-05-23 14:11:37,691 INFO [T25] expand pattern=003483???? got=38 ≥ 30 → split into 10 children
2026-05-23 14:11:37,986 INFO [T18] expand pattern=003484???? got=43 ≥ 30 → split into 10 children
2026-05-23 14:11:38,201 INFO [T17] expand pattern=003480???? got=41 ≥ 30 → split into 10 children
2026-05-23 14:11:38,455 INFO [T3] expand pattern=003485???? got=38 ≥ 30 → split into 10 children
2026-05-23 14:11:38,743 INFO [T23] expand pattern=003487???? got=39 ≥ 30 → split into 10 children
2026-05-23 14:11:38,758 INFO [T1] expand pattern=003486???? got=44 ≥ 30 → split into 10 children
2026-05-23 14:11:38,819 INFO [T27] expand pattern=003488???? got=31 ≥ 30 → split into 10 children
2026-05-23 14:11:38,888 INFO [T7] expand pattern=003489???? got=31 ≥ 30 → split into 10 children
2026-05-23 14:11:39,183 INFO [T30] expand pattern=003472???? got=35 ≥ 30 → split into 10 children
2026-05-23 14:11:39,196 INFO [T29] expand pattern=003471???? got=41 ≥ 30 → split into 10 children
2026-05-23 14:11:39,347 INFO [T16] expand pattern=003473???? got=41 ≥ 30 → split into 10 children
2026-05-23 14:11:39,397 INFO [T28] expand pattern=003475???? got=39 ≥ 30 → split into 10 children
2026-05-23 14:11:39,417 INFO [T2] expand pattern=003470???? got=38 ≥ 30 → split into 10 children
2026-05-23 14:11:39,429 INFO [T14] expand pattern=003474???? got=45 ≥ 30 → split into 10 children
2026-05-23 14:11:39,510 INFO [T20] expand pattern=003476???? got=39 ≥ 30 → split into 10 children
2026-05-23 14:11:40,019 INFO [T11] expand pattern=003477???? got=36 ≥ 30 → split into 10 children
2026-05-23 14:11:40,136 INFO [T9] expand pattern=003479???? got=37 ≥ 30 → split into 10 children
2026-05-23 14:11:40,145 INFO [T13] expand pattern=003478???? got=39 ≥ 30 → split into 10 children
2026-05-23 14:11:40,209 INFO [T21] expand pattern=003490???? got=42 ≥ 30 → split into 10 children
2026-05-23 14:11:40,219 INFO [T5] expand pattern=003493???? got=33 ≥ 30 → split into 10 children
2026-05-23 14:11:40,358 INFO [T12] expand pattern=003492???? got=38 ≥ 30 → split into 10 children
2026-05-23 14:11:40,371 INFO [T26] expand pattern=003495???? got=39 ≥ 30 → split into 10 children
2026-05-23 14:11:40,420 INFO [T8] expand pattern=003494???? got=43 ≥ 30 → split into 10 children
2026-05-23 14:11:40,544 INFO [T4] expand pattern=003491???? got=35 ≥ 30 → split into 10 children
2026-05-23 14:11:40,933 INFO [T10] expand pattern=003496???? got=44 ≥ 30 → split into 10 children
2026-05-23 14:11:41,074 INFO [T24] expand pattern=003497???? got=40 ≥ 30 → split into 10 children
2026-05-23 14:11:41,144 INFO [T6] expand pattern=003499???? got=37 ≥ 30 → split into 10 children
2026-05-23 14:11:41,289 INFO [T22] expand pattern=003498???? got=37 ≥ 30 → split into 10 children
2026-05-23 14:11:41,348 INFO [T19] expand pattern=003340???? got=31 ≥ 30 → split into 10 children
2026-05-23 14:11:41,572 INFO [T15] expand pattern=003341???? got=32 ≥ 30 → split into 10 children
2026-05-23 14:11:41,843 INFO [T25] expand pattern=003342???? got=39 ≥ 30 → split into 10 children
2026-05-23 14:11:41,998 INFO [T18] expand pattern=003343???? got=39 ≥ 30 → split into 10 children
2026-05-23 14:11:42,261 INFO [T17] leaf pattern=003344???? got=25 saved=25
2026-05-23 14:11:42,464 INFO [T3] expand pattern=003345???? got=35 ≥ 30 → split into 10 children
2026-05-23 14:11:42,805 INFO [T1] expand pattern=003347???? got=34 ≥ 30 → split into 10 children
2026-05-23 14:11:42,818 INFO [T23] expand pattern=003346???? got=32 ≥ 30 → split into 10 children
2026-05-23 14:11:42,897 INFO [T7] expand pattern=003349???? got=34 ≥ 30 → split into 10 children
2026-05-23 14:11:42,911 INFO [T27] expand pattern=003348???? got=36 ≥ 30 → split into 10 children
2026-05-23 14:11:43,181 INFO [T29] leaf pattern=003351???? got=24 saved=24
2026-05-23 14:11:43,333 INFO [T16] leaf pattern=003352???? got=29 saved=29
2026-05-23 14:11:43,370 INFO [T30] expand pattern=003350???? got=36 ≥ 30 → split into 10 children
2026-05-23 14:11:43,402 INFO [T2] expand pattern=003354???? got=31 ≥ 30 → split into 10 children
2026-05-23 14:11:43,413 INFO [T28] expand pattern=003353???? got=33 ≥ 30 → split into 10 children
2026-05-23 14:11:43,575 INFO [T14] leaf pattern=003355???? got=22 saved=22
2026-05-23 14:11:43,596 INFO [T20] expand pattern=003356???? got=31 ≥ 30 → split into 10 children
2026-05-23 14:11:44,102 INFO [T11] expand pattern=003357???? got=32 ≥ 30 → split into 10 children
2026-05-23 14:11:44,130 INFO [T9] expand pattern=003359???? got=38 ≥ 30 → split into 10 children
2026-05-23 14:11:44,210 INFO [T21] expand pattern=003320???? got=33 ≥ 30 → split into 10 children
2026-05-23 14:11:44,221 INFO [T5] expand pattern=003321???? got=31 ≥ 30 → split into 10 children
2026-05-23 14:11:44,336 INFO [T26] leaf pattern=003323???? got=28 saved=28
2026-05-23 14:11:44,423 INFO [T12] leaf pattern=003322???? got=20 saved=20
2026-05-23 14:11:44,498 INFO [T8] expand pattern=003324???? got=35 ≥ 30 → split into 10 children
2026-05-23 14:11:44,757 INFO [T13] leaf pattern=003358???? got=28 saved=28
2026-05-23 14:11:44,930 INFO [T4] expand pattern=003325???? got=35 ≥ 30 → split into 10 children
2026-05-23 14:11:45,124 INFO [T24] leaf pattern=003327???? got=28 saved=28
2026-05-23 14:11:45,174 INFO [T6] leaf pattern=003328???? got=28 saved=28
2026-05-23 14:11:45,269 INFO [T10] expand pattern=003326???? got=31 ≥ 30 → split into 10 children
2026-05-23 14:11:45,352 INFO [T19] expand pattern=003360???? got=36 ≥ 30 → split into 10 children
2026-05-23 14:11:45,372 INFO [T22] expand pattern=003329???? got=30 ≥ 30 → split into 10 children
2026-05-23 14:11:45,953 INFO [T25] expand pattern=003362???? got=44 ≥ 30 → split into 10 children
2026-05-23 14:11:45,972 INFO [T15] leaf pattern=003361???? got=28 saved=28
2026-05-23 14:11:46,057 INFO [T18] leaf pattern=003363???? got=25 saved=25
2026-05-23 14:11:46,330 INFO [T17] leaf pattern=003364???? got=29 saved=29
2026-05-23 14:11:46,646 INFO [T3] expand pattern=003365???? got=32 ≥ 30 → split into 10 children
2026-05-23 14:11:46,807 INFO [T1] leaf pattern=003366???? got=9 saved=9
2026-05-23 14:11:46,817 INFO [T23] leaf pattern=003367???? got=29 saved=29
2026-05-23 14:11:46,888 INFO [T7] expand pattern=003368???? got=32 ≥ 30 → split into 10 children
2026-05-23 14:11:46,956 INFO [T27] expand pattern=003369???? got=35 ≥ 30 → split into 10 children
2026-05-23 14:11:47,175 INFO [T29] leaf pattern=003380???? got=28 saved=28
2026-05-23 14:11:47,363 INFO [T16] expand pattern=003381???? got=38 ≥ 30 → split into 10 children
2026-05-23 14:11:47,404 INFO [T30] expand pattern=003382???? got=37 ≥ 30 → split into 10 children
2026-05-23 14:11:47,457 INFO [T2] expand pattern=003383???? got=30 ≥ 30 → split into 10 children
2026-05-23 14:11:47,484 INFO [T28] expand pattern=003384???? got=36 ≥ 30 → split into 10 children
2026-05-23 14:11:47,529 INFO [T14] expand pattern=003385???? got=40 ≥ 30 → split into 10 children
2026-05-23 14:11:47,645 INFO [T20] expand pattern=003386???? got=31 ≥ 30 → split into 10 children
2026-05-23 14:11:48,080 INFO [T11] expand pattern=003387???? got=35 ≥ 30 → split into 10 children
2026-05-23 14:11:48,124 INFO [T9] leaf pattern=003388???? got=20 saved=20
2026-05-23 14:11:48,269 INFO [T5] leaf pattern=003200???? got=0 saved=0
2026-05-23 14:11:48,447 INFO [T21] expand pattern=003389???? got=35 ≥ 30 → split into 10 children
2026-05-23 14:11:48,485 INFO [T8] leaf pattern=003203???? got=4 saved=4
2026-05-23 14:11:48,532 INFO [T12] leaf pattern=003202???? got=6 saved=6
2026-05-23 14:11:48,961 INFO [T26] leaf pattern=003201???? got=4 saved=4
2026-05-23 14:11:49,169 INFO [T24] leaf pattern=003206???? got=12 saved=12
2026-05-23 14:11:49,181 INFO [T4] leaf pattern=003205???? got=8 saved=8
2026-05-23 14:11:49,294 INFO [T10] leaf pattern=003208???? got=8 saved=8
2026-05-23 14:11:49,326 INFO [T19] leaf pattern=003209???? got=8 saved=8
2026-05-23 14:11:49,340 INFO [T6] leaf pattern=003207???? got=13 saved=13
2026-05-23 14:11:49,389 INFO [T22] leaf pattern=003390???? got=29 saved=29
2026-05-23 14:11:49,957 INFO [T15] expand pattern=003392???? got=32 ≥ 30 → split into 10 children
2026-05-23 14:11:50,009 INFO [T25] expand pattern=003391???? got=34 ≥ 30 → split into 10 children
2026-05-23 14:11:50,100 INFO [T18] leaf pattern=003393???? got=27 saved=27
2026-05-23 14:11:50,361 INFO [T17] expand pattern=003394???? got=33 ≥ 30 → split into 10 children
2026-05-23 14:11:50,668 INFO [T3] expand pattern=003395???? got=36 ≥ 30 → split into 10 children
2026-05-23 14:11:50,857 INFO [T1] expand pattern=003396???? got=40 ≥ 30 → split into 10 children
2026-05-23 14:11:50,926 INFO [T7] expand pattern=003398???? got=32 ≥ 30 → split into 10 children
2026-05-23 14:11:50,949 INFO [T27] leaf pattern=003399???? got=13 saved=13
2026-05-23 14:11:50,953 INFO [T23] expand pattern=003397???? got=36 ≥ 30 → split into 10 children
2026-05-23 14:11:51,157 INFO [T29] leaf pattern=003230???? got=5 saved=5
2026-05-23 14:11:51,378 INFO [T16] leaf pattern=003231???? got=2 saved=2
2026-05-23 14:11:51,449 INFO [T30] leaf pattern=003232???? got=1 saved=1
2026-05-23 14:11:51,486 INFO [T14] leaf pattern=003235???? got=3 saved=3
2026-05-23 14:11:51,518 INFO [T28] leaf pattern=003234???? got=7 saved=7
2026-05-23 14:11:51,564 INFO [T2] leaf pattern=003233???? got=1 saved=1
2026-05-23 14:11:51,683 INFO [T20] leaf pattern=003236???? got=7 saved=7
2026-05-23 14:11:52,099 INFO [T11] leaf pattern=003237???? got=13 saved=13
2026-05-23 14:11:52,149 INFO [T9] leaf pattern=003238???? got=2 saved=2
2026-05-23 14:11:52,253 INFO [T5] leaf pattern=003239???? got=4 saved=4
2026-05-23 14:11:52,458 INFO [T21] leaf pattern=003240???? got=5 saved=5
2026-05-23 14:11:52,574 INFO [T8] leaf pattern=003241???? got=8 saved=8
2026-05-23 14:11:52,620 INFO [T12] leaf pattern=003242???? got=2 saved=2
2026-05-23 14:11:52,924 INFO [T26] leaf pattern=003243???? got=9 saved=9
2026-05-23 14:11:53,075 INFO [T24] leaf pattern=003244???? got=7 saved=7
2026-05-23 14:11:53,137 INFO [T4] leaf pattern=003245???? got=3 saved=3
2026-05-23 14:11:53,284 INFO [T19] leaf pattern=003247???? got=7 saved=7
2026-05-23 14:11:53,312 INFO [T10] leaf pattern=003246???? got=8 saved=8
2026-05-23 14:11:53,352 INFO [T6] leaf pattern=003248???? got=4 saved=4
2026-05-23 14:11:53,624 INFO [T22] leaf pattern=003249???? got=9 saved=9
2026-05-23 14:11:53,964 INFO [T15] expand pattern=003260???? got=45 ≥ 30 → split into 10 children
2026-05-23 14:11:54,109 INFO [T25] expand pattern=003261???? got=43 ≥ 30 → split into 10 children
2026-05-23 14:11:54,203 INFO [T18] expand pattern=003262???? got=41 ≥ 30 → split into 10 children
2026-05-23 14:11:54,734 INFO [T17] expand pattern=003263???? got=45 ≥ 30 → split into 10 children
2026-05-23 14:11:54,738 INFO [T3] expand pattern=003264???? got=41 ≥ 30 → split into 10 children
2026-05-23 14:11:54,839 INFO [T1] expand pattern=003265???? got=31 ≥ 30 → split into 10 children
2026-05-23 14:11:54,912 INFO [T23] expand pattern=003268???? got=41 ≥ 30 → split into 10 children
2026-05-23 14:11:54,924 INFO [T7] expand pattern=003266???? got=31 ≥ 30 → split into 10 children
2026-05-23 14:11:55,119 INFO [T27] expand pattern=003267???? got=37 ≥ 30 → split into 10 children
2026-05-23 14:11:55,136 INFO [T29] expand pattern=003269???? got=38 ≥ 30 → split into 10 children
2026-05-23 14:11:55,307 INFO [T16] expand pattern=003270???? got=38 ≥ 30 → split into 10 children
2026-05-23 14:11:55,430 INFO [T30] expand pattern=003271???? got=40 ≥ 30 → split into 10 children
2026-05-23 14:11:55,557 INFO [T28] expand pattern=003273???? got=36 ≥ 30 → split into 10 children
2026-05-23 14:11:55,622 INFO [T2] expand pattern=003274???? got=42 ≥ 30 → split into 10 children
2026-05-23 14:11:55,649 INFO [T14] expand pattern=003272???? got=32 ≥ 30 → split into 10 children
2026-05-23 14:11:55,819 INFO [T20] expand pattern=003275???? got=38 ≥ 30 → split into 10 children
2026-05-23 14:11:56,194 INFO [T11] expand pattern=003276???? got=37 ≥ 30 → split into 10 children
2026-05-23 14:11:56,245 INFO [T5] expand pattern=003278???? got=35 ≥ 30 → split into 10 children
2026-05-23 14:11:56,586 INFO [T9] expand pattern=003277???? got=33 ≥ 30 → split into 10 children
2026-05-23 14:11:56,599 INFO [T21] expand pattern=003279???? got=33 ≥ 30 → split into 10 children
2026-05-23 14:11:56,623 INFO [T8] expand pattern=003280???? got=39 ≥ 30 → split into 10 children
2026-05-23 14:11:56,640 INFO [T12] expand pattern=003281???? got=34 ≥ 30 → split into 10 children
2026-05-23 14:11:56,919 INFO [T26] leaf pattern=003282???? got=29 saved=29
2026-05-23 14:11:57,125 INFO [T24] expand pattern=003283???? got=33 ≥ 30 → split into 10 children
2026-05-23 14:11:57,154 INFO [T4] expand pattern=003284???? got=37 ≥ 30 → split into 10 children
2026-05-23 14:11:57,295 INFO [T19] expand pattern=003285???? got=37 ≥ 30 → split into 10 children
2026-05-23 14:11:57,307 INFO [T10] expand pattern=003286???? got=33 ≥ 30 → split into 10 children
2026-05-23 14:11:57,542 INFO [T6] expand pattern=003287???? got=38 ≥ 30 → split into 10 children
2026-05-23 14:11:57,678 INFO [T22] expand pattern=003288???? got=30 ≥ 30 → split into 10 children
2026-05-23 14:11:58,047 INFO [T15] expand pattern=003289???? got=33 ≥ 30 → split into 10 children
2026-05-23 14:11:58,168 INFO [T25] leaf pattern=003210???? got=5 saved=5
2026-05-23 14:11:58,249 INFO [T18] leaf pattern=003211???? got=2 saved=2
2026-05-23 14:11:58,791 INFO [T3] leaf pattern=003213???? got=4 saved=4
2026-05-23 14:11:58,813 INFO [T1] leaf pattern=003214???? got=8 saved=8
2026-05-23 14:11:58,829 INFO [T17] leaf pattern=003212???? got=6 saved=6
2026-05-23 14:11:58,914 INFO [T7] leaf pattern=003216???? got=9 saved=9
2026-05-23 14:11:58,947 INFO [T23] leaf pattern=003215???? got=9 saved=9
2026-05-23 14:11:59,092 INFO [T29] leaf pattern=003218???? got=3 saved=3
2026-05-23 14:11:59,154 INFO [T27] leaf pattern=003217???? got=7 saved=7
2026-05-23 14:11:59,318 INFO [T16] leaf pattern=003219???? got=6 saved=6
2026-05-23 14:11:59,404 INFO [T30] expand pattern=003290???? got=34 ≥ 30 → split into 10 children
2026-05-23 14:11:59,593 INFO [T28] expand pattern=003291???? got=35 ≥ 30 → split into 10 children
2026-05-23 14:11:59,714 INFO [T14] expand pattern=003293???? got=37 ≥ 30 → split into 10 children
2026-05-23 14:11:59,868 INFO [T20] expand pattern=003294???? got=38 ≥ 30 → split into 10 children
2026-05-23 14:12:00,151 INFO [T11] expand pattern=003295???? got=45 ≥ 30 → split into 10 children
2026-05-23 14:12:00,356 INFO [T5] expand pattern=003296???? got=40 ≥ 30 → split into 10 children
2026-05-23 14:12:00,494 INFO [T2] expand pattern=003292???? got=37 ≥ 30 → split into 10 children
2026-05-23 14:12:00,589 INFO [T21] expand pattern=003298???? got=39 ≥ 30 → split into 10 children
2026-05-23 14:12:02,765 WARNING [T13] ReadTimeout attempt=1/3 pattern=003204????: HTTPSConnectionPool(host='vietteltelecom.vn', port=443): Read timed out. (read timeout=15)
2026-05-23 14:12:02,765 INFO [T13] rotate IP 2bd47288 → ecad1e1b
2026-05-23 14:12:03,216 INFO [T23] leaf pattern=003505???? got=3 saved=3
2026-05-23 14:12:03,457 INFO [T12] leaf pattern=003250???? got=16 saved=16
2026-05-23 14:12:03,591 INFO [T28] expand pattern=003370???? got=39 ≥ 30 → split into 10 children
2026-05-23 14:12:03,694 INFO [T9] expand pattern=003297???? got=40 ≥ 30 → split into 10 children
2026-05-23 14:12:03,707 INFO [T15] expand pattern=003258???? got=41 ≥ 30 → split into 10 children
2026-05-23 14:12:03,855 INFO [T18] leaf pattern=003500???? got=3 saved=3
2026-05-23 14:12:03,883 INFO [T22] expand pattern=003257???? got=42 ≥ 30 → split into 10 children
2026-05-23 14:12:03,938 INFO [T26] leaf pattern=003251???? got=28 saved=28
2026-05-23 14:12:03,980 INFO [T29] leaf pattern=003506???? got=7 saved=7
2026-05-23 14:12:04,010 INFO [T1] leaf pattern=003502???? got=6 saved=6
2026-05-23 14:12:04,099 INFO [T8] expand pattern=003299???? got=34 ≥ 30 → split into 10 children
2026-05-23 14:12:04,114 INFO [T27] leaf pattern=003507???? got=10 saved=10
2026-05-23 14:12:04,146 INFO [T24] expand pattern=003252???? got=36 ≥ 30 → split into 10 children
2026-05-23 14:12:04,241 INFO [T4] expand pattern=003253???? got=42 ≥ 30 → split into 10 children
2026-05-23 14:12:04,304 INFO [T25] expand pattern=003259???? got=49 ≥ 30 → split into 10 children
2026-05-23 14:12:04,343 INFO [T16] leaf pattern=003508???? got=11 saved=11
2026-05-23 14:12:04,416 INFO [T14] expand pattern=003371???? got=31 ≥ 30 → split into 10 children
2026-05-23 14:12:04,425 INFO [T19] expand pattern=003254???? got=44 ≥ 30 → split into 10 children
2026-05-23 14:12:04,484 INFO [T5] expand pattern=003374???? got=37 ≥ 30 → split into 10 children
2026-05-23 14:12:04,497 INFO [T30] leaf pattern=003509???? got=11 saved=11
2026-05-23 14:12:04,574 INFO [T10] expand pattern=003255???? got=42 ≥ 30 → split into 10 children
2026-05-23 14:12:04,606 INFO [T17] leaf pattern=003503???? got=4 saved=4
2026-05-23 14:12:04,614 INFO [T7] leaf pattern=003504???? got=12 saved=12
2026-05-23 14:12:04,619 INFO [T11] leaf pattern=003373???? got=24 saved=24
2026-05-23 14:12:04,636 INFO [T3] leaf pattern=003501???? got=7 saved=7
2026-05-23 14:12:04,655 INFO [T21] expand pattern=003376???? got=37 ≥ 30 → split into 10 children
2026-05-23 14:12:04,712 INFO [T6] expand pattern=003256???? got=44 ≥ 30 → split into 10 children
2026-05-23 14:12:04,874 INFO [T2] expand pattern=003375???? got=42 ≥ 30 → split into 10 children
2026-05-23 14:12:07,236 INFO [T23] expand pattern=003377???? got=36 ≥ 30 → split into 10 children
2026-05-23 14:12:07,556 INFO [T28] expand pattern=003379???? got=40 ≥ 30 → split into 10 children
2026-05-23 14:12:07,580 INFO [T12] expand pattern=003378???? got=35 ≥ 30 → split into 10 children
2026-05-23 14:12:07,713 INFO [T9] expand pattern=003520???? got=35 ≥ 30 → split into 10 children
2026-05-23 14:12:07,879 INFO [T15] expand pattern=003521???? got=43 ≥ 30 → split into 10 children
2026-05-23 14:12:07,982 INFO [T22] expand pattern=003523???? got=36 ≥ 30 → split into 10 children
2026-05-23 14:12:07,987 INFO [T1] expand pattern=003526???? got=36 ≥ 30 → split into 10 children
2026-05-23 14:12:08,009 INFO [T18] leaf pattern=003522???? got=29 saved=29
2026-05-23 14:12:08,028 INFO [T29] expand pattern=003525???? got=35 ≥ 30 → split into 10 children
2026-05-23 14:12:08,046 INFO [T26] expand pattern=003524???? got=38 ≥ 30 → split into 10 children
2026-05-23 14:12:08,185 INFO [T27] expand pattern=003528???? got=46 ≥ 30 → split into 10 children
2026-05-23 14:12:08,194 INFO [T8] expand pattern=003527???? got=33 ≥ 30 → split into 10 children
2026-05-23 14:12:08,264 INFO [T4] expand pattern=003530???? got=39 ≥ 30 → split into 10 children
2026-05-23 14:12:08,273 INFO [T24] expand pattern=003529???? got=36 ≥ 30 → split into 10 children
2026-05-23 14:12:08,473 INFO [T14] expand pattern=003533???? got=34 ≥ 30 → split into 10 children
2026-05-23 14:12:08,486 INFO [T30] expand pattern=003536???? got=36 ≥ 30 → split into 10 children
2026-05-23 14:12:08,499 INFO [T5] expand pattern=003535???? got=32 ≥ 30 → split into 10 children
2026-05-23 14:12:08,597 INFO [T16] expand pattern=003532???? got=33 ≥ 30 → split into 10 children
2026-05-23 14:12:08,618 INFO [T17] expand pattern=003538???? got=39 ≥ 30 → split into 10 children
2026-05-23 14:12:08,642 INFO [T3] leaf pattern=003551???? got=22 saved=22
2026-05-23 14:12:08,659 INFO [T10] expand pattern=003537???? got=42 ≥ 30 → split into 10 children
2026-05-23 14:12:08,669 INFO [T7] expand pattern=003550???? got=30 ≥ 30 → split into 10 children
2026-05-23 14:12:08,750 INFO [T6] leaf pattern=003553???? got=29 saved=29
2026-05-23 14:12:08,827 INFO [T11] expand pattern=003539???? got=38 ≥ 30 → split into 10 children
2026-05-23 14:12:09,008 INFO [T25] expand pattern=003531???? got=36 ≥ 30 → split into 10 children
2026-05-23 14:12:09,018 INFO [T2] expand pattern=003554???? got=36 ≥ 30 → split into 10 children
2026-05-23 14:12:09,261 WARNING [T13] ConnectionError attempt=2/3 pattern=003204????: ('Connection aborted.', ConnectionResetError(10054, 'An existing connection was forcibly closed by the remote host', Non
2026-05-23 14:12:09,261 INFO [T13] rotate IP ecad1e1b → ab604c3e
2026-05-23 14:12:09,463 INFO [T19] expand pattern=003534???? got=41 ≥ 30 → split into 10 children
2026-05-23 14:12:09,704 INFO [T21] expand pattern=003552???? got=30 ≥ 30 → split into 10 children
2026-05-23 14:12:11,335 INFO [T23] leaf pattern=003555???? got=6 saved=6
2026-05-23 14:12:11,601 INFO [T28] expand pattern=003556???? got=37 ≥ 30 → split into 10 children
2026-05-23 14:12:11,825 INFO [T9] expand pattern=003558???? got=31 ≥ 30 → split into 10 children
2026-05-23 14:12:11,932 INFO [T12] expand pattern=003557???? got=32 ≥ 30 → split into 10 children
2026-05-23 14:12:11,983 INFO [T26] expand pattern=003564???? got=41 ≥ 30 → split into 10 children
2026-05-23 14:12:11,986 INFO [T15] expand pattern=003559???? got=37 ≥ 30 → split into 10 children
2026-05-23 14:12:12,016 INFO [T1] expand pattern=003561???? got=35 ≥ 30 → split into 10 children
2026-05-23 14:12:12,043 INFO [T18] expand pattern=003562???? got=32 ≥ 30 → split into 10 children
2026-05-23 14:12:12,068 INFO [T29] expand pattern=003563???? got=37 ≥ 30 → split into 10 children
2026-05-23 14:12:12,170 INFO [T27] expand pattern=003565???? got=37 ≥ 30 → split into 10 children
2026-05-23 14:12:12,181 INFO [T8] expand pattern=003566???? got=35 ≥ 30 → split into 10 children
2026-05-23 14:12:12,218 INFO [T4] expand pattern=003567???? got=42 ≥ 30 → split into 10 children
2026-05-23 14:12:12,267 INFO [T22] expand pattern=003560???? got=34 ≥ 30 → split into 10 children
2026-05-23 14:12:12,460 INFO [T30] expand pattern=003570???? got=37 ≥ 30 → split into 10 children
2026-05-23 14:12:12,502 INFO [T14] expand pattern=003569???? got=41 ≥ 30 → split into 10 children
2026-05-23 14:12:12,520 INFO [T24] expand pattern=003568???? got=36 ≥ 30 → split into 10 children
2026-05-23 14:12:12,589 INFO [T5] expand pattern=003571???? got=38 ≥ 30 → split into 10 children
2026-05-23 14:12:12,641 INFO [T16] expand pattern=003572???? got=35 ≥ 30 → split into 10 children
2026-05-23 14:12:12,660 INFO [T7] expand pattern=003576???? got=34 ≥ 30 → split into 10 children
2026-05-23 14:12:12,731 INFO [T17] expand pattern=003573???? got=37 ≥ 30 → split into 10 children
2026-05-23 14:12:12,797 INFO [T6] expand pattern=003577???? got=34 ≥ 30 → split into 10 children
2026-05-23 14:12:12,801 INFO [T3] expand pattern=003574???? got=37 ≥ 30 → split into 10 children
2026-05-23 14:12:12,922 INFO [T11] expand pattern=003578???? got=30 ≥ 30 → split into 10 children
2026-05-23 14:12:13,045 INFO [T25] expand pattern=003579???? got=37 ≥ 30 → split into 10 children
2026-05-23 14:12:13,072 INFO [T10] expand pattern=003575???? got=34 ≥ 30 → split into 10 children
2026-05-23 14:12:13,099 INFO [T13] D1N refreshed b3669a2511ef9f70…
2026-05-23 14:12:13,421 INFO [T2] expand pattern=003540???? got=37 ≥ 30 → split into 10 children
2026-05-23 14:12:13,526 INFO [T19] expand pattern=003541???? got=42 ≥ 30 → split into 10 children
2026-05-23 14:12:13,774 INFO [T21] expand pattern=003542???? got=39 ≥ 30 → split into 10 children
2026-05-23 14:12:15,557 INFO [T28] expand pattern=003544???? got=43 ≥ 30 → split into 10 children
2026-05-23 14:12:15,638 INFO [T23] expand pattern=003543???? got=39 ≥ 30 → split into 10 children
2026-05-23 14:12:15,880 INFO [T9] expand pattern=003545???? got=33 ≥ 30 → split into 10 children
2026-05-23 14:12:15,946 INFO [T12] expand pattern=003546???? got=40 ≥ 30 → split into 10 children
2026-05-23 14:12:16,124 INFO [T18] expand pattern=003580???? got=38 ≥ 30 → split into 10 children
2026-05-23 14:12:16,129 INFO [T1] expand pattern=003549???? got=37 ≥ 30 → split into 10 children
2026-05-23 14:12:16,132 INFO [T29] expand pattern=003581???? got=37 ≥ 30 → split into 10 children
2026-05-23 14:12:16,208 INFO [T8] expand pattern=003583???? got=34 ≥ 30 → split into 10 children
2026-05-23 14:12:16,217 INFO [T4] expand pattern=003584???? got=33 ≥ 30 → split into 10 children
2026-05-23 14:12:16,271 INFO [T15] expand pattern=003548???? got=40 ≥ 30 → split into 10 children
2026-05-23 14:12:16,365 INFO [T26] expand pattern=003547???? got=39 ≥ 30 → split into 10 children
2026-05-23 14:12:16,480 INFO [T14] expand pattern=003587???? got=39 ≥ 30 → split into 10 children
2026-05-23 14:12:16,527 INFO [T30] expand pattern=003586???? got=35 ≥ 30 → split into 10 children
2026-05-23 14:12:16,579 INFO [T24] expand pattern=003588???? got=36 ≥ 30 → split into 10 children
2026-05-23 14:12:16,594 INFO [T16] expand pattern=003590???? got=37 ≥ 30 → split into 10 children
2026-05-23 14:12:16,620 INFO [T22] expand pattern=003585???? got=39 ≥ 30 → split into 10 children
2026-05-23 14:12:16,681 INFO [T7] expand pattern=003591???? got=40 ≥ 30 → split into 10 children
2026-05-23 14:12:16,747 INFO [T5] expand pattern=003589???? got=36 ≥ 30 → split into 10 children
2026-05-23 14:12:16,760 INFO [T6] expand pattern=003593???? got=37 ≥ 30 → split into 10 children
2026-05-23 14:12:16,807 INFO [T3] expand pattern=003594???? got=41 ≥ 30 → split into 10 children
2026-05-23 14:12:16,823 INFO [T17] expand pattern=003592???? got=37 ≥ 30 → split into 10 children
2026-05-23 14:12:17,112 INFO [T10] expand pattern=003597???? got=38 ≥ 30 → split into 10 children
2026-05-23 14:12:17,184 INFO [T11] expand pattern=003595???? got=41 ≥ 30 → split into 10 children
2026-05-23 14:12:17,202 INFO [T25] expand pattern=003596???? got=35 ≥ 30 → split into 10 children
2026-05-23 14:12:17,211 INFO [T27] expand pattern=003582???? got=39 ≥ 30 → split into 10 children
2026-05-23 14:12:17,447 INFO [T2] expand pattern=003598???? got=35 ≥ 30 → split into 10 children
2026-05-23 14:12:17,594 INFO [T19] leaf pattern=003599???? got=28 saved=28
2026-05-23 14:12:17,853 INFO [T21] leaf pattern=09610????? got=11 saved=11
2026-05-23 14:12:17,861 WARNING [T20] ReadTimeout attempt=1/3 pattern=003372????: HTTPSConnectionPool(host='vietteltelecom.vn', port=443): Read timed out. (read timeout=15)
2026-05-23 14:12:17,861 INFO [T20] rotate IP 8207e588 → d00f8c73
2026-05-23 14:12:18,130 INFO [T13] leaf pattern=003204???? got=12 saved=12
2026-05-23 14:12:19,469 INFO [T28] leaf pattern=09611????? got=6 saved=6
2026-05-23 14:12:19,597 INFO [T23] leaf pattern=09612????? got=6 saved=6
2026-05-23 14:12:19,842 INFO [T9] leaf pattern=09613????? got=12 saved=12
2026-05-23 14:12:19,930 INFO [T12] leaf pattern=09614????? got=16 saved=16
2026-05-23 14:12:19,982 INFO [T1] leaf pattern=09616????? got=11 saved=11
2026-05-23 14:12:20,036 INFO [T18] leaf pattern=09615????? got=10 saved=10
2026-05-23 14:12:20,126 INFO [T4] leaf pattern=09619????? got=14 saved=14
2026-05-23 14:12:20,134 INFO [T8] leaf pattern=09618????? got=14 saved=14
2026-05-23 14:12:20,214 INFO [T15] leaf pattern=09620????? got=11 saved=11
2026-05-23 14:12:20,248 INFO [T26] leaf pattern=09621????? got=13 saved=13
2026-05-23 14:12:20,325 INFO [T29] leaf pattern=09617????? got=14 saved=14
2026-05-23 14:12:20,431 INFO [T30] leaf pattern=09623????? got=9 saved=9
2026-05-23 14:12:20,470 INFO [T14] leaf pattern=09622????? got=9 saved=9
2026-05-23 14:12:20,531 INFO [T20] D1N refreshed 09cd2146eb51fe38…
2026-05-23 14:12:20,531 INFO [T24] leaf pattern=09624????? got=22 saved=22
2026-05-23 14:12:20,537 INFO [T16] leaf pattern=09625????? got=11 saved=11
2026-05-23 14:12:20,653 INFO [T7] leaf pattern=09627????? got=7 saved=7
2026-05-23 14:12:20,710 INFO [T5] leaf pattern=09628????? got=10 saved=10
2026-05-23 14:12:20,765 INFO [T3] leaf pattern=09630????? got=5 saved=5
2026-05-23 14:12:20,782 INFO [T22] leaf pattern=09626????? got=9 saved=9
2026-05-23 14:12:20,813 INFO [T17] leaf pattern=09631????? got=9 saved=9
2026-05-23 14:12:21,068 INFO [T10] leaf pattern=09632????? got=3 saved=3
2026-05-23 14:12:21,083 INFO [T27] leaf pattern=09635????? got=7 saved=7
2026-05-23 14:12:21,131 INFO [T6] leaf pattern=09629????? got=14 saved=14
2026-05-23 14:12:21,146 INFO [T25] leaf pattern=09634????? got=9 saved=9
2026-05-23 14:12:21,362 INFO [T2] leaf pattern=09636????? got=5 saved=5
2026-05-23 14:12:21,524 INFO [T19] leaf pattern=09637????? got=11 saved=11
2026-05-23 14:12:21,846 INFO [T21] leaf pattern=09638????? got=21 saved=21
2026-05-23 14:12:22,100 INFO [T13] leaf pattern=09639????? got=13 saved=13
2026-05-23 14:12:22,610 INFO [T11] leaf pattern=09633????? got=6 saved=6
2026-05-23 14:12:23,415 INFO [T28] leaf pattern=09640????? got=23 saved=23
2026-05-23 14:12:23,541 INFO [T23] leaf pattern=09641????? got=23 saved=23
2026-05-23 14:12:23,797 INFO [T9] leaf pattern=09642????? got=20 saved=20
2026-05-23 14:12:24,022 INFO [T18] leaf pattern=09645????? got=21 saved=21
2026-05-23 14:12:24,151 INFO [T26] leaf pattern=09649????? got=17 saved=17
2026-05-23 14:12:24,235 INFO [T29] leaf pattern=09650????? got=8 saved=8
2026-05-23 14:12:24,259 INFO [T15] leaf pattern=09648????? got=24 saved=24
2026-05-23 14:12:24,270 INFO [T8] leaf pattern=09647????? got=19 saved=19
2026-05-23 14:12:24,339 INFO [T30] leaf pattern=09651????? got=10 saved=10
2026-05-23 14:12:24,360 INFO [T4] leaf pattern=09646????? got=18 saved=18
2026-05-23 14:12:24,384 INFO [T12] leaf pattern=09643????? got=16 saved=16
2026-05-23 14:12:24,483 INFO [T24] leaf pattern=09653????? got=9 saved=9
2026-05-23 14:12:24,533 INFO [T14] leaf pattern=09652????? got=8 saved=8
2026-05-23 14:12:24,548 INFO [T7] leaf pattern=09655????? got=6 saved=6
2026-05-23 14:12:24,569 INFO [T5] leaf pattern=09656????? got=9 saved=9
2026-05-23 14:12:24,647 INFO [T16] leaf pattern=09654????? got=20 saved=20
2026-05-23 14:12:24,689 INFO [T3] leaf pattern=09657????? got=6 saved=6
2026-05-23 14:12:24,770 INFO [T17] leaf pattern=09659????? got=10 saved=10
2026-05-23 14:12:24,862 INFO [T22] leaf pattern=09658????? got=8 saved=8
2026-05-23 14:12:24,924 INFO [T1] leaf pattern=09644????? got=22 saved=22
2026-05-23 14:12:25,000 INFO [T27] leaf pattern=09661????? got=7 saved=7
2026-05-23 14:12:25,014 INFO [T10] leaf pattern=09660????? got=10 saved=10
2026-05-23 14:12:25,132 INFO [T6] leaf pattern=09662????? got=9 saved=9
2026-05-23 14:12:25,135 INFO [T25] leaf pattern=09663????? got=7 saved=7
2026-05-23 14:12:25,317 INFO [T2] leaf pattern=09664????? got=13 saved=13
2026-05-23 14:12:25,539 INFO [T19] leaf pattern=09665????? got=8 saved=8
2026-05-23 14:12:25,760 INFO [T20] expand pattern=003372???? got=36 ≥ 30 → split into 10 children
2026-05-23 14:12:25,778 INFO [T21] leaf pattern=09666????? got=2 saved=2
2026-05-23 14:12:25,994 INFO [T13] leaf pattern=09667????? got=3 saved=3
2026-05-23 14:12:26,556 INFO [T11] leaf pattern=09668????? got=2 saved=2
2026-05-23 14:12:27,355 INFO [T28] leaf pattern=09669????? got=6 saved=6
2026-05-23 14:12:27,437 INFO [T23] leaf pattern=09670????? got=10 saved=10
2026-05-23 14:12:27,745 INFO [T9] leaf pattern=09671????? got=8 saved=8
2026-05-23 14:12:27,998 INFO [T18] leaf pattern=09672????? got=8 saved=8
2026-05-23 14:12:28,106 INFO [T26] leaf pattern=09673????? got=11 saved=11
2026-05-23 14:12:28,175 INFO [T29] leaf pattern=09674????? got=10 saved=10
2026-05-23 14:12:28,204 INFO [T15] leaf pattern=09675????? got=10 saved=10
2026-05-23 14:12:28,220 INFO [T30] leaf pattern=09677????? got=9 saved=9
2026-05-23 14:12:28,237 INFO [T8] leaf pattern=09676????? got=4 saved=4
2026-05-23 14:12:28,248 INFO [T4] leaf pattern=09678????? got=2 saved=2
2026-05-23 14:12:28,376 INFO [T12] leaf pattern=09679????? got=12 saved=12
2026-05-23 14:12:28,493 INFO [T14] leaf pattern=09681????? got=10 saved=10
2026-05-23 14:12:28,553 INFO [T24] leaf pattern=09680????? got=11 saved=11
2026-05-23 14:12:28,569 INFO [T7] leaf pattern=09682????? got=13 saved=13
2026-05-23 14:12:28,574 INFO [T5] leaf pattern=09683????? got=12 saved=12
2026-05-23 14:12:28,607 INFO [T16] leaf pattern=09684????? got=19 saved=19
2026-05-23 14:12:28,666 INFO [T3] leaf pattern=09685????? got=11 saved=11
2026-05-23 14:12:28,902 INFO [T1] leaf pattern=09688????? got=8 saved=8
2026-05-23 14:12:28,923 INFO [T22] leaf pattern=09687????? got=10 saved=10
2026-05-23 14:12:28,932 INFO [T27] leaf pattern=09689????? got=8 saved=8
2026-05-23 14:12:28,984 INFO [T17] leaf pattern=09686????? got=4 saved=4
2026-05-23 14:12:29,055 INFO [T6] leaf pattern=09691????? got=11 saved=11
2026-05-23 14:12:29,073 INFO [T10] leaf pattern=09690????? got=9 saved=9
2026-05-23 14:12:29,086 INFO [T25] leaf pattern=09692????? got=9 saved=9
2026-05-23 14:12:29,465 INFO [T19] leaf pattern=09694????? got=7 saved=7
2026-05-23 14:12:29,496 INFO [T2] leaf pattern=09693????? got=12 saved=12
2026-05-23 14:12:29,674 INFO [T20] leaf pattern=09695????? got=5 saved=5
2026-05-23 14:12:29,830 INFO [T21] leaf pattern=09696????? got=5 saved=5
2026-05-23 14:12:30,462 INFO [T11] leaf pattern=09698????? got=1 saved=1
2026-05-23 14:12:31,266 INFO [T28] leaf pattern=09699????? got=3 saved=3
2026-05-23 14:12:31,490 INFO [T23] leaf pattern=003600???? got=4 saved=4
2026-05-23 14:12:31,711 INFO [T9] leaf pattern=003601???? got=8 saved=8
2026-05-23 14:12:32,054 INFO [T26] leaf pattern=003603???? got=10 saved=10
2026-05-23 14:12:32,181 INFO [T30] leaf pattern=003606???? got=2 saved=2
2026-05-23 14:12:32,188 INFO [T29] leaf pattern=003604???? got=20 saved=20
2026-05-23 14:12:32,194 INFO [T18] leaf pattern=003602???? got=14 saved=14
2026-05-23 14:12:32,229 INFO [T4] leaf pattern=003608???? got=8 saved=8
2026-05-23 14:12:32,243 INFO [T8] leaf pattern=003607???? got=7 saved=7
2026-05-23 14:12:32,258 INFO [T15] leaf pattern=003605???? got=10 saved=10
2026-05-23 14:12:32,413 INFO [T12] leaf pattern=003609???? got=5 saved=5
2026-05-23 14:12:32,462 INFO [T14] expand pattern=003620???? got=43 ≥ 30 → split into 10 children
2026-05-23 14:12:32,483 INFO [T7] leaf pattern=003622???? got=27 saved=27
2026-05-23 14:12:32,495 INFO [T24] expand pattern=003621???? got=39 ≥ 30 → split into 10 children
2026-05-23 14:12:32,504 INFO [T5] expand pattern=003623???? got=39 ≥ 30 → split into 10 children
2026-05-23 14:12:32,610 INFO [T16] expand pattern=003624???? got=41 ≥ 30 → split into 10 children
2026-05-23 14:12:32,743 INFO [T3] expand pattern=003625???? got=38 ≥ 30 → split into 10 children
2026-05-23 14:12:32,921 INFO [T27] expand pattern=003628???? got=37 ≥ 30 → split into 10 children
2026-05-23 14:12:33,034 INFO [T6] expand pattern=003630???? got=38 ≥ 30 → split into 10 children
2026-05-23 14:12:33,051 INFO [T13] leaf pattern=09697????? got=8 saved=8
2026-05-23 14:12:33,079 INFO [T17] expand pattern=003629???? got=39 ≥ 30 → split into 10 children
2026-05-23 14:12:33,090 INFO [T10] expand pattern=003631???? got=34 ≥ 30 → split into 10 children
2026-05-23 14:12:33,108 INFO [T25] expand pattern=003632???? got=31 ≥ 30 → split into 10 children
2026-05-23 14:12:33,118 INFO [T22] expand pattern=003627???? got=43 ≥ 30 → split into 10 children
2026-05-23 14:12:33,155 INFO [T1] expand pattern=003626???? got=36 ≥ 30 → split into 10 children
2026-05-23 14:12:33,455 INFO [T19] leaf pattern=003633???? got=27 saved=27
2026-05-23 14:12:33,518 INFO [T2] expand pattern=003634???? got=40 ≥ 30 → split into 10 children
2026-05-23 14:12:33,747 INFO [T20] expand pattern=003635???? got=43 ≥ 30 → split into 10 children
2026-05-23 14:12:33,820 INFO [T21] leaf pattern=003636???? got=25 saved=25
2026-05-23 14:12:34,444 INFO [T11] expand pattern=003637???? got=39 ≥ 30 → split into 10 children
2026-05-23 14:12:35,286 INFO [T28] expand pattern=003638???? got=30 ≥ 30 → split into 10 children
2026-05-23 14:12:35,509 INFO [T23] expand pattern=003639???? got=33 ≥ 30 → split into 10 children
2026-05-23 14:12:35,758 INFO [T9] expand pattern=003640???? got=40 ≥ 30 → split into 10 children
2026-05-23 14:12:36,003 INFO [T26] expand pattern=003641???? got=38 ≥ 30 → split into 10 children
2026-05-23 14:12:36,138 INFO [T30] expand pattern=003642???? got=39 ≥ 30 → split into 10 children
2026-05-23 14:12:36,150 INFO [T29] expand pattern=003643???? got=38 ≥ 30 → split into 10 children
2026-05-23 14:12:36,185 INFO [T4] expand pattern=003645???? got=37 ≥ 30 → split into 10 children
2026-05-23 14:12:36,198 INFO [T18] expand pattern=003644???? got=36 ≥ 30 → split into 10 children
2026-05-23 14:12:36,370 INFO [T8] expand pattern=003646???? got=40 ≥ 30 → split into 10 children
2026-05-23 14:12:36,378 INFO [T15] expand pattern=003647???? got=40 ≥ 30 → split into 10 children
2026-05-23 14:12:36,448 INFO [T12] expand pattern=003648???? got=44 ≥ 30 → split into 10 children
2026-05-23 14:12:36,483 INFO [T7] leaf pattern=003611???? got=2 saved=2
2026-05-23 14:12:36,523 INFO [T14] expand pattern=003649???? got=39 ≥ 30 → split into 10 children
2026-05-23 14:12:36,550 INFO [T24] leaf pattern=003610???? got=1 saved=1
2026-05-23 14:12:36,562 INFO [T16] leaf pattern=003613???? got=7 saved=7
2026-05-23 14:12:36,874 INFO [T27] leaf pattern=003615???? got=4 saved=4
2026-05-23 14:12:36,912 INFO [T3] leaf pattern=003614???? got=6 saved=6
2026-05-23 14:12:36,968 INFO [T5] leaf pattern=003612???? got=4 saved=4
2026-05-23 14:12:37,030 INFO [T6] leaf pattern=003616???? got=9 saved=9
2026-05-23 14:12:37,047 INFO [T13] leaf pattern=003617???? got=9 saved=9
2026-05-23 14:12:37,116 INFO [T25] leaf pattern=003619???? got=4 saved=4
2026-05-23 14:12:37,129 INFO [T10] expand pattern=003650???? got=39 ≥ 30 → split into 10 children
2026-05-23 14:12:37,156 INFO [T17] leaf pattern=003618???? got=10 saved=10
2026-05-23 14:12:37,202 INFO [T22] expand pattern=003651???? got=35 ≥ 30 → split into 10 children
2026-05-23 14:12:37,326 INFO [T1] expand pattern=003652???? got=39 ≥ 30 → split into 10 children
2026-05-23 14:12:37,448 INFO [T19] expand pattern=003653???? got=35 ≥ 30 → split into 10 children
2026-05-23 14:12:37,780 INFO [T20] expand pattern=003655???? got=33 ≥ 30 → split into 10 children
2026-05-23 14:12:37,867 INFO [T21] expand pattern=003656???? got=36 ≥ 30 → split into 10 children
2026-05-23 14:12:37,906 INFO [T2] expand pattern=003654???? got=37 ≥ 30 → split into 10 children
2026-05-23 14:12:38,807 INFO [T11] expand pattern=003657???? got=43 ≥ 30 → split into 10 children
2026-05-23 14:12:39,251 INFO [T28] expand pattern=003658???? got=33 ≥ 30 → split into 10 children
2026-05-23 14:12:39,645 INFO [T23] expand pattern=003659???? got=40 ≥ 30 → split into 10 children
2026-05-23 14:12:39,783 INFO [T9] expand pattern=003660???? got=42 ≥ 30 → split into 10 children
2026-05-23 14:12:40,026 INFO [T26] expand pattern=003661???? got=37 ≥ 30 → split into 10 children
2026-05-23 14:12:40,161 INFO [T30] leaf pattern=003662???? got=29 saved=29
2026-05-23 14:12:40,175 INFO [T4] leaf pattern=003664???? got=26 saved=26
2026-05-23 14:12:40,189 INFO [T29] expand pattern=003663???? got=35 ≥ 30 → split into 10 children
2026-05-23 14:12:40,210 INFO [T18] expand pattern=003665???? got=31 ≥ 30 → split into 10 children
2026-05-23 14:12:40,436 INFO [T12] leaf pattern=003668???? got=25 saved=25
2026-05-23 14:12:40,468 INFO [T8] expand pattern=003667???? got=30 ≥ 30 → split into 10 children
2026-05-23 14:12:40,507 INFO [T7] leaf pattern=003669???? got=28 saved=28
2026-05-23 14:12:40,525 INFO [T16] expand pattern=003672???? got=39 ≥ 30 → split into 10 children
2026-05-23 14:12:40,536 INFO [T14] expand pattern=003670???? got=36 ≥ 30 → split into 10 children
2026-05-23 14:12:40,541 INFO [T15] leaf pattern=003666???? got=0 saved=0
2026-05-23 14:12:40,581 INFO [T24] expand pattern=003671???? got=30 ≥ 30 → split into 10 children
2026-05-23 14:12:40,971 INFO [T3] expand pattern=003674???? got=43 ≥ 30 → split into 10 children
2026-05-23 14:12:41,040 INFO [T13] expand pattern=003677???? got=31 ≥ 30 → split into 10 children
2026-05-23 14:12:41,052 INFO [T6] expand pattern=003676???? got=39 ≥ 30 → split into 10 children
2026-05-23 14:12:41,082 INFO [T27] expand pattern=003673???? got=38 ≥ 30 → split into 10 children
2026-05-23 14:12:41,091 INFO [T5] expand pattern=003675???? got=43 ≥ 30 → split into 10 children
2026-05-23 14:12:41,179 INFO [T10] expand pattern=003679???? got=42 ≥ 30 → split into 10 children
2026-05-23 14:12:41,202 INFO [T17] expand pattern=003690???? got=40 ≥ 30 → split into 10 children
2026-05-23 14:12:41,260 INFO [T22] expand pattern=003691???? got=36 ≥ 30 → split into 10 children
2026-05-23 14:12:41,366 INFO [T1] expand pattern=003692???? got=35 ≥ 30 → split into 10 children
2026-05-23 14:12:41,577 INFO [T19] expand pattern=003693???? got=34 ≥ 30 → split into 10 children
2026-05-23 14:12:41,595 INFO [T25] leaf pattern=003678???? got=26 saved=26
2026-05-23 14:12:41,800 INFO [T20] expand pattern=003694???? got=38 ≥ 30 → split into 10 children
2026-05-23 14:12:41,921 INFO [T21] expand pattern=003695???? got=35 ≥ 30 → split into 10 children
2026-05-23 14:12:41,942 INFO [T2] leaf pattern=003696???? got=27 saved=27
2026-05-23 14:12:42,775 INFO [T11] expand pattern=003697???? got=34 ≥ 30 → split into 10 children
2026-05-23 14:12:43,309 INFO [T28] expand pattern=003698???? got=30 ≥ 30 → split into 10 children
2026-05-23 14:12:43,649 INFO [T23] expand pattern=003699???? got=41 ≥ 30 → split into 10 children
2026-05-23 14:12:43,818 INFO [T9] leaf pattern=003700???? got=3 saved=3
2026-05-23 14:12:44,011 INFO [T26] leaf pattern=003701???? got=9 saved=9
2026-05-23 14:12:44,134 INFO [T30] leaf pattern=003702???? got=13 saved=13
2026-05-23 14:12:44,148 INFO [T4] leaf pattern=003703???? got=11 saved=11
2026-05-23 14:12:44,345 INFO [T18] leaf pattern=003705???? got=9 saved=9
2026-05-23 14:12:44,432 INFO [T29] leaf pattern=003704???? got=13 saved=13
2026-05-23 14:12:44,486 INFO [T8] leaf pattern=003707???? got=5 saved=5
2026-05-23 14:12:44,493 INFO [T7] leaf pattern=003708???? got=16 saved=16
2026-05-23 14:12:44,498 INFO [T16] leaf pattern=003709???? got=8 saved=8
2026-05-23 14:12:44,519 INFO [T12] leaf pattern=003706???? got=14 saved=14
2026-05-23 14:12:44,538 INFO [T24] leaf pattern=003712???? got=8 saved=8
2026-05-23 14:12:44,559 INFO [T14] leaf pattern=003710???? got=5 saved=5
2026-05-23 14:12:44,742 INFO [T15] leaf pattern=003711???? got=1 saved=1
2026-05-23 14:12:44,964 INFO [T3] leaf pattern=003713???? got=2 saved=2
2026-05-23 14:12:44,984 INFO [T13] leaf pattern=003714???? got=10 saved=10
2026-05-23 14:12:45,065 INFO [T6] leaf pattern=003715???? got=8 saved=8
2026-05-23 14:12:45,151 INFO [T10] leaf pattern=003718???? got=7 saved=7
2026-05-23 14:12:45,220 INFO [T27] leaf pattern=003716???? got=5 saved=5
2026-05-23 14:12:45,276 INFO [T5] leaf pattern=003717???? got=4 saved=4
2026-05-23 14:12:45,291 INFO [T17] leaf pattern=003719???? got=3 saved=3
2026-05-23 14:12:45,394 INFO [T1] expand pattern=003721???? got=40 ≥ 30 → split into 10 children
2026-05-23 14:12:45,548 INFO [T19] expand pattern=003722???? got=33 ≥ 30 → split into 10 children
2026-05-23 14:12:45,651 INFO [T22] expand pattern=003720???? got=34 ≥ 30 → split into 10 children
2026-05-23 14:12:45,662 INFO [T25] expand pattern=003723???? got=38 ≥ 30 → split into 10 children
2026-05-23 14:12:45,903 INFO [T20] expand pattern=003724???? got=44 ≥ 30 → split into 10 children
2026-05-23 14:12:45,925 INFO [T21] expand pattern=003725???? got=38 ≥ 30 → split into 10 children
2026-05-23 14:12:46,257 INFO [T2] expand pattern=003726???? got=44 ≥ 30 → split into 10 children
2026-05-23 14:12:46,814 INFO [T11] expand pattern=003727???? got=37 ≥ 30 → split into 10 children
2026-05-23 14:12:47,325 INFO [T28] expand pattern=003728???? got=35 ≥ 30 → split into 10 children
2026-05-23 14:12:47,668 INFO [T23] expand pattern=003729???? got=36 ≥ 30 → split into 10 children
2026-05-23 14:12:47,951 INFO [T9] expand pattern=003730???? got=33 ≥ 30 → split into 10 children
2026-05-23 14:12:48,159 INFO [T30] expand pattern=003732???? got=37 ≥ 30 → split into 10 children
2026-05-23 14:12:48,175 INFO [T4] expand pattern=003733???? got=33 ≥ 30 → split into 10 children
2026-05-23 14:12:48,335 INFO [T26] expand pattern=003731???? got=37 ≥ 30 → split into 10 children
2026-05-23 14:12:48,395 INFO [T18] expand pattern=003734???? got=45 ≥ 30 → split into 10 children
2026-05-23 14:12:48,415 INFO [T7] leaf pattern=003737???? got=27 saved=27
2026-05-23 14:12:48,528 INFO [T8] expand pattern=003736???? got=36 ≥ 30 → split into 10 children
2026-05-23 14:12:48,536 INFO [T16] expand pattern=003738???? got=35 ≥ 30 → split into 10 children
2026-05-23 14:12:48,544 INFO [T29] expand pattern=003735???? got=38 ≥ 30 → split into 10 children
2026-05-23 14:12:48,555 INFO [T24] expand pattern=003740???? got=40 ≥ 30 → split into 10 children
2026-05-23 14:12:48,628 INFO [T14] expand pattern=003741???? got=37 ≥ 30 → split into 10 children
2026-05-23 14:12:48,807 INFO [T15] expand pattern=003742???? got=40 ≥ 30 → split into 10 children
2026-05-23 14:12:48,918 INFO [T12] expand pattern=003739???? got=36 ≥ 30 → split into 10 children
2026-05-23 14:12:49,002 INFO [T3] expand pattern=003743???? got=42 ≥ 30 → split into 10 children
2026-05-23 14:12:49,013 INFO [T13] expand pattern=003744???? got=38 ≥ 30 → split into 10 children
2026-05-23 14:12:49,162 INFO [T10] expand pattern=003746???? got=41 ≥ 30 → split into 10 children
2026-05-23 14:12:49,210 INFO [T27] expand pattern=003747???? got=35 ≥ 30 → split into 10 children
2026-05-23 14:12:49,262 INFO [T5] expand pattern=003748???? got=35 ≥ 30 → split into 10 children
2026-05-23 14:12:49,314 INFO [T17] expand pattern=003749???? got=40 ≥ 30 → split into 10 children
2026-05-23 14:12:49,479 INFO [T1] expand pattern=003760???? got=46 ≥ 30 → split into 10 children
2026-05-23 14:12:49,582 INFO [T6] expand pattern=003745???? got=39 ≥ 30 → split into 10 children
2026-05-23 14:12:49,673 INFO [T19] expand pattern=003761???? got=38 ≥ 30 → split into 10 children
2026-05-23 14:12:49,742 INFO [T25] expand pattern=003763???? got=43 ≥ 30 → split into 10 children
2026-05-23 14:12:49,747 INFO [T22] expand pattern=003762???? got=39 ≥ 30 → split into 10 children
2026-05-23 14:12:49,881 INFO [T20] expand pattern=003764???? got=43 ≥ 30 → split into 10 children
2026-05-23 14:12:49,978 INFO [T21] expand pattern=003765???? got=36 ≥ 30 → split into 10 children
2026-05-23 14:12:50,800 INFO [T11] expand pattern=003767???? got=41 ≥ 30 → split into 10 children
2026-05-23 14:12:51,581 INFO [T28] expand pattern=003768???? got=36 ≥ 30 → split into 10 children
2026-05-23 14:12:51,619 INFO [T23] expand pattern=003769???? got=44 ≥ 30 → split into 10 children
2026-05-23 14:12:52,137 INFO [T9] expand pattern=003750???? got=41 ≥ 30 → split into 10 children
2026-05-23 14:12:52,150 INFO [T30] expand pattern=003751???? got=40 ≥ 30 → split into 10 children
2026-05-23 14:12:52,175 INFO [T4] expand pattern=003752???? got=41 ≥ 30 → split into 10 children
2026-05-23 14:12:52,187 INFO [T2] expand pattern=003766???? got=32 ≥ 30 → split into 10 children
2026-05-23 14:12:52,382 INFO [T26] expand pattern=003753???? got=39 ≥ 30 → split into 10 children
2026-05-23 14:12:52,435 INFO [T18] expand pattern=003754???? got=38 ≥ 30 → split into 10 children
2026-05-23 14:12:52,489 INFO [T16] expand pattern=003756???? got=40 ≥ 30 → split into 10 children
2026-05-23 14:12:52,501 INFO [T29] expand pattern=003758???? got=43 ≥ 30 → split into 10 children
2026-05-23 14:12:52,540 INFO [T8] expand pattern=003757???? got=33 ≥ 30 → split into 10 children
2026-05-23 14:12:52,577 INFO [T7] expand pattern=003755???? got=40 ≥ 30 → split into 10 children
2026-05-23 14:12:52,596 INFO [T14] expand pattern=003680???? got=33 ≥ 30 → split into 10 children
2026-05-23 14:12:52,629 INFO [T24] expand pattern=003759???? got=40 ≥ 30 → split into 10 children
2026-05-23 14:12:52,828 INFO [T15] expand pattern=003681???? got=37 ≥ 30 → split into 10 children
2026-05-23 14:12:52,944 INFO [T12] expand pattern=003682???? got=31 ≥ 30 → split into 10 children
2026-05-23 14:12:52,987 INFO [T13] expand pattern=003684???? got=32 ≥ 30 → split into 10 children
2026-05-23 14:12:53,063 INFO [T3] leaf pattern=003683???? got=26 saved=26
2026-05-23 14:12:53,185 INFO [T10] expand pattern=003685???? got=35 ≥ 30 → split into 10 children
2026-05-23 14:12:53,210 INFO [T27] leaf pattern=003686???? got=23 saved=23
2026-05-23 14:12:53,356 INFO [T5] expand pattern=003687???? got=37 ≥ 30 → split into 10 children
2026-05-23 14:12:53,425 INFO [T17] leaf pattern=003688???? got=26 saved=26
2026-05-23 14:12:53,494 INFO [T1] expand pattern=003689???? got=43 ≥ 30 → split into 10 children
2026-05-23 14:12:53,635 INFO [T19] expand pattern=003771???? got=35 ≥ 30 → split into 10 children
2026-05-23 14:12:53,696 INFO [T6] expand pattern=003770???? got=32 ≥ 30 → split into 10 children
2026-05-23 14:12:53,796 INFO [T20] expand pattern=003774???? got=33 ≥ 30 → split into 10 children
2026-05-23 14:12:53,805 INFO [T25] expand pattern=003772???? got=30 ≥ 30 → split into 10 children
2026-05-23 14:12:53,944 INFO [T22] expand pattern=003773???? got=31 ≥ 30 → split into 10 children
2026-05-23 14:12:54,435 INFO [T21] expand pattern=003775???? got=34 ≥ 30 → split into 10 children
2026-05-23 14:12:55,549 INFO [T28] leaf pattern=003777???? got=1 saved=1
2026-05-23 14:12:55,569 INFO [T11] expand pattern=003776???? got=32 ≥ 30 → split into 10 children
2026-05-23 14:12:55,597 INFO [T23] expand pattern=003778???? got=34 ≥ 30 → split into 10 children
2026-05-23 14:12:56,136 INFO [T30] expand pattern=003790???? got=40 ≥ 30 → split into 10 children
2026-05-23 14:12:56,213 INFO [T9] expand pattern=003779???? got=35 ≥ 30 → split into 10 children
2026-05-23 14:12:56,436 INFO [T2] expand pattern=003791???? got=39 ≥ 30 → split into 10 children
2026-05-23 14:12:56,444 INFO [T4] expand pattern=003792???? got=44 ≥ 30 → split into 10 children
2026-05-23 14:12:56,451 INFO [T26] expand pattern=003793???? got=42 ≥ 30 → split into 10 children
2026-05-23 14:12:56,523 INFO [T18] expand pattern=003794???? got=34 ≥ 30 → split into 10 children
2026-05-23 14:12:56,532 INFO [T8] expand pattern=003797???? got=34 ≥ 30 → split into 10 children
2026-05-23 14:12:56,561 INFO [T29] expand pattern=003796???? got=38 ≥ 30 → split into 10 children
2026-05-23 14:12:56,606 INFO [T14] expand pattern=003799???? got=35 ≥ 30 → split into 10 children
2026-05-23 14:12:56,617 INFO [T24] expand pattern=003780???? got=45 ≥ 30 → split into 10 children
2026-05-23 14:12:56,639 INFO [T7] expand pattern=003798???? got=41 ≥ 30 → split into 10 children
2026-05-23 14:12:56,965 INFO [T12] expand pattern=003782???? got=33 ≥ 30 → split into 10 children
2026-05-23 14:12:57,000 INFO [T13] expand pattern=003783???? got=39 ≥ 30 → split into 10 children
2026-05-23 14:12:57,034 INFO [T3] expand pattern=003784???? got=42 ≥ 30 → split into 10 children
2026-05-23 14:12:57,044 INFO [T15] expand pattern=003781???? got=44 ≥ 30 → split into 10 children
2026-05-23 14:12:57,250 INFO [T27] expand pattern=003786???? got=39 ≥ 30 → split into 10 children
2026-05-23 14:12:57,336 INFO [T5] expand pattern=003787???? got=35 ≥ 30 → split into 10 children
2026-05-23 14:12:57,461 INFO [T1] expand pattern=003789???? got=33 ≥ 30 → split into 10 children
2026-05-23 14:12:57,601 INFO [T17] expand pattern=003788???? got=43 ≥ 30 → split into 10 children
2026-05-23 14:12:57,666 INFO [T19] leaf pattern=003800???? got=0 saved=0
2026-05-23 14:12:57,739 INFO [T6] leaf pattern=003801???? got=2 saved=2
2026-05-23 14:12:57,754 INFO [T10] expand pattern=003785???? got=39 ≥ 30 → split into 10 children
2026-05-23 14:12:57,795 INFO [T20] leaf pattern=003802???? got=3 saved=3
2026-05-23 14:12:57,900 INFO [T25] leaf pattern=003803???? got=1 saved=1
2026-05-23 14:12:58,016 INFO [T22] leaf pattern=003804???? got=7 saved=7
2026-05-23 14:12:58,503 INFO [T21] leaf pattern=003805???? got=5 saved=5
2026-05-23 14:12:59,494 INFO [T28] leaf pattern=003806???? got=13 saved=13
2026-05-23 14:12:59,532 INFO [T11] leaf pattern=003807???? got=8 saved=8
2026-05-23 14:12:59,605 INFO [T23] leaf pattern=003808???? got=4 saved=4
2026-05-23 14:13:00,255 INFO [T9] leaf pattern=003810???? got=5 saved=5
2026-05-23 14:13:00,385 INFO [T4] leaf pattern=003811???? got=1 saved=1
2026-05-23 14:13:00,422 INFO [T30] leaf pattern=003809???? got=3 saved=3
2026-05-23 14:13:00,485 INFO [T26] leaf pattern=003813???? got=1 saved=1
2026-05-23 14:13:00,541 INFO [T18] leaf pattern=003814???? got=12 saved=12
2026-05-23 14:13:00,579 INFO [T29] leaf pattern=003816???? got=8 saved=8
2026-05-23 14:13:00,609 INFO [T7] leaf pattern=003819???? got=5 saved=5
2026-05-23 14:13:00,620 INFO [T8] leaf pattern=003815???? got=10 saved=10
2026-05-23 14:13:00,637 INFO [T24] leaf pattern=003818???? got=9 saved=9
2026-05-23 14:13:01,003 INFO [T13] expand pattern=003821???? got=48 ≥ 30 → split into 10 children
2026-05-23 14:13:01,007 INFO [T12] expand pattern=003820???? got=44 ≥ 30 → split into 10 children
2026-05-23 14:13:01,162 INFO [T3] expand pattern=003822???? got=40 ≥ 30 → split into 10 children
2026-05-23 14:13:01,234 INFO [T27] expand pattern=003824???? got=40 ≥ 30 → split into 10 children
2026-05-23 14:13:01,244 INFO [T15] expand pattern=003823???? got=46 ≥ 30 → split into 10 children
2026-05-23 14:13:01,360 INFO [T5] expand pattern=003825???? got=42 ≥ 30 → split into 10 children
2026-05-23 14:13:01,499 INFO [T1] expand pattern=003826???? got=37 ≥ 30 → split into 10 children
2026-05-23 14:13:01,629 INFO [T14] leaf pattern=003817???? got=10 saved=10
2026-05-23 14:13:01,674 INFO [T17] expand pattern=003827???? got=42 ≥ 30 → split into 10 children
2026-05-23 14:13:01,721 INFO [T10] expand pattern=003830???? got=47 ≥ 30 → split into 10 children
2026-05-23 14:13:01,826 INFO [T6] expand pattern=003829???? got=43 ≥ 30 → split into 10 children
2026-05-23 14:13:01,928 INFO [T20] expand pattern=003831???? got=37 ≥ 30 → split into 10 children
2026-05-23 14:13:02,064 INFO [T25] expand pattern=003832???? got=32 ≥ 30 → split into 10 children
2026-05-23 14:13:02,076 INFO [T19] expand pattern=003828???? got=48 ≥ 30 → split into 10 children
2026-05-23 14:13:02,144 INFO [T22] expand pattern=003833???? got=33 ≥ 30 → split into 10 children
2026-05-23 14:13:02,390 INFO [T16] expand pattern=003795???? got=34 ≥ 30 → split into 10 children
2026-05-23 14:13:02,482 INFO [T2] leaf pattern=003812???? got=7 saved=7
2026-05-23 14:13:02,579 INFO [T21] expand pattern=003834???? got=46 ≥ 30 → split into 10 children
2026-05-23 14:13:03,448 INFO [T28] expand pattern=003835???? got=48 ≥ 30 → split into 10 children
2026-05-23 14:13:03,514 INFO [T11] expand pattern=003836???? got=36 ≥ 30 → split into 10 children
2026-05-23 14:13:03,739 INFO [T23] expand pattern=003837???? got=42 ≥ 30 → split into 10 children
2026-05-23 14:13:04,264 INFO [T9] expand pattern=003838???? got=37 ≥ 30 → split into 10 children
2026-05-23 14:13:04,386 INFO [T4] expand pattern=003839???? got=40 ≥ 30 → split into 10 children
2026-05-23 14:13:04,405 INFO [T30] expand pattern=003840???? got=42 ≥ 30 → split into 10 children
2026-05-23 14:13:04,530 INFO [T26] expand pattern=003841???? got=43 ≥ 30 → split into 10 children
2026-05-23 14:13:04,584 INFO [T18] expand pattern=003842???? got=41 ≥ 30 → split into 10 children
2026-05-23 14:13:04,590 INFO [T7] expand pattern=003844???? got=39 ≥ 30 → split into 10 children
2026-05-23 14:13:04,632 INFO [T29] expand pattern=003843???? got=39 ≥ 30 → split into 10 children
2026-05-23 14:13:04,645 INFO [T8] expand pattern=003845???? got=36 ≥ 30 → split into 10 children
2026-05-23 14:13:04,928 INFO [T13] expand pattern=003847???? got=44 ≥ 30 → split into 10 children
2026-05-23 14:13:04,956 INFO [T24] expand pattern=003846???? got=41 ≥ 30 → split into 10 children
2026-05-23 14:13:05,072 INFO [T12] expand pattern=003848???? got=40 ≥ 30 → split into 10 children
2026-05-23 14:13:05,163 INFO [T3] expand pattern=003849???? got=38 ≥ 30 → split into 10 children
2026-05-23 14:13:05,224 INFO [T15] expand pattern=003851???? got=46 ≥ 30 → split into 10 children
2026-05-23 14:13:05,254 INFO [T27] expand pattern=003850???? got=40 ≥ 30 → split into 10 children
2026-05-23 14:13:05,443 INFO [T5] expand pattern=003852???? got=41 ≥ 30 → split into 10 children
2026-05-23 14:13:05,506 INFO [T1] expand pattern=003853???? got=37 ≥ 30 → split into 10 children
2026-05-23 14:13:05,682 INFO [T14] expand pattern=003854???? got=43 ≥ 30 → split into 10 children
2026-05-23 14:13:05,707 INFO [T17] expand pattern=003855???? got=38 ≥ 30 → split into 10 children
2026-05-23 14:13:05,878 INFO [T10] expand pattern=003856???? got=44 ≥ 30 → split into 10 children
2026-05-23 14:13:05,917 INFO [T20] expand pattern=003858???? got=37 ≥ 30 → split into 10 children
2026-05-23 14:13:05,942 INFO [T6] expand pattern=003857???? got=41 ≥ 30 → split into 10 children
2026-05-23 14:13:06,014 INFO [T19] expand pattern=003859???? got=42 ≥ 30 → split into 10 children
2026-05-23 14:13:06,262 INFO [T25] expand pattern=003860???? got=41 ≥ 30 → split into 10 children
2026-05-23 14:13:06,370 INFO [T22] expand pattern=003861???? got=42 ≥ 30 → split into 10 children
2026-05-23 14:13:06,628 INFO [T21] expand pattern=003864???? got=41 ≥ 30 → split into 10 children
2026-05-23 14:13:06,908 INFO [T2] expand pattern=003863???? got=39 ≥ 30 → split into 10 children
2026-05-23 14:13:07,476 INFO [T28] expand pattern=003865???? got=39 ≥ 30 → split into 10 children
2026-05-23 14:13:07,492 INFO [T11] leaf pattern=003866???? got=28 saved=28
2026-05-23 14:13:07,760 INFO [T23] expand pattern=003867???? got=41 ≥ 30 → split into 10 children
2026-05-23 14:13:08,030 INFO [T16] expand pattern=003862???? got=37 ≥ 30 → split into 10 children
2026-05-23 14:13:08,410 INFO [T30] leaf pattern=003880???? got=29 saved=29
2026-05-23 14:13:08,429 INFO [T4] expand pattern=003869???? got=39 ≥ 30 → split into 10 children
2026-05-23 14:13:08,511 INFO [T26] expand pattern=003881???? got=30 ≥ 30 → split into 10 children
2026-05-23 14:13:08,569 INFO [T29] expand pattern=003884???? got=39 ≥ 30 → split into 10 children
2026-05-23 14:13:08,601 INFO [T7] leaf pattern=003883???? got=29 saved=29
2026-05-23 14:13:08,613 INFO [T18] expand pattern=003882???? got=30 ≥ 30 → split into 10 children
2026-05-23 14:13:08,714 INFO [T9] leaf pattern=003868???? got=28 saved=28
2026-05-23 14:13:08,901 INFO [T8] expand pattern=003885???? got=30 ≥ 30 → split into 10 children
2026-05-23 14:13:08,917 INFO [T24] leaf pattern=003887???? got=29 saved=29
2026-05-23 14:13:08,992 INFO [T13] leaf pattern=003886???? got=26 saved=26
2026-05-23 14:13:09,196 INFO [T3] expand pattern=003889???? got=30 ≥ 30 → split into 10 children
2026-05-23 14:13:09,287 INFO [T12] leaf pattern=003888???? got=0 saved=0
2026-05-23 14:13:09,327 INFO [T27] expand pattern=003891???? got=36 ≥ 30 → split into 10 children
2026-05-23 14:13:09,478 INFO [T5] expand pattern=003892???? got=38 ≥ 30 → split into 10 children
2026-05-23 14:13:09,499 INFO [T1] expand pattern=003893???? got=37 ≥ 30 → split into 10 children
2026-05-23 14:13:09,720 INFO [T14] expand pattern=003894???? got=47 ≥ 30 → split into 10 children
2026-05-23 14:13:09,741 INFO [T17] expand pattern=003895???? got=39 ≥ 30 → split into 10 children
2026-05-23 14:13:09,953 INFO [T15] expand pattern=003890???? got=36 ≥ 30 → split into 10 children
2026-05-23 14:13:09,963 INFO [T20] expand pattern=003897???? got=40 ≥ 30 → split into 10 children
2026-05-23 14:13:09,973 INFO [T6] expand pattern=003898???? got=34 ≥ 30 → split into 10 children
2026-05-23 14:13:10,045 INFO [T10] expand pattern=003896???? got=38 ≥ 30 → split into 10 children
2026-05-23 14:13:10,079 INFO [T19] expand pattern=003899???? got=31 ≥ 30 → split into 10 children
2026-05-23 14:13:10,301 INFO [T25] leaf pattern=003900???? got=4 saved=4
2026-05-23 14:13:10,386 INFO [T22] leaf pattern=003901???? got=9 saved=9
2026-05-23 14:13:10,680 INFO [T21] leaf pattern=003902???? got=1 saved=1
2026-05-23 14:13:11,012 INFO [T2] leaf pattern=003903???? got=3 saved=3
2026-05-23 14:13:11,449 INFO [T28] leaf pattern=003904???? got=4 saved=4
2026-05-23 14:13:11,547 INFO [T11] leaf pattern=003905???? got=13 saved=13
2026-05-23 14:13:11,686 INFO [T23] leaf pattern=003906???? got=4 saved=4
2026-05-23 14:13:12,053 INFO [T16] leaf pattern=003907???? got=7 saved=7
2026-05-23 14:13:12,418 INFO [T4] leaf pattern=003909???? got=6 saved=6
2026-05-23 14:13:12,454 INFO [T30] leaf pattern=003908???? got=9 saved=9
2026-05-23 14:13:12,503 INFO [T26] expand pattern=003870???? got=42 ≥ 30 → split into 10 children
2026-05-23 14:13:12,540 INFO [T7] expand pattern=003872???? got=38 ≥ 30 → split into 10 children
2026-05-23 14:13:12,671 INFO [T29] expand pattern=003871???? got=39 ≥ 30 → split into 10 children
2026-05-23 14:13:12,684 INFO [T18] expand pattern=003873???? got=42 ≥ 30 → split into 10 children
2026-05-23 14:13:12,747 INFO [T9] expand pattern=003874???? got=33 ≥ 30 → split into 10 children
2026-05-23 14:13:12,906 INFO [T24] expand pattern=003876???? got=44 ≥ 30 → split into 10 children
2026-05-23 14:13:12,926 INFO [T13] expand pattern=003877???? got=37 ≥ 30 → split into 10 children
2026-05-23 14:13:12,978 INFO [T8] expand pattern=003875???? got=43 ≥ 30 → split into 10 children
2026-05-23 14:13:13,330 INFO [T27] expand pattern=003920???? got=36 ≥ 30 → split into 10 children
2026-05-23 14:13:13,390 INFO [T3] expand pattern=003878???? got=33 ≥ 30 → split into 10 children
2026-05-23 14:13:13,472 INFO [T5] expand pattern=003921???? got=37 ≥ 30 → split into 10 children
2026-05-23 14:13:13,492 INFO [T1] expand pattern=003922???? got=36 ≥ 30 → split into 10 children
2026-05-23 14:13:13,787 INFO [T12] expand pattern=003879???? got=38 ≥ 30 → split into 10 children
2026-05-23 14:13:13,816 INFO [T17] expand pattern=003924???? got=35 ≥ 30 → split into 10 children
2026-05-23 14:13:13,932 INFO [T20] expand pattern=003927???? got=43 ≥ 30 → split into 10 children
2026-05-23 14:13:13,945 INFO [T14] expand pattern=003923???? got=38 ≥ 30 → split into 10 children
2026-05-23 14:13:13,958 INFO [T15] expand pattern=003926???? got=40 ≥ 30 → split into 10 children
2026-05-23 14:13:13,987 INFO [T6] expand pattern=003925???? got=37 ≥ 30 → split into 10 children
2026-05-23 14:13:14,075 INFO [T10] expand pattern=003928???? got=36 ≥ 30 → split into 10 children
2026-05-23 14:13:14,101 INFO [T19] expand pattern=003929???? got=41 ≥ 30 → split into 10 children
2026-05-23 14:13:14,320 INFO [T25] expand pattern=003930???? got=38 ≥ 30 → split into 10 children
2026-05-23 14:13:14,442 INFO [T22] expand pattern=003931???? got=35 ≥ 30 → split into 10 children
2026-05-23 14:13:14,662 INFO [T21] expand pattern=003932???? got=35 ≥ 30 → split into 10 children
2026-05-23 14:13:15,162 INFO [T2] leaf pattern=003933???? got=28 saved=28
2026-05-23 14:13:15,433 INFO [T28] expand pattern=003934???? got=40 ≥ 30 → split into 10 children
2026-05-23 14:13:15,696 INFO [T23] expand pattern=003936???? got=36 ≥ 30 → split into 10 children
2026-05-23 14:13:15,765 INFO [T11] expand pattern=003935???? got=39 ≥ 30 → split into 10 children
2026-05-23 14:13:16,426 INFO [T30] leaf pattern=003939???? got=4 saved=4
2026-05-23 14:13:16,442 INFO [T4] expand pattern=003938???? got=33 ≥ 30 → split into 10 children
2026-05-23 14:13:16,462 INFO [T26] expand pattern=003940???? got=40 ≥ 30 → split into 10 children
2026-05-23 14:13:16,688 INFO [T7] expand pattern=003941???? got=40 ≥ 30 → split into 10 children
2026-05-23 14:13:16,702 INFO [T18] expand pattern=003943???? got=41 ≥ 30 → split into 10 children
2026-05-23 14:13:16,907 INFO [T29] expand pattern=003942???? got=39 ≥ 30 → split into 10 children
2026-05-23 14:13:16,922 INFO [T24] expand pattern=003945???? got=42 ≥ 30 → split into 10 children
2026-05-23 14:13:16,934 INFO [T13] expand pattern=003946???? got=45 ≥ 30 → split into 10 children
2026-05-23 14:13:16,973 INFO [T8] expand pattern=003947???? got=44 ≥ 30 → split into 10 children
2026-05-23 14:13:17,168 INFO [T9] expand pattern=003944???? got=39 ≥ 30 → split into 10 children
2026-05-23 14:13:17,340 INFO [T27] expand pattern=003948???? got=44 ≥ 30 → split into 10 children
2026-05-23 14:13:17,353 INFO [T16] expand pattern=003937???? got=35 ≥ 30 → split into 10 children
2026-05-23 14:13:17,378 INFO [T3] expand pattern=003949???? got=37 ≥ 30 → split into 10 children
2026-05-23 14:13:17,497 INFO [T1] expand pattern=003951???? got=41 ≥ 30 → split into 10 children
2026-05-23 14:13:17,571 INFO [T5] expand pattern=003950???? got=41 ≥ 30 → split into 10 children
2026-05-23 14:13:17,784 INFO [T12] expand pattern=003952???? got=46 ≥ 30 → split into 10 children
2026-05-23 14:13:17,951 INFO [T17] expand pattern=003953???? got=38 ≥ 30 → split into 10 children
2026-05-23 14:13:17,976 INFO [T6] expand pattern=003957???? got=44 ≥ 30 → split into 10 children
2026-05-23 14:13:18,039 INFO [T14] expand pattern=003955???? got=39 ≥ 30 → split into 10 children
2026-05-23 14:13:18,050 INFO [T15] expand pattern=003956???? got=40 ≥ 30 → split into 10 children
2026-05-23 14:13:18,088 INFO [T19] expand pattern=003959???? got=42 ≥ 30 → split into 10 children
2026-05-23 14:13:18,127 INFO [T10] expand pattern=003958???? got=44 ≥ 30 → split into 10 children
2026-05-23 14:13:18,315 INFO [T25] expand pattern=003960???? got=38 ≥ 30 → split into 10 children
2026-05-23 14:13:18,660 INFO [T21] expand pattern=003962???? got=41 ≥ 30 → split into 10 children
2026-05-23 14:13:18,903 INFO [T22] expand pattern=003961???? got=40 ≥ 30 → split into 10 children
2026-05-23 14:13:19,070 INFO [T20] expand pattern=003954???? got=41 ≥ 30 → split into 10 children
2026-05-23 14:13:19,192 INFO [T2] expand pattern=003963???? got=43 ≥ 30 → split into 10 children
2026-05-23 14:13:19,421 INFO [T28] expand pattern=003964???? got=37 ≥ 30 → split into 10 children
2026-05-23 14:13:19,741 INFO [T11] expand pattern=003966???? got=34 ≥ 30 → split into 10 children
2026-05-23 14:13:20,445 INFO [T26] expand pattern=003969???? got=35 ≥ 30 → split into 10 children
2026-05-23 14:13:20,514 INFO [T4] expand pattern=003968???? got=45 ≥ 30 → split into 10 children
2026-05-23 14:13:20,537 INFO [T30] expand pattern=003967???? got=46 ≥ 30 → split into 10 children
2026-05-23 14:13:20,563 INFO [T7] leaf pattern=086610???? got=15 saved=15
2026-05-23 14:13:20,620 INFO [T18] leaf pattern=086611???? got=5 saved=5
2026-05-23 14:13:20,692 INFO [T23] expand pattern=003965???? got=45 ≥ 30 → split into 10 children
2026-05-23 14:13:20,798 INFO [T13] leaf pattern=086614???? got=9 saved=9
2026-05-23 14:13:20,880 INFO [T24] leaf pattern=086613???? got=7 saved=7
2026-05-23 14:13:20,931 INFO [T8] leaf pattern=086615???? got=13 saved=13
2026-05-23 14:13:20,983 INFO [T29] leaf pattern=086612???? got=6 saved=6
2026-05-23 14:13:21,204 INFO [T9] leaf pattern=086616???? got=6 saved=6
2026-05-23 14:13:21,268 INFO [T16] leaf pattern=086618???? got=12 saved=12
2026-05-23 14:13:21,272 INFO [T27] leaf pattern=086617???? got=10 saved=10
2026-05-23 14:13:21,344 INFO [T3] leaf pattern=086619???? got=7 saved=7
2026-05-23 14:13:21,470 INFO [T1] expand pattern=003970???? got=36 ≥ 30 → split into 10 children
2026-05-23 14:13:21,534 INFO [T5] expand pattern=003971???? got=38 ≥ 30 → split into 10 children
2026-05-23 14:13:21,808 INFO [T12] expand pattern=003972???? got=44 ≥ 30 → split into 10 children
2026-05-23 14:13:21,960 INFO [T17] expand pattern=003973???? got=43 ≥ 30 → split into 10 children
2026-05-23 14:13:22,052 INFO [T14] expand pattern=003975???? got=38 ≥ 30 → split into 10 children
2026-05-23 14:13:22,106 INFO [T6] expand pattern=003974???? got=44 ≥ 30 → split into 10 children
2026-05-23 14:13:22,120 INFO [T15] expand pattern=003976???? got=44 ≥ 30 → split into 10 children
2026-05-23 14:13:22,135 INFO [T10] expand pattern=003978???? got=43 ≥ 30 → split into 10 children
2026-05-23 14:13:22,145 INFO [T19] expand pattern=003977???? got=40 ≥ 30 → split into 10 children
2026-05-23 14:13:22,373 INFO [T25] leaf pattern=003979???? got=21 saved=21
2026-05-23 14:13:22,701 INFO [T21] leaf pattern=003990???? got=21 saved=21
2026-05-23 14:13:23,047 INFO [T22] leaf pattern=003991???? got=29 saved=29
2026-05-23 14:13:23,063 INFO [T20] leaf pattern=003992???? got=22 saved=22
2026-05-23 14:13:23,422 INFO [T28] expand pattern=003994???? got=43 ≥ 30 → split into 10 children
2026-05-23 14:13:23,594 INFO [T2] expand pattern=003993???? got=30 ≥ 30 → split into 10 children
2026-05-23 14:13:24,120 INFO [T11] expand pattern=003995???? got=34 ≥ 30 → split into 10 children
2026-05-23 14:13:24,464 INFO [T4] expand pattern=003997???? got=30 ≥ 30 → split into 10 children
2026-05-23 14:13:24,532 INFO [T7] leaf pattern=003999???? got=0 saved=0
2026-05-23 14:13:24,594 INFO [T18] leaf pattern=086620???? got=5 saved=5
2026-05-23 14:13:24,608 INFO [T26] expand pattern=003996???? got=30 ≥ 30 → split into 10 children
2026-05-23 14:13:24,619 INFO [T30] leaf pattern=003998???? got=25 saved=25
2026-05-23 14:13:24,623 INFO [T23] leaf pattern=086621???? got=14 saved=14
2026-05-23 14:13:24,692 INFO [T13] leaf pattern=086622???? got=2 saved=2
2026-05-23 14:13:24,874 INFO [T8] leaf pattern=086624???? got=12 saved=12
2026-05-23 14:13:24,885 INFO [T29] leaf pattern=086625???? got=10 saved=10
2026-05-23 14:13:24,942 INFO [T24] leaf pattern=086623???? got=3 saved=3
2026-05-23 14:13:25,072 INFO [T9] leaf pattern=086626???? got=8 saved=8
2026-05-23 14:13:25,202 INFO [T16] leaf pattern=086627???? got=5 saved=5
2026-05-23 14:13:25,219 INFO [T27] leaf pattern=086628???? got=7 saved=7
2026-05-23 14:13:25,409 INFO [T3] leaf pattern=086629???? got=1 saved=1
2026-05-23 14:13:25,487 INFO [T1] expand pattern=003980???? got=43 ≥ 30 → split into 10 children
2026-05-23 14:13:25,538 INFO [T5] expand pattern=003981???? got=34 ≥ 30 → split into 10 children
2026-05-23 14:13:26,056 INFO [T17] expand pattern=003983???? got=36 ≥ 30 → split into 10 children
2026-05-23 14:13:26,088 INFO [T15] expand pattern=003987???? got=44 ≥ 30 → split into 10 children
2026-05-23 14:13:26,097 INFO [T6] expand pattern=003985???? got=38 ≥ 30 → split into 10 children
2026-05-23 14:13:26,166 INFO [T14] expand pattern=003984???? got=48 ≥ 30 → split into 10 children
2026-05-23 14:13:26,186 INFO [T19] expand pattern=003986???? got=40 ≥ 30 → split into 10 children
2026-05-23 14:13:26,281 INFO [T12] expand pattern=003982???? got=32 ≥ 30 → split into 10 children
2026-05-23 14:13:26,428 INFO [T25] expand pattern=003989???? got=30 ≥ 30 → split into 10 children
2026-05-23 14:13:26,628 INFO [T21] leaf pattern=086640???? got=9 saved=9
2026-05-23 14:13:26,641 INFO [T10] expand pattern=003988???? got=36 ≥ 30 → split into 10 children
2026-05-23 14:13:26,968 INFO [T22] leaf pattern=086641???? got=12 saved=12
2026-05-23 14:13:27,000 INFO [T20] leaf pattern=086642???? got=10 saved=10
2026-05-23 14:13:27,333 INFO [T28] leaf pattern=086643???? got=13 saved=13
2026-05-23 14:13:27,535 INFO [T2] leaf pattern=086644???? got=3 saved=3
2026-05-23 14:13:28,025 INFO [T11] leaf pattern=086645???? got=8 saved=8
2026-05-23 14:13:28,384 INFO [T4] leaf pattern=086646???? got=14 saved=14
2026-05-23 14:13:28,398 INFO [T7] leaf pattern=086647???? got=12 saved=12
2026-05-23 14:13:28,458 INFO [T30] leaf pattern=086670???? got=7 saved=7
2026-05-23 14:13:28,471 INFO [T26] leaf pattern=086649???? got=13 saved=13
2026-05-23 14:13:28,486 INFO [T23] leaf pattern=086671???? got=5 saved=5
2026-05-23 14:13:28,499 INFO [T18] leaf pattern=086648???? got=10 saved=10
2026-05-23 14:13:28,611 INFO [T13] leaf pattern=086672???? got=10 saved=10
2026-05-23 14:13:28,761 INFO [T29] leaf pattern=086674???? got=13 saved=13
2026-05-23 14:13:28,837 INFO [T24] leaf pattern=086675???? got=6 saved=6
2026-05-23 14:13:28,863 INFO [T8] leaf pattern=086673???? got=9 saved=9
2026-05-23 14:13:29,010 INFO [T9] leaf pattern=086676???? got=2 saved=2
2026-05-23 14:13:29,075 INFO [T16] leaf pattern=086677???? got=0 saved=0
2026-05-23 14:13:29,148 INFO [T27] leaf pattern=086678???? got=4 saved=4
2026-05-23 14:13:29,425 INFO [T3] leaf pattern=086679???? got=16 saved=16
2026-05-23 14:13:29,457 INFO [T5] leaf pattern=086651???? got=7 saved=7
2026-05-23 14:13:29,963 INFO [T1] leaf pattern=086650???? got=8 saved=8
2026-05-23 14:13:30,037 INFO [T17] leaf pattern=086652???? got=12 saved=12
2026-05-23 14:13:30,053 INFO [T6] leaf pattern=086654???? got=11 saved=11
2026-05-23 14:13:30,077 INFO [T14] leaf pattern=086655???? got=0 saved=0
2026-05-23 14:13:30,200 INFO [T19] leaf pattern=086656???? got=7 saved=7
2026-05-23 14:13:30,218 INFO [T15] leaf pattern=086653???? got=11 saved=11
2026-05-23 14:13:30,222 INFO [T12] leaf pattern=086657???? got=5 saved=5
2026-05-23 14:13:30,404 INFO [T25] leaf pattern=086658???? got=3 saved=3
2026-05-23 14:13:30,539 INFO [T10] leaf pattern=086630???? got=2 saved=2
2026-05-23 14:13:30,559 INFO [T21] leaf pattern=086659???? got=8 saved=8
2026-05-23 14:13:30,888 INFO [T20] leaf pattern=086632???? got=16 saved=16
2026-05-23 14:13:30,908 INFO [T22] leaf pattern=086631???? got=2 saved=2
2026-05-23 14:13:31,322 INFO [T28] leaf pattern=086633???? got=2 saved=2
2026-05-23 14:13:31,906 INFO [T11] leaf pattern=086635???? got=1 saved=1
2026-05-23 14:13:32,297 INFO [T7] leaf pattern=086637???? got=16 saved=16
2026-05-23 14:13:32,317 INFO [T4] leaf pattern=086636???? got=3 saved=3
2026-05-23 14:13:32,392 INFO [T2] leaf pattern=086634???? got=6 saved=6
2026-05-23 14:13:32,404 INFO [T30] leaf pattern=086638???? got=8 saved=8
2026-05-23 14:13:32,460 INFO [T23] leaf pattern=086690???? got=10 saved=10
2026-05-23 14:13:32,465 INFO [T26] leaf pattern=086639???? got=11 saved=11
2026-05-23 14:13:32,488 INFO [T18] leaf pattern=086691???? got=9 saved=9
2026-05-23 14:13:32,524 INFO [T13] leaf pattern=086692???? got=9 saved=9
2026-05-23 14:13:32,744 INFO [T24] leaf pattern=086694???? got=10 saved=10
2026-05-23 14:13:32,762 INFO [T29] leaf pattern=086693???? got=12 saved=12
2026-05-23 14:13:32,815 INFO [T8] leaf pattern=086695???? got=10 saved=10
2026-05-23 14:13:32,978 INFO [T9] leaf pattern=086696???? got=5 saved=5
2026-05-23 14:13:33,081 INFO [T27] leaf pattern=086698???? got=2 saved=2
2026-05-23 14:13:33,282 INFO [T16] leaf pattern=086697???? got=13 saved=13
2026-05-23 14:13:33,366 INFO [T3] leaf pattern=086699???? got=0 saved=0
2026-05-23 14:13:33,374 INFO [T5] leaf pattern=086600???? got=0 saved=0
2026-05-23 14:13:33,839 INFO [T1] leaf pattern=086601???? got=7 saved=7
2026-05-23 14:13:34,000 INFO [T17] leaf pattern=086602???? got=7 saved=7
2026-05-23 14:13:34,094 INFO [T14] leaf pattern=086604???? got=5 saved=5
2026-05-23 14:13:34,114 INFO [T19] leaf pattern=086605???? got=9 saved=9
2026-05-23 14:13:34,137 INFO [T12] leaf pattern=086607???? got=17 saved=17
2026-05-23 14:13:34,195 INFO [T15] leaf pattern=086606???? got=12 saved=12
2026-05-23 14:13:34,323 INFO [T6] leaf pattern=086603???? got=7 saved=7
2026-05-23 14:13:34,356 INFO [T25] leaf pattern=086608???? got=8 saved=8
2026-05-23 14:13:34,491 INFO [T21] leaf pattern=086700???? got=8 saved=8
2026-05-23 14:13:34,508 INFO [T10] leaf pattern=086609???? got=11 saved=11
2026-05-23 14:13:34,827 INFO [T20] leaf pattern=086701???? got=16 saved=16
2026-05-23 14:13:34,995 INFO [T22] leaf pattern=086702???? got=26 saved=26
2026-05-23 14:13:35,234 INFO [T28] leaf pattern=086703???? got=20 saved=20
2026-05-23 14:13:35,850 INFO [T11] leaf pattern=086704???? got=27 saved=27
2026-05-23 14:13:36,224 INFO [T4] leaf pattern=086706???? got=21 saved=21
2026-05-23 14:13:36,235 INFO [T7] leaf pattern=086705???? got=25 saved=25
2026-05-23 14:13:36,289 INFO [T26] leaf pattern=086710???? got=23 saved=23
2026-05-23 14:13:36,300 INFO [T30] leaf pattern=086708???? got=26 saved=26
2026-05-23 14:13:36,337 INFO [T23] leaf pattern=086709???? got=23 saved=23
2026-05-23 14:13:36,421 INFO [T18] leaf pattern=086711???? got=7 saved=7
2026-05-23 14:13:36,442 INFO [T13] leaf pattern=086712???? got=21 saved=21
2026-05-23 14:13:36,667 INFO [T29] leaf pattern=086714???? got=24 saved=24
2026-05-23 14:13:36,676 INFO [T24] leaf pattern=086713???? got=20 saved=20
2026-05-23 14:13:36,753 INFO [T8] leaf pattern=086715???? got=25 saved=25
2026-05-23 14:13:36,766 INFO [T2] leaf pattern=086707???? got=19 saved=19
2026-05-23 14:13:36,940 INFO [T9] leaf pattern=086716???? got=20 saved=20
2026-05-23 14:13:37,081 INFO [T27] leaf pattern=086717???? got=25 saved=25
2026-05-23 14:13:37,208 INFO [T16] leaf pattern=086718???? got=28 saved=28
2026-05-23 14:13:37,297 INFO [T5] leaf pattern=086720???? got=23 saved=23
2026-05-23 14:13:37,385 INFO [T3] leaf pattern=086719???? got=19 saved=19
2026-05-23 14:13:37,770 INFO [T1] leaf pattern=086721???? got=26 saved=26
2026-05-23 14:13:37,945 INFO [T17] leaf pattern=086722???? got=10 saved=10
2026-05-23 14:13:38,073 INFO [T14] expand pattern=086723???? got=31 ≥ 30 → split into 10 children
2026-05-23 14:13:38,086 INFO [T12] leaf pattern=086725???? got=29 saved=29
2026-05-23 14:13:38,096 INFO [T19] expand pattern=086724???? got=37 ≥ 30 → split into 10 children
2026-05-23 14:13:38,352 INFO [T6] leaf pattern=086727???? got=19 saved=19
2026-05-23 14:13:38,381 INFO [T25] leaf pattern=086728???? got=28 saved=28
2026-05-23 14:13:38,425 INFO [T21] expand pattern=086729???? got=33 ≥ 30 → split into 10 children
2026-05-23 14:13:38,449 INFO [T10] expand pattern=086730???? got=32 ≥ 30 → split into 10 children
2026-05-23 14:13:38,509 INFO [T15] leaf pattern=086726???? got=27 saved=27
2026-05-23 14:13:38,742 INFO [T20] leaf pattern=086731???? got=29 saved=29
2026-05-23 14:13:39,172 INFO [T28] leaf pattern=086733???? got=17 saved=17
2026-05-23 14:13:39,383 INFO [T22] leaf pattern=086732???? got=28 saved=28
2026-05-23 14:13:39,707 INFO [T11] expand pattern=086734???? got=30 ≥ 30 → split into 10 children
2026-05-23 14:13:40,149 INFO [T7] leaf pattern=086736???? got=27 saved=27
2026-05-23 14:13:40,163 INFO [T4] leaf pattern=086735???? got=29 saved=29
2026-05-23 14:13:40,252 INFO [T30] leaf pattern=086738???? got=27 saved=27
2026-05-23 14:13:40,310 INFO [T23] leaf pattern=086739???? got=28 saved=28
2026-05-23 14:13:40,388 INFO [T18] expand pattern=086740???? got=30 ≥ 30 → split into 10 children
2026-05-23 14:13:40,395 INFO [T13] leaf pattern=086741???? got=21 saved=21
2026-05-23 14:13:40,418 INFO [T26] leaf pattern=086737???? got=26 saved=26
2026-05-23 14:13:40,596 INFO [T29] leaf pattern=086742???? got=22 saved=22
2026-05-23 14:13:40,734 INFO [T8] leaf pattern=086744???? got=20 saved=20
2026-05-23 14:13:40,855 INFO [T9] leaf pattern=086746???? got=25 saved=25
2026-05-23 14:13:41,012 INFO [T24] leaf pattern=086743???? got=25 saved=25
2026-05-23 14:13:41,031 INFO [T27] leaf pattern=086747???? got=29 saved=29
2026-05-23 14:13:41,220 INFO [T5] leaf pattern=086749???? got=28 saved=28
2026-05-23 14:13:41,376 INFO [T3] leaf pattern=086760???? got=29 saved=29
2026-05-23 14:13:41,437 INFO [T16] leaf pattern=086748???? got=29 saved=29
2026-05-23 14:13:41,592 INFO [T2] leaf pattern=086745???? got=28 saved=28
2026-05-23 14:13:41,758 INFO [T1] leaf pattern=086761???? got=22 saved=22
2026-05-23 14:13:41,909 INFO [T17] leaf pattern=086762???? got=16 saved=16
2026-05-23 14:13:42,038 INFO [T19] leaf pattern=086765???? got=18 saved=18
2026-05-23 14:13:42,082 INFO [T12] leaf pattern=086764???? got=25 saved=25
2026-05-23 14:13:42,268 INFO [T14] leaf pattern=086763???? got=27 saved=27
2026-05-23 14:13:42,289 INFO [T6] leaf pattern=086766???? got=11 saved=11
2026-05-23 14:13:42,353 INFO [T10] leaf pattern=086769???? got=25 saved=25
2026-05-23 14:13:42,374 INFO [T25] leaf pattern=086767???? got=4 saved=4
2026-05-23 14:13:42,427 INFO [T21] leaf pattern=086768???? got=14 saved=14
2026-05-23 14:13:42,456 INFO [T15] leaf pattern=086770???? got=23 saved=23
2026-05-23 14:13:42,708 INFO [T20] leaf pattern=086771???? got=25 saved=25
2026-05-23 14:13:43,164 INFO [T28] leaf pattern=086772???? got=20 saved=20
2026-05-23 14:13:43,317 INFO [T22] leaf pattern=086773???? got=20 saved=20
2026-05-23 14:13:43,817 INFO [T11] leaf pattern=086774???? got=25 saved=25
2026-05-23 14:13:44,042 INFO [T4] leaf pattern=086776???? got=17 saved=17
2026-05-23 14:13:44,178 INFO [T30] leaf pattern=086777???? got=1 saved=1
2026-05-23 14:13:44,197 INFO [T7] leaf pattern=086775???? got=21 saved=21
2026-05-23 14:13:44,255 INFO [T23] leaf pattern=086778???? got=22 saved=22
2026-05-23 14:13:44,361 INFO [T13] leaf pattern=086780???? got=15 saved=15
2026-05-23 14:13:44,378 INFO [T18] leaf pattern=086779???? got=20 saved=20
2026-05-23 14:13:44,683 INFO [T8] leaf pattern=086783???? got=27 saved=27
2026-05-23 14:13:44,818 INFO [T26] leaf pattern=086781???? got=25 saved=25
2026-05-23 14:13:44,901 INFO [T29] leaf pattern=086782???? got=21 saved=21
2026-05-23 14:13:44,907 INFO [T9] leaf pattern=086784???? got=28 saved=28
2026-05-23 14:13:44,939 INFO [T24] leaf pattern=086785???? got=23 saved=23
2026-05-23 14:13:45,060 INFO [T27] leaf pattern=086786???? got=9 saved=9
2026-05-23 14:13:45,192 INFO [T5] leaf pattern=086787???? got=15 saved=15
2026-05-23 14:13:45,272 INFO [T3] leaf pattern=086788???? got=4 saved=4
2026-05-23 14:13:45,284 INFO [T16] leaf pattern=086789???? got=0 saved=0
2026-05-23 14:13:45,667 INFO [T1] leaf pattern=086791???? got=27 saved=27
2026-05-23 14:13:45,941 INFO [T17] leaf pattern=086792???? got=28 saved=28
2026-05-23 14:13:46,028 INFO [T12] leaf pattern=086794???? got=25 saved=25
2026-05-23 14:13:46,209 INFO [T14] leaf pattern=086795???? got=23 saved=23
2026-05-23 14:13:46,339 INFO [T6] leaf pattern=086796???? got=20 saved=20
2026-05-23 14:13:46,352 INFO [T10] leaf pattern=086797???? got=22 saved=22
2026-05-23 14:13:46,374 INFO [T2] expand pattern=086790???? got=32 ≥ 30 → split into 10 children
2026-05-23 14:13:46,379 INFO [T21] leaf pattern=086799???? got=9 saved=9
2026-05-23 14:13:46,402 INFO [T25] leaf pattern=086798???? got=19 saved=19
2026-05-23 14:13:46,424 INFO [T15] leaf pattern=086510???? got=10 saved=10
2026-05-23 14:13:46,613 INFO [T20] leaf pattern=086511???? got=8 saved=8
2026-05-23 14:13:47,006 INFO [T19] leaf pattern=086793???? got=21 saved=21
2026-05-23 14:13:47,068 INFO [T28] leaf pattern=086512???? got=7 saved=7
2026-05-23 14:13:47,545 INFO [T22] leaf pattern=086513???? got=20 saved=20
2026-05-23 14:13:47,720 INFO [T11] leaf pattern=086514???? got=19 saved=19
2026-05-23 14:13:48,203 INFO [T30] leaf pattern=086516???? got=17 saved=17
2026-05-23 14:13:48,208 INFO [T23] leaf pattern=086518???? got=22 saved=22
2026-05-23 14:13:48,227 INFO [T7] leaf pattern=086517???? got=19 saved=19
2026-05-23 14:13:48,274 INFO [T4] leaf pattern=086515???? got=17 saved=17
2026-05-23 14:13:48,308 INFO [T18] leaf pattern=086520???? got=14 saved=14
2026-05-23 14:13:48,550 INFO [T13] leaf pattern=086519???? got=15 saved=15
2026-05-23 14:13:48,631 INFO [T8] leaf pattern=086521???? got=16 saved=16
2026-05-23 14:13:48,702 INFO [T26] leaf pattern=086522???? got=7 saved=7
2026-05-23 14:13:48,844 INFO [T29] leaf pattern=086523???? got=16 saved=16
2026-05-23 14:13:48,850 INFO [T9] leaf pattern=086524???? got=13 saved=13
2026-05-23 14:13:48,991 INFO [T27] leaf pattern=086526???? got=10 saved=10
2026-05-23 14:13:49,085 INFO [T24] leaf pattern=086525???? got=9 saved=9
2026-05-23 14:13:49,099 INFO [T5] leaf pattern=086527???? got=16 saved=16
2026-05-23 14:13:49,218 INFO [T16] leaf pattern=086529???? got=21 saved=21
2026-05-23 14:13:49,293 INFO [T3] leaf pattern=086528???? got=12 saved=12
2026-05-23 14:13:49,569 INFO [T1] leaf pattern=086540???? got=16 saved=16
2026-05-23 14:13:49,934 INFO [T17] leaf pattern=086541???? got=18 saved=18
2026-05-23 14:13:50,057 INFO [T12] leaf pattern=086542???? got=16 saved=16
2026-05-23 14:13:50,134 INFO [T14] leaf pattern=086543???? got=20 saved=20
2026-05-23 14:13:50,244 INFO [T10] leaf pattern=086545???? got=17 saved=17
2026-05-23 14:13:50,290 INFO [T6] leaf pattern=086544???? got=17 saved=17
2026-05-23 14:13:50,306 INFO [T21] leaf pattern=086547???? got=25 saved=25
2026-05-23 14:13:50,320 INFO [T15] leaf pattern=086549???? got=27 saved=27
2026-05-23 14:13:50,410 INFO [T25] leaf pattern=086548???? got=26 saved=26
2026-05-23 14:13:50,665 INFO [T20] leaf pattern=086500???? got=9 saved=9
2026-05-23 14:13:50,965 INFO [T19] leaf pattern=086501???? got=18 saved=18
2026-05-23 14:13:50,987 INFO [T28] leaf pattern=086502???? got=13 saved=13
2026-05-23 14:13:51,243 INFO [T2] leaf pattern=086546???? got=21 saved=21
2026-05-23 14:13:51,593 INFO [T22] leaf pattern=086503???? got=18 saved=18
2026-05-23 14:13:51,645 INFO [T11] leaf pattern=086504???? got=18 saved=18
2026-05-23 14:13:52,073 INFO [T23] leaf pattern=086506???? got=17 saved=17
2026-05-23 14:13:52,087 INFO [T30] leaf pattern=086505???? got=15 saved=15
2026-05-23 14:13:52,254 INFO [T4] leaf pattern=086508???? got=17 saved=17
2026-05-23 14:13:52,378 INFO [T18] leaf pattern=086509???? got=15 saved=15
2026-05-23 14:13:52,457 INFO [T13] leaf pattern=086530???? got=20 saved=20
2026-05-23 14:13:52,565 INFO [T7] leaf pattern=086507???? got=16 saved=16
2026-05-23 14:13:52,583 INFO [T8] leaf pattern=086531???? got=14 saved=14
2026-05-23 14:13:52,599 INFO [T26] leaf pattern=086532???? got=9 saved=9
2026-05-23 14:13:52,722 INFO [T29] leaf pattern=086533???? got=2 saved=2
2026-05-23 14:13:52,755 INFO [T9] leaf pattern=086534???? got=20 saved=20
2026-05-23 14:13:52,937 INFO [T27] leaf pattern=086535???? got=13 saved=13
2026-05-23 14:13:52,988 INFO [T24] leaf pattern=086536???? got=10 saved=10
2026-05-23 14:13:53,042 INFO [T5] leaf pattern=086537???? got=21 saved=21
2026-05-23 14:13:53,130 INFO [T16] leaf pattern=086538???? got=15 saved=15
2026-05-23 14:13:53,188 INFO [T3] leaf pattern=086539???? got=20 saved=20
2026-05-23 14:13:53,450 INFO [T1] leaf pattern=086550???? got=22 saved=22
2026-05-23 14:13:53,898 INFO [T17] leaf pattern=086551???? got=22 saved=22
2026-05-23 14:13:54,028 INFO [T12] leaf pattern=086552???? got=20 saved=20
2026-05-23 14:13:54,071 INFO [T14] leaf pattern=086553???? got=22 saved=22
2026-05-23 14:13:54,170 INFO [T10] leaf pattern=086554???? got=25 saved=25
2026-05-23 14:13:54,255 INFO [T15] leaf pattern=086557???? got=22 saved=22
2026-05-23 14:13:54,263 INFO [T21] leaf pattern=086556???? got=8 saved=8
2026-05-23 14:13:54,281 INFO [T6] leaf pattern=086555???? got=1 saved=1
2026-05-23 14:13:54,338 INFO [T25] leaf pattern=086558???? got=9 saved=9
2026-05-23 14:13:54,894 INFO [T19] leaf pattern=086560???? got=19 saved=19
2026-05-23 14:13:54,899 INFO [T28] leaf pattern=086561???? got=15 saved=15
2026-05-23 14:13:55,007 INFO [T20] leaf pattern=086559???? got=13 saved=13
2026-05-23 14:13:55,472 INFO [T2] leaf pattern=086562???? got=17 saved=17
2026-05-23 14:13:55,503 INFO [T22] leaf pattern=086563???? got=18 saved=18
2026-05-23 14:13:55,572 INFO [T11] leaf pattern=086564???? got=19 saved=19
2026-05-23 14:13:55,966 INFO [T23] leaf pattern=086565???? got=6 saved=6
2026-05-23 14:13:56,046 INFO [T30] leaf pattern=086566???? got=6 saved=6
2026-05-23 14:13:56,281 INFO [T4] leaf pattern=086567???? got=8 saved=8
2026-05-23 14:13:56,330 INFO [T13] leaf pattern=086569???? got=13 saved=13
2026-05-23 14:13:56,363 INFO [T18] leaf pattern=086568???? got=10 saved=10
2026-05-23 14:13:56,492 INFO [T7] leaf pattern=086570???? got=24 saved=24
2026-05-23 14:13:56,554 INFO [T8] leaf pattern=086571???? got=24 saved=24
2026-05-23 14:13:56,589 INFO [T26] leaf pattern=086572???? got=18 saved=18
2026-05-23 14:13:56,707 INFO [T9] leaf pattern=086574???? got=23 saved=23
2026-05-23 14:13:56,719 INFO [T29] leaf pattern=086573???? got=29 saved=29
2026-05-23 14:13:56,864 INFO [T27] leaf pattern=086575???? got=22 saved=22
2026-05-23 14:13:56,900 INFO [T24] leaf pattern=086576???? got=19 saved=19
2026-05-23 14:13:56,960 INFO [T5] leaf pattern=086577???? got=6 saved=6
2026-05-23 14:13:57,081 INFO [T16] leaf pattern=086578???? got=19 saved=19
2026-05-23 14:13:57,169 INFO [T3] leaf pattern=086579???? got=17 saved=17
2026-05-23 14:13:57,208 WARNING [T1] ec=1 rate limited, rotating IP
2026-05-23 14:13:57,208 INFO [T1] rotate IP 02442583 → 95b59cde
2026-05-23 14:13:57,933 INFO [T17] leaf pattern=086581???? got=14 saved=14
2026-05-23 14:13:57,975 INFO [T12] leaf pattern=086582???? got=15 saved=15
2026-05-23 14:13:58,010 INFO [T14] leaf pattern=086583???? got=20 saved=20
2026-05-23 14:13:58,067 INFO [T10] leaf pattern=086584???? got=29 saved=29
2026-05-23 14:13:58,197 INFO [T6] leaf pattern=086587???? got=11 saved=11
2026-05-23 14:13:58,342 INFO [T25] leaf pattern=086588???? got=4 saved=4
2026-05-23 14:13:58,359 INFO [T15] leaf pattern=086585???? got=8 saved=8
2026-05-23 14:13:58,372 INFO [T21] leaf pattern=086586???? got=6 saved=6
2026-05-23 14:13:58,788 INFO [T28] leaf pattern=086590???? got=22 saved=22
2026-05-23 14:13:58,809 INFO [T19] leaf pattern=086589???? got=11 saved=11
2026-05-23 14:13:58,903 INFO [T1] D1N refreshed d9c92517c8dd70d0…
2026-05-23 14:13:58,910 INFO [T20] leaf pattern=086591???? got=11 saved=11
2026-05-23 14:13:59,437 INFO [T22] leaf pattern=086593???? got=18 saved=18
2026-05-23 14:13:59,470 INFO [T11] leaf pattern=086594???? got=22 saved=22
2026-05-23 14:13:59,884 INFO [T23] leaf pattern=086595???? got=17 saved=17
2026-05-23 14:13:59,951 INFO [T30] leaf pattern=086596???? got=14 saved=14
2026-05-23 14:14:00,171 INFO [T4] leaf pattern=086597???? got=12 saved=12
2026-05-23 14:14:00,185 INFO [T2] leaf pattern=086592???? got=13 saved=13
2026-05-23 14:14:00,231 INFO [T13] leaf pattern=086598???? got=22 saved=22
2026-05-23 14:14:00,384 INFO [T18] leaf pattern=086599???? got=2 saved=2
2026-05-23 14:14:00,478 INFO [T7] leaf pattern=005300???? got=2 saved=2
2026-05-23 14:14:00,538 INFO [T8] leaf pattern=005301???? got=7 saved=7
2026-05-23 14:14:00,572 INFO [T26] leaf pattern=005302???? got=7 saved=7
2026-05-23 14:14:00,685 INFO [T29] leaf pattern=005304???? got=10 saved=10
2026-05-23 14:14:00,706 INFO [T9] leaf pattern=005303???? got=9 saved=9
2026-05-23 14:14:00,915 INFO [T27] leaf pattern=005305???? got=8 saved=8
2026-05-23 14:14:00,930 INFO [T5] leaf pattern=005307???? got=8 saved=8
2026-05-23 14:14:00,948 INFO [T24] leaf pattern=005306???? got=10 saved=10
2026-05-23 14:14:01,049 INFO [T16] leaf pattern=005308???? got=13 saved=13
2026-05-23 14:14:01,252 INFO [T3] leaf pattern=005309???? got=17 saved=17
2026-05-23 14:14:01,973 INFO [T12] leaf pattern=005311???? got=3 saved=3
2026-05-23 14:14:02,009 INFO [T14] leaf pattern=005312???? got=16 saved=16
2026-05-23 14:14:02,093 INFO [T10] leaf pattern=005313???? got=5 saved=5
2026-05-23 14:14:02,276 INFO [T6] leaf pattern=005314???? got=10 saved=10
2026-05-23 14:14:02,428 INFO [T21] leaf pattern=005317???? got=9 saved=9
2026-05-23 14:14:02,555 INFO [T15] leaf pattern=005316???? got=3 saved=3
2026-05-23 14:14:02,761 INFO [T28] leaf pattern=005318???? got=8 saved=8
2026-05-23 14:14:02,881 INFO [T20] leaf pattern=005320???? got=11 saved=11
2026-05-23 14:14:02,895 INFO [T19] leaf pattern=005319???? got=4 saved=4
2026-05-23 14:14:03,011 INFO [T25] leaf pattern=005315???? got=14 saved=14
2026-05-23 14:14:03,090 INFO [T17] leaf pattern=005310???? got=20 saved=20
2026-05-23 14:14:03,335 WARNING [T1] SSLError attempt=1/3 pattern=086580????: HTTPSConnectionPool(host='vietteltelecom.vn', port=443): Max retries exceeded with url: /api/get/sim (Caused by SSLError
2026-05-23 14:14:03,335 INFO [T1] rotate IP 95b59cde → a6e8b97d
2026-05-23 14:14:03,449 INFO [T22] leaf pattern=005321???? got=11 saved=11
2026-05-23 14:14:03,500 INFO [T11] leaf pattern=005322???? got=1 saved=1
2026-05-23 14:14:03,896 INFO [T23] leaf pattern=005323???? got=5 saved=5
2026-05-23 14:14:03,925 WARNING [T4] ec=1 rate limited, rotating IP
2026-05-23 14:14:03,925 INFO [T4] rotate IP 14d64df6 → 4ad0c296
2026-05-23 14:14:03,931 INFO [T30] leaf pattern=005324???? got=10 saved=10
2026-05-23 14:14:04,195 INFO [T13] leaf pattern=005327???? got=4 saved=4
2026-05-23 14:14:04,525 INFO [T7] leaf pattern=005329???? got=8 saved=8
2026-05-23 14:14:04,533 INFO [T26] leaf pattern=005331???? got=0 saved=0
2026-05-23 14:14:04,545 INFO [T8] leaf pattern=005330???? got=6 saved=6
2026-05-23 14:14:04,563 INFO [T18] leaf pattern=005328???? got=6 saved=6
2026-05-23 14:14:04,611 INFO [T29] leaf pattern=005332???? got=4 saved=4
2026-05-23 14:14:04,884 INFO [T24] leaf pattern=005336???? got=9 saved=9
2026-05-23 14:14:05,019 INFO [T16] leaf pattern=005337???? got=6 saved=6
2026-05-23 14:14:05,031 INFO [T5] leaf pattern=005335???? got=3 saved=3
2026-05-23 14:14:05,068 INFO [T2] leaf pattern=005326???? got=8 saved=8
2026-05-23 14:14:05,116 INFO [T9] leaf pattern=005333???? got=0 saved=0
2026-05-23 14:14:05,153 INFO [T27] leaf pattern=005334???? got=9 saved=9
2026-05-23 14:14:05,242 INFO [T3] leaf pattern=005338???? got=6 saved=6
2026-05-23 14:14:05,768 INFO [T4] D1N refreshed 7e62bf3cb4c1c0f0…
2026-05-23 14:14:05,958 INFO [T12] leaf pattern=005339???? got=10 saved=10
2026-05-23 14:14:06,046 WARNING [T1] D1N unresolved, rotating IP
2026-05-23 14:14:06,046 INFO [T1] rotate IP a6e8b97d → 1693ab11
2026-05-23 14:14:06,071 INFO [T14] leaf pattern=005340???? got=12 saved=12
2026-05-23 14:14:06,131 INFO [T10] leaf pattern=005341???? got=10 saved=10
2026-05-23 14:14:06,473 INFO [T21] leaf pattern=005343???? got=11 saved=11
2026-05-23 14:14:06,622 INFO [T15] leaf pattern=005344???? got=5 saved=5
2026-05-23 14:14:06,702 INFO [T28] leaf pattern=005345???? got=8 saved=8
2026-05-23 14:14:06,788 INFO [T6] leaf pattern=005342???? got=15 saved=15
2026-05-23 14:14:06,827 INFO [T20] leaf pattern=005346???? got=7 saved=7
2026-05-23 14:14:06,919 INFO [T19] leaf pattern=005347???? got=8 saved=8
2026-05-23 14:14:07,039 INFO [T25] leaf pattern=005348???? got=10 saved=10
2026-05-23 14:14:07,119 INFO [T17] leaf pattern=005349???? got=21 saved=21
2026-05-23 14:14:07,458 INFO [T22] leaf pattern=005360???? got=7 saved=7
2026-05-23 14:14:07,476 WARNING [T1] SSLError attempt=1/3 pattern=086580????: HTTPSConnectionPool(host='vietteltelecom.vn', port=443): Max retries exceeded with url: /api/get/sim (Caused by SSLError
2026-05-23 14:14:07,476 INFO [T1] rotate IP 1693ab11 → ecc00040
2026-05-23 14:14:07,477 INFO [T11] leaf pattern=005361???? got=9 saved=9
2026-05-23 14:14:07,660 WARNING [T23] ec=1 rate limited, rotating IP
2026-05-23 14:14:07,660 INFO [T23] rotate IP 14f9e48f → 4eebc2f3
2026-05-23 14:14:07,983 INFO [T30] leaf pattern=005363???? got=9 saved=9
2026-05-23 14:14:08,380 INFO [T13] leaf pattern=005364???? got=12 saved=12
2026-05-23 14:14:08,409 WARNING [T18] ec=1 rate limited, rotating IP
2026-05-23 14:14:08,409 INFO [T18] rotate IP d0e45103 → 880b86d0
2026-05-23 14:14:08,527 INFO [T8] leaf pattern=005367???? got=10 saved=10
2026-05-23 14:14:08,567 INFO [T7] leaf pattern=005365???? got=8 saved=8
2026-05-23 14:14:08,589 INFO [T29] leaf pattern=005369???? got=10 saved=10
2026-05-23 14:14:08,849 INFO [T26] leaf pattern=005366???? got=4 saved=4
2026-05-23 14:14:08,917 INFO [T24] leaf pattern=005370???? got=8 saved=8
2026-05-23 14:14:09,035 INFO [T16] leaf pattern=005371???? got=11 saved=11
2026-05-23 14:14:09,121 INFO [T9] leaf pattern=005374???? got=15 saved=15
2026-05-23 14:14:09,205 INFO [T27] leaf pattern=005375???? got=9 saved=9
2026-05-23 14:14:09,334 INFO [T2] leaf pattern=005373???? got=11 saved=11
2026-05-23 14:14:09,403 INFO [T23] D1N refreshed 72897c6bcb3c9dcd…
2026-05-23 14:14:09,415 INFO [T5] leaf pattern=005372???? got=6 saved=6
2026-05-23 14:14:09,419 INFO [T3] leaf pattern=005376???? got=11 saved=11
2026-05-23 14:14:09,980 INFO [T12] leaf pattern=005377???? got=5 saved=5
2026-05-23 14:14:10,037 INFO [T14] leaf pattern=005378???? got=9 saved=9
2026-05-23 14:14:10,074 INFO [T10] leaf pattern=005379???? got=10 saved=10
2026-05-23 14:14:10,157 INFO [T18] D1N refreshed b5b929b29cf8ee2e…
2026-05-23 14:14:10,270 INFO [T1] D1N refreshed 958ef13e99b012c1…
2026-05-23 14:14:10,534 INFO [T21] leaf pattern=005350???? got=11 saved=11
2026-05-23 14:14:10,647 INFO [T15] leaf pattern=005351???? got=7 saved=7
2026-05-23 14:14:10,741 INFO [T28] leaf pattern=005352???? got=8 saved=8
2026-05-23 14:14:10,816 INFO [T6] leaf pattern=005353???? got=5 saved=5
2026-05-23 14:14:10,882 WARNING [T25] ec=1 rate limited, rotating IP
2026-05-23 14:14:10,882 INFO [T25] rotate IP 105315a0 → a61cdaf8
2026-05-23 14:14:10,925 INFO [T20] leaf pattern=005354???? got=15 saved=15
2026-05-23 14:14:10,975 WARNING [T17] ec=1 rate limited, rotating IP
2026-05-23 14:14:10,976 INFO [T17] rotate IP 7c0334ff → 8415f6e5
2026-05-23 14:14:11,099 INFO [T4] leaf pattern=005325???? got=9 saved=9
2026-05-23 14:14:11,240 INFO [T19] leaf pattern=005355???? got=2 saved=2
2026-05-23 14:14:11,439 INFO [T11] leaf pattern=005359???? got=5 saved=5
2026-05-23 14:14:11,683 INFO [T22] leaf pattern=005358???? got=10 saved=10
2026-05-23 14:14:11,763 WARNING [T30] ec=1 rate limited, rotating IP
2026-05-23 14:14:11,764 INFO [T30] rotate IP 96e878f5 → 1a3d88b2
2026-05-23 14:14:12,341 INFO [T13] leaf pattern=005381???? got=10 saved=10
2026-05-23 14:14:12,540 INFO [T7] leaf pattern=005383???? got=7 saved=7
2026-05-23 14:14:12,667 INFO [T25] D1N refreshed b5c185d3b63fef67…
2026-05-23 14:14:12,738 INFO [T29] leaf pattern=005384???? got=13 saved=13
2026-05-23 14:14:12,800 INFO [T8] leaf pattern=005382???? got=7 saved=7
2026-05-23 14:14:12,816 INFO [T17] D1N refreshed 5234fa8aefa07855…
2026-05-23 14:14:12,868 WARNING [T24] ec=1 rate limited, rotating IP
2026-05-23 14:14:12,868 INFO [T24] rotate IP 9ef194a0 → 836c72dd
2026-05-23 14:14:12,873 INFO [T26] leaf pattern=005385???? got=12 saved=12
2026-05-23 14:14:13,074 INFO [T16] leaf pattern=005387???? got=14 saved=14
2026-05-23 14:14:13,164 INFO [T9] leaf pattern=005388???? got=5 saved=5
2026-05-23 14:14:13,193 WARNING [T3] ec=1 rate limited, rotating IP
2026-05-23 14:14:13,194 INFO [T3] rotate IP cd83c2fb → ffedc150
2026-05-23 14:14:13,204 WARNING [T5] ec=1 rate limited, rotating IP
2026-05-23 14:14:13,204 INFO [T5] rotate IP 33e3b128 → 9c230d15
2026-05-23 14:14:13,220 INFO [T27] leaf pattern=005389???? got=10 saved=10
2026-05-23 14:14:13,377 INFO [T2] leaf pattern=005390???? got=14 saved=14
2026-05-23 14:14:13,465 INFO [T30] D1N refreshed a2f98b7d73302117…
2026-05-23 14:14:13,812 WARNING [T14] ec=1 rate limited, rotating IP
2026-05-23 14:14:13,812 INFO [T14] rotate IP 6e24bbdc → 692feb10
2026-05-23 14:14:13,843 WARNING [T10] ec=1 rate limited, rotating IP
2026-05-23 14:14:13,843 INFO [T10] rotate IP 4c8582c7 → 51c151ba
2026-05-23 14:14:13,951 INFO [T12] leaf pattern=005393???? got=8 saved=8
2026-05-23 14:14:14,351 WARNING [T21] ec=1 rate limited, rotating IP
2026-05-23 14:14:14,351 INFO [T21] rotate IP 02ae8536 → f5b4b0c2
2026-05-23 14:14:14,496 INFO [T23] leaf pattern=005362???? got=4 saved=4
2026-05-23 14:14:14,576 INFO [T24] D1N refreshed e879559c99b9db3a…
2026-05-23 14:14:14,697 INFO [T28] leaf pattern=005398???? got=9 saved=9
2026-05-23 14:14:14,810 INFO [T20] leaf pattern=086800???? got=1 saved=1
2026-05-23 14:14:14,930 INFO [T6] leaf pattern=005399???? got=1 saved=1
2026-05-23 14:14:15,016 WARNING [T19] ec=1 rate limited, rotating IP
2026-05-23 14:14:15,016 INFO [T19] rotate IP 6c7d05e3 → 39ce534c
2026-05-23 14:14:15,050 INFO [T3] D1N refreshed 112187b241f2971a…
2026-05-23 14:14:15,050 INFO [T15] leaf pattern=005397???? got=11 saved=11
2026-05-23 14:14:15,064 INFO [T4] leaf pattern=086801???? got=3 saved=3
2026-05-23 14:14:15,189 WARNING [T11] ec=1 rate limited, rotating IP
2026-05-23 14:14:15,190 INFO [T11] rotate IP c54bf16f → c7006074
2026-05-23 14:14:15,409 INFO [T1] leaf pattern=086580???? got=17 saved=17
2026-05-23 14:14:15,426 INFO [T18] leaf pattern=005368???? got=5 saved=5
2026-05-23 14:14:15,562 INFO [T10] D1N refreshed 8fef4aacb79bff61…
2026-05-23 14:14:15,616 INFO [T22] leaf pattern=086804???? got=13 saved=13
2026-05-23 14:14:15,768 INFO [T5] D1N refreshed 56eca3cbf1a694fe…
2026-05-23 14:14:15,886 INFO [T14] D1N refreshed e0106e2848e7ae17…
2026-05-23 14:14:16,078 INFO [T21] D1N refreshed 2928a7ef488c38f5…
2026-05-23 14:14:16,274 INFO [T13] leaf pattern=086805???? got=5 saved=5
2026-05-23 14:14:16,424 INFO [T7] leaf pattern=086806???? got=4 saved=4
2026-05-23 14:14:16,549 WARNING [T8] ec=1 rate limited, rotating IP
2026-05-23 14:14:16,549 INFO [T8] rotate IP d61c81b5 → 6e66011b
2026-05-23 14:14:16,616 INFO [T29] leaf pattern=086807???? got=8 saved=8
2026-05-23 14:14:16,755 INFO [T26] leaf pattern=086809???? got=10 saved=10
2026-05-23 14:14:16,840 WARNING [T16] ec=1 rate limited, rotating IP
2026-05-23 14:14:16,840 INFO [T16] rotate IP ceb04886 → a4925d17
2026-05-23 14:14:16,903 INFO [T11] D1N refreshed eec0f5cd6c1481e1…
2026-05-23 14:14:17,080 INFO [T9] leaf pattern=086811???? got=1 saved=1
2026-05-23 14:14:17,083 INFO [T19] D1N refreshed ac6a10c2ee209fce…
2026-05-23 14:14:17,124 INFO [T27] leaf pattern=086812???? got=7 saved=7
2026-05-23 14:14:17,306 INFO [T2] leaf pattern=086813???? got=2 saved=2
2026-05-23 14:14:17,777 INFO [T25] leaf pattern=005356???? got=4 saved=4
2026-05-23 14:14:17,901 INFO [T17] leaf pattern=005357???? got=7 saved=7
2026-05-23 14:14:17,933 INFO [T12] leaf pattern=086814???? got=13 saved=13
2026-05-23 14:14:18,287 INFO [T8] D1N refreshed bc020fbf053ad70c…
2026-05-23 14:14:18,418 INFO [T23] leaf pattern=086815???? got=11 saved=11
2026-05-23 14:14:18,535 INFO [T30] leaf pattern=005380???? got=12 saved=12
2026-05-23 14:14:18,611 INFO [T28] leaf pattern=086816???? got=7 saved=7
2026-05-23 14:14:18,717 INFO [T16] D1N refreshed f6f66f21b2da5d92…
2026-05-23 14:14:18,754 INFO [T20] leaf pattern=086817???? got=3 saved=3
2026-05-23 14:14:18,877 INFO [T6] leaf pattern=086818???? got=7 saved=7
2026-05-23 14:14:19,016 INFO [T4] leaf pattern=086830???? got=5 saved=5
2026-05-23 14:14:19,045 INFO [T15] leaf pattern=086819???? got=4 saved=4
2026-05-23 14:14:19,364 INFO [T18] leaf pattern=086832???? got=9 saved=9
2026-05-23 14:14:19,442 INFO [T1] leaf pattern=086831???? got=5 saved=5
2026-05-23 14:14:19,655 INFO [T22] leaf pattern=086833???? got=5 saved=5
2026-05-23 14:14:19,701 INFO [T24] leaf pattern=005386???? got=9 saved=9
2026-05-23 14:14:20,191 INFO [T13] leaf pattern=086834???? got=8 saved=8
2026-05-23 14:14:20,300 INFO [T7] leaf pattern=086835???? got=4 saved=4
2026-05-23 14:14:20,321 INFO [T3] leaf pattern=005392???? got=2 saved=2
2026-05-23 14:14:20,612 INFO [T26] leaf pattern=086837???? got=14 saved=14
2026-05-23 14:14:20,704 INFO [T29] leaf pattern=086836???? got=8 saved=8
2026-05-23 14:14:20,790 INFO [T10] leaf pattern=005395???? got=11 saved=11
2026-05-23 14:14:21,057 INFO [T27] leaf pattern=086839???? got=7 saved=7
2026-05-23 14:14:21,104 INFO [T5] leaf pattern=005391???? got=4 saved=4
2026-05-23 14:14:21,179 INFO [T21] leaf pattern=005396???? got=8 saved=8
2026-05-23 14:14:21,233 INFO [T2] leaf pattern=086840???? got=8 saved=8
2026-05-23 14:14:21,728 INFO [T25] leaf pattern=086841???? got=7 saved=7
2026-05-23 14:14:21,857 INFO [T12] leaf pattern=086843???? got=4 saved=4
2026-05-23 14:14:21,869 INFO [T17] leaf pattern=086842???? got=9 saved=9
2026-05-23 14:14:22,327 INFO [T23] leaf pattern=086844???? got=6 saved=6
2026-05-23 14:14:22,558 INFO [T30] leaf pattern=086845???? got=7 saved=7
2026-05-23 14:14:22,570 INFO [T28] leaf pattern=086846???? got=8 saved=8
2026-05-23 14:14:22,771 INFO [T20] leaf pattern=086847???? got=15 saved=15
2026-05-23 14:14:22,918 INFO [T6] leaf pattern=086848???? got=9 saved=9
2026-05-23 14:14:22,937 INFO [T4] leaf pattern=086849???? got=11 saved=11
2026-05-23 14:14:23,294 INFO [T18] leaf pattern=086851???? got=10 saved=10
2026-05-23 14:14:23,314 INFO [T1] leaf pattern=086852???? got=10 saved=10
2026-05-23 14:14:23,434 INFO [T15] leaf pattern=086850???? got=11 saved=11
2026-05-23 14:14:23,650 INFO [T9] leaf pattern=086838???? got=1 saved=1
2026-05-23 14:14:23,668 INFO [T19] leaf pattern=086802???? got=8 saved=8
2026-05-23 14:14:23,697 INFO [T22] leaf pattern=086853???? got=13 saved=13
2026-05-23 14:14:23,717 INFO [T24] leaf pattern=086854???? got=14 saved=14
2026-05-23 14:14:23,918 INFO [T16] leaf pattern=086810???? got=8 saved=8
2026-05-23 14:14:23,922 INFO [T8] leaf pattern=086808???? got=5 saved=5
2026-05-23 14:14:23,988 INFO [T14] leaf pattern=005394???? got=8 saved=8
2026-05-23 14:14:24,077 INFO [T13] leaf pattern=086855???? got=5 saved=5
2026-05-23 14:14:24,206 INFO [T7] leaf pattern=086856???? got=4 saved=4
2026-05-23 14:14:24,264 INFO [T11] leaf pattern=086803???? got=8 saved=8
2026-05-23 14:14:24,482 INFO [T3] leaf pattern=086857???? got=21 saved=21
2026-05-23 14:14:24,627 INFO [T29] leaf pattern=086859???? got=19 saved=19
2026-05-23 14:14:24,722 INFO [T10] leaf pattern=086870???? got=11 saved=11
2026-05-23 14:14:25,037 WARNING [T2] ec=1 rate limited, rotating IP
2026-05-23 14:14:25,037 INFO [T2] rotate IP 0a504469 → 1b4ed55a
2026-05-23 14:14:25,043 INFO [T27] leaf pattern=086871???? got=9 saved=9
2026-05-23 14:14:25,098 INFO [T26] leaf pattern=086858???? got=11 saved=11
2026-05-23 14:14:25,118 INFO [T21] leaf pattern=086873???? got=8 saved=8
2026-05-23 14:14:25,121 INFO [T5] leaf pattern=086872???? got=9 saved=9
2026-05-23 14:14:25,614 INFO [T25] leaf pattern=086875???? got=6 saved=6
2026-05-23 14:14:25,800 INFO [T17] leaf pattern=086877???? got=3 saved=3
2026-05-23 14:14:25,827 INFO [T12] leaf pattern=086876???? got=5 saved=5
2026-05-23 14:14:26,221 INFO [T23] leaf pattern=086878???? got=0 saved=0
2026-05-23 14:14:26,477 INFO [T30] leaf pattern=086879???? got=3 saved=3
2026-05-23 14:14:26,495 INFO [T28] leaf pattern=086900???? got=5 saved=5
2026-05-23 14:14:26,851 INFO [T6] leaf pattern=086902???? got=14 saved=14
2026-05-23 14:14:26,868 INFO [T2] D1N refreshed 2b4f2ddd4fd10b64…
2026-05-23 14:14:26,904 INFO [T4] leaf pattern=086903???? got=16 saved=16
2026-05-23 14:14:27,043 INFO [T20] leaf pattern=086901???? got=18 saved=18
2026-05-23 14:14:27,220 INFO [T1] leaf pattern=086905???? got=19 saved=19
2026-05-23 14:14:27,233 INFO [T18] leaf pattern=086904???? got=24 saved=24
2026-05-23 14:14:27,446 INFO [T15] leaf pattern=086906???? got=18 saved=18
2026-05-23 14:14:27,629 INFO [T22] leaf pattern=086909???? got=10 saved=10
2026-05-23 14:14:27,645 INFO [T19] leaf pattern=086908???? got=11 saved=11
2026-05-23 14:14:27,732 INFO [T24] leaf pattern=086910???? got=19 saved=19
2026-05-23 14:14:27,826 INFO [T9] leaf pattern=086907???? got=16 saved=16
2026-05-23 14:14:27,837 INFO [T14] leaf pattern=086913???? got=17 saved=17
2026-05-23 14:14:27,843 INFO [T16] leaf pattern=086911???? got=7 saved=7
2026-05-23 14:14:27,864 INFO [T8] leaf pattern=086912???? got=15 saved=15
2026-05-23 14:14:27,993 INFO [T13] leaf pattern=086914???? got=29 saved=29
2026-05-23 14:14:28,126 INFO [T7] leaf pattern=086915???? got=20 saved=20
2026-05-23 14:14:28,224 INFO [T11] leaf pattern=086916???? got=20 saved=20
2026-05-23 14:14:28,406 INFO [T3] leaf pattern=086917???? got=13 saved=13
2026-05-23 14:14:28,510 INFO [T29] leaf pattern=086918???? got=17 saved=17
2026-05-23 14:14:28,626 INFO [T10] leaf pattern=086919???? got=11 saved=11
2026-05-23 14:14:28,974 INFO [T26] leaf pattern=086941???? got=27 saved=27
2026-05-23 14:14:28,998 INFO [T21] leaf pattern=086942???? got=23 saved=23
2026-05-23 14:14:29,003 INFO [T27] leaf pattern=086940???? got=28 saved=28
2026-05-23 14:14:29,043 INFO [T5] expand pattern=086943???? got=30 ≥ 30 → split into 10 children
2026-05-23 14:14:29,586 INFO [T25] leaf pattern=086944???? got=18 saved=18
2026-05-23 14:14:29,802 INFO [T12] leaf pattern=086946???? got=26 saved=26
2026-05-23 14:14:30,009 INFO [T17] leaf pattern=086945???? got=28 saved=28
2026-05-23 14:14:30,232 WARNING [T28] ec=1 rate limited, rotating IP
2026-05-23 14:14:30,232 INFO [T28] rotate IP 2ecf587a → 0f72a5c6
2026-05-23 14:14:30,313 INFO [T23] leaf pattern=086947???? got=27 saved=27
2026-05-23 14:14:30,376 INFO [T30] leaf pattern=086948???? got=25 saved=25
2026-05-23 14:14:31,148 INFO [T18] leaf pattern=086924???? got=22 saved=22
2026-05-23 14:14:31,192 INFO [T6] leaf pattern=086920???? got=20 saved=20
2026-05-23 14:14:31,256 INFO [T20] leaf pattern=086922???? got=11 saved=11
2026-05-23 14:14:31,514 INFO [T1] leaf pattern=086923???? got=15 saved=15
2026-05-23 14:14:31,590 INFO [T19] leaf pattern=086927???? got=19 saved=19
2026-05-23 14:14:31,632 INFO [T22] leaf pattern=086926???? got=19 saved=19
2026-05-23 14:14:31,766 INFO [T24] leaf pattern=086928???? got=13 saved=13
2026-05-23 14:14:31,835 INFO [T16] leaf pattern=086971???? got=21 saved=21
2026-05-23 14:14:31,840 INFO [T8] leaf pattern=086972???? got=18 saved=18
2026-05-23 14:14:31,884 INFO [T14] leaf pattern=086970???? got=27 saved=27
2026-05-23 14:14:31,892 INFO [T9] leaf pattern=086929???? got=18 saved=18
2026-05-23 14:14:31,973 INFO [T28] D1N refreshed 416e4116f6cb9af8…
2026-05-23 14:14:31,981 INFO [T2] leaf pattern=086874???? got=16 saved=16
2026-05-23 14:14:32,029 INFO [T13] leaf pattern=086973???? got=23 saved=23
2026-05-23 14:14:32,047 INFO [T7] expand pattern=086974???? got=36 ≥ 30 → split into 10 children
2026-05-23 14:14:32,150 INFO [T11] leaf pattern=086975???? got=23 saved=23
2026-05-23 14:14:32,358 INFO [T3] leaf pattern=086976???? got=24 saved=24
2026-05-23 14:14:32,508 INFO [T15] leaf pattern=086925???? got=19 saved=19
2026-05-23 14:14:32,529 INFO [T10] leaf pattern=086978???? got=16 saved=16
2026-05-23 14:14:32,910 INFO [T26] leaf pattern=086979???? got=12 saved=12
2026-05-23 14:14:32,971 INFO [T27] leaf pattern=086961???? got=17 saved=17
2026-05-23 14:14:32,984 INFO [T5] leaf pattern=086962???? got=10 saved=10
2026-05-23 14:14:33,136 INFO [T21] leaf pattern=086960???? got=12 saved=12
2026-05-23 14:14:33,533 INFO [T25] leaf pattern=086963???? got=16 saved=16
2026-05-23 14:14:33,762 INFO [T12] leaf pattern=086964???? got=14 saved=14
2026-05-23 14:14:33,898 INFO [T17] leaf pattern=086965???? got=20 saved=20
2026-05-23 14:14:33,957 INFO [T4] leaf pattern=086921???? got=19 saved=19
2026-05-23 14:14:34,032 INFO [T29] leaf pattern=086977???? got=10 saved=10
2026-05-23 14:14:34,204 INFO [T23] leaf pattern=086966???? got=9 saved=9
2026-05-23 14:14:34,339 INFO [T30] leaf pattern=086967???? got=18 saved=18
2026-05-23 14:14:35,207 INFO [T6] leaf pattern=086969???? got=1 saved=1
2026-05-23 14:14:35,219 INFO [T20] leaf pattern=086950???? got=20 saved=20
2026-05-23 14:14:35,231 INFO [T18] leaf pattern=086968???? got=2 saved=2
2026-05-23 14:14:35,440 INFO [T1] leaf pattern=086951???? got=29 saved=29
2026-05-23 14:14:35,609 INFO [T19] leaf pattern=086952???? got=23 saved=23
2026-05-23 14:14:35,625 INFO [T24] expand pattern=086954???? got=30 ≥ 30 → split into 10 children
2026-05-23 14:14:35,665 INFO [T8] leaf pattern=086956???? got=22 saved=22
2026-05-23 14:14:35,727 INFO [T16] leaf pattern=086955???? got=13 saved=13
2026-05-23 14:14:35,819 INFO [T9] leaf pattern=086958???? got=24 saved=24
2026-05-23 14:14:35,854 INFO [T22] expand pattern=086953???? got=31 ≥ 30 → split into 10 children
2026-05-23 14:14:35,947 INFO [T7] leaf pattern=086991???? got=16 saved=16
2026-05-23 14:14:35,958 INFO [T14] leaf pattern=086957???? got=22 saved=22
2026-05-23 14:14:35,976 INFO [T2] leaf pattern=086959???? got=26 saved=26
2026-05-23 14:14:36,082 INFO [T11] leaf pattern=086992???? got=8 saved=8
2026-05-23 14:14:36,099 INFO [T13] leaf pattern=086990???? got=6 saved=6
2026-05-23 14:14:36,269 INFO [T3] leaf pattern=086993???? got=10 saved=10
2026-05-23 14:14:36,478 INFO [T10] leaf pattern=086995???? got=6 saved=6
2026-05-23 14:14:36,575 INFO [T15] leaf pattern=086994???? got=15 saved=15
2026-05-23 14:14:36,781 INFO [T26] leaf pattern=086996???? got=8 saved=8
2026-05-23 14:14:36,878 INFO [T27] leaf pattern=086997???? got=17 saved=17
2026-05-23 14:14:36,975 INFO [T5] leaf pattern=086998???? got=6 saved=6
2026-05-23 14:14:37,052 INFO [T21] leaf pattern=086999???? got=0 saved=0
2026-05-23 14:14:37,127 INFO [T28] leaf pattern=086949???? got=29 saved=29
2026-05-23 14:14:37,513 INFO [T25] leaf pattern=086930???? got=21 saved=21
2026-05-23 14:14:37,726 INFO [T12] leaf pattern=086931???? got=22 saved=22
2026-05-23 14:14:37,790 INFO [T17] leaf pattern=086932???? got=17 saved=17
2026-05-23 14:14:37,927 INFO [T4] leaf pattern=086933???? got=12 saved=12
2026-05-23 14:14:37,951 INFO [T29] leaf pattern=086934???? got=25 saved=25
2026-05-23 14:14:38,146 INFO [T23] leaf pattern=086935???? got=15 saved=15
2026-05-23 14:14:38,252 INFO [T30] leaf pattern=086936???? got=12 saved=12
2026-05-23 14:14:39,065 INFO [T20] leaf pattern=086938???? got=18 saved=18
2026-05-23 14:14:39,084 INFO [T6] leaf pattern=086937???? got=19 saved=19
2026-05-23 14:14:39,145 INFO [T18] leaf pattern=086939???? got=12 saved=12
2026-05-23 14:14:39,558 INFO [T19] leaf pattern=086981???? got=15 saved=15
2026-05-23 14:14:39,620 INFO [T24] leaf pattern=086982???? got=19 saved=19
2026-05-23 14:14:39,634 INFO [T8] leaf pattern=086983???? got=13 saved=13
2026-05-23 14:14:39,698 INFO [T16] leaf pattern=086984???? got=17 saved=17
2026-05-23 14:14:39,714 INFO [T1] leaf pattern=086980???? got=19 saved=19
2026-05-23 14:14:39,734 WARNING [T7] ec=1 rate limited, rotating IP
2026-05-23 14:14:39,734 INFO [T7] rotate IP d119ed21 → c82634ee
2026-05-23 14:14:39,796 INFO [T9] leaf pattern=086985???? got=19 saved=19
2026-05-23 14:14:39,970 INFO [T14] leaf pattern=086988???? got=1 saved=1
2026-05-23 14:14:40,020 INFO [T2] leaf pattern=086989???? got=8 saved=8
2026-05-23 14:14:40,116 INFO [T13] leaf pattern=005521???? got=6 saved=6
2026-05-23 14:14:40,177 INFO [T11] leaf pattern=005520???? got=9 saved=9
2026-05-23 14:14:40,188 INFO [T22] leaf pattern=086986???? got=6 saved=6
2026-05-23 14:14:40,307 INFO [T3] leaf pattern=005522???? got=1 saved=1
2026-05-23 14:14:40,449 INFO [T10] leaf pattern=005523???? got=1 saved=1
2026-05-23 14:14:40,654 INFO [T15] leaf pattern=005524???? got=7 saved=7
2026-05-23 14:14:40,806 INFO [T26] leaf pattern=005525???? got=7 saved=7
2026-05-23 14:14:41,023 INFO [T5] leaf pattern=005527???? got=7 saved=7
2026-05-23 14:14:41,047 INFO [T21] leaf pattern=005528???? got=6 saved=6
2026-05-23 14:14:41,164 INFO [T28] leaf pattern=005529???? got=6 saved=6
2026-05-23 14:14:41,213 INFO [T27] leaf pattern=005526???? got=2 saved=2
2026-05-23 14:14:41,488 INFO [T25] leaf pattern=086750???? got=28 saved=28
2026-05-23 14:14:41,515 INFO [T7] D1N refreshed 4904ebbc6303aea7…
2026-05-23 14:14:41,658 INFO [T12] leaf pattern=086751???? got=23 saved=23
2026-05-23 14:14:41,777 INFO [T17] leaf pattern=086752???? got=18 saved=18
2026-05-23 14:14:41,934 INFO [T29] leaf pattern=086754???? got=26 saved=26
2026-05-23 14:14:41,967 INFO [T4] leaf pattern=086753???? got=24 saved=24
2026-05-23 14:14:42,057 INFO [T23] leaf pattern=086755???? got=13 saved=13
2026-05-23 14:14:42,151 INFO [T30] leaf pattern=086756???? got=20 saved=20
2026-05-23 14:14:42,982 INFO [T20] leaf pattern=086757???? got=19 saved=19
2026-05-23 14:14:43,044 INFO [T6] leaf pattern=086758???? got=26 saved=26
2026-05-23 14:14:43,057 INFO [T18] leaf pattern=086759???? got=22 saved=22
2026-05-23 14:14:43,560 INFO [T19] leaf pattern=005530???? got=6 saved=6
2026-05-23 14:14:43,585 INFO [T8] leaf pattern=005532???? got=7 saved=7
2026-05-23 14:14:43,662 INFO [T16] leaf pattern=005533???? got=1 saved=1
2026-05-23 14:14:43,723 INFO [T1] leaf pattern=005534???? got=9 saved=9
2026-05-23 14:14:43,878 INFO [T9] leaf pattern=005535???? got=4 saved=4
2026-05-23 14:14:44,042 INFO [T13] leaf pattern=005538???? got=8 saved=8
2026-05-23 14:14:44,110 INFO [T2] leaf pattern=005537???? got=4 saved=4
2026-05-23 14:14:44,194 INFO [T11] leaf pattern=005539???? got=5 saved=5
2026-05-23 14:14:44,214 INFO [T14] leaf pattern=005536???? got=3 saved=3
2026-05-23 14:14:44,326 INFO [T22] leaf pattern=005540???? got=8 saved=8
2026-05-23 14:14:44,365 INFO [T3] leaf pattern=005541???? got=9 saved=9
2026-05-23 14:14:44,391 INFO [T10] leaf pattern=005542???? got=11 saved=11
2026-05-23 14:14:44,514 INFO [T24] leaf pattern=005531???? got=3 saved=3
2026-05-23 14:14:44,755 INFO [T15] leaf pattern=005543???? got=7 saved=7
2026-05-23 14:14:44,761 INFO [T26] leaf pattern=005544???? got=0 saved=0
2026-05-23 14:14:44,996 INFO [T21] leaf pattern=005546???? got=9 saved=9
2026-05-23 14:14:45,215 INFO [T5] leaf pattern=005545???? got=6 saved=6
2026-05-23 14:14:45,274 INFO [T27] leaf pattern=005548???? got=13 saved=13
2026-05-23 14:14:45,320 INFO [T28] leaf pattern=005547???? got=9 saved=9
2026-05-23 14:14:45,529 INFO [T25] leaf pattern=005549???? got=10 saved=10
2026-05-23 14:14:45,708 INFO [T17] leaf pattern=005561???? got=8 saved=8
2026-05-23 14:14:45,778 INFO [T12] leaf pattern=005560???? got=8 saved=8
2026-05-23 14:14:45,898 INFO [T29] leaf pattern=005562???? got=10 saved=10
2026-05-23 14:14:46,005 INFO [T23] leaf pattern=005564???? got=11 saved=11
2026-05-23 14:14:46,023 INFO [T4] leaf pattern=005563???? got=10 saved=10
2026-05-23 14:14:46,143 INFO [T30] leaf pattern=005565???? got=3 saved=3
2026-05-23 14:14:46,608 INFO [T7] leaf pattern=086987???? got=13 saved=13
2026-05-23 14:14:46,935 INFO [T20] leaf pattern=005566???? got=0 saved=0
2026-05-23 14:14:47,018 INFO [T18] leaf pattern=005568???? got=5 saved=5
2026-05-23 14:14:47,389 INFO [T6] leaf pattern=005567???? got=4 saved=4
2026-05-23 14:14:47,550 INFO [T8] leaf pattern=005580???? got=6 saved=6
2026-05-23 14:14:47,630 INFO [T19] leaf pattern=005569???? got=5 saved=5
2026-05-23 14:14:47,687 INFO [T1] leaf pattern=005582???? got=5 saved=5
2026-05-23 14:14:47,705 INFO [T16] leaf pattern=005581???? got=7 saved=7
2026-05-23 14:14:47,912 INFO [T9] leaf pattern=005583???? got=8 saved=8
2026-05-23 14:14:48,000 INFO [T13] leaf pattern=005584???? got=5 saved=5
2026-05-23 14:14:48,196 INFO [T11] leaf pattern=005586???? got=4 saved=4
2026-05-23 14:14:48,273 INFO [T14] leaf pattern=005587???? got=8 saved=8
2026-05-23 14:14:48,343 INFO [T22] leaf pattern=005588???? got=1 saved=1
2026-05-23 14:14:48,361 INFO [T10] leaf pattern=005570???? got=7 saved=7
2026-05-23 14:14:48,520 INFO [T24] leaf pattern=005571???? got=8 saved=8
2026-05-23 14:14:48,637 INFO [T2] leaf pattern=005585???? got=4 saved=4
2026-05-23 14:14:48,761 INFO [T3] leaf pattern=005589???? got=5 saved=5
2026-05-23 14:14:48,775 INFO [T26] leaf pattern=005573???? got=4 saved=4
2026-05-23 14:14:48,796 INFO [T15] leaf pattern=005572???? got=2 saved=2
2026-05-23 14:14:48,953 INFO [T21] leaf pattern=005574???? got=11 saved=11
2026-05-23 14:14:49,249 INFO [T27] leaf pattern=005576???? got=6 saved=6
2026-05-23 14:14:49,276 INFO [T5] leaf pattern=005575???? got=7 saved=7
2026-05-23 14:14:49,353 INFO [T28] leaf pattern=005577???? got=2 saved=2
2026-05-23 14:14:49,492 INFO [T25] leaf pattern=005578???? got=2 saved=2
2026-05-23 14:14:49,702 INFO [T17] leaf pattern=005579???? got=7 saved=7
2026-05-23 14:14:49,766 INFO [T12] leaf pattern=005590???? got=6 saved=6
2026-05-23 14:14:49,862 INFO [T29] leaf pattern=005591???? got=8 saved=8
2026-05-23 14:14:50,115 INFO [T30] leaf pattern=005594???? got=11 saved=11
2026-05-23 14:14:50,404 INFO [T23] leaf pattern=005592???? got=6 saved=6
2026-05-23 14:14:50,433 INFO [T4] leaf pattern=005593???? got=14 saved=14
2026-05-23 14:14:50,635 INFO [T7] leaf pattern=005595???? got=2 saved=2
2026-05-23 14:14:50,891 INFO [T20] leaf pattern=005596???? got=11 saved=11
2026-05-23 14:14:51,226 INFO [T18] leaf pattern=005597???? got=9 saved=9
2026-05-23 14:14:51,514 INFO [T8] leaf pattern=005599???? got=0 saved=0
2026-05-23 14:14:51,589 INFO [T19] leaf pattern=086210???? got=15 saved=15
2026-05-23 14:14:51,597 INFO [T1] leaf pattern=086211???? got=7 saved=7
2026-05-23 14:14:51,639 INFO [T16] leaf pattern=086212???? got=8 saved=8
2026-05-23 14:14:51,831 INFO [T9] leaf pattern=086213???? got=11 saved=11
2026-05-23 14:14:51,910 WARNING [T6] ec=1 rate limited, rotating IP
2026-05-23 14:14:51,910 INFO [T6] rotate IP 7d1ffce3 → 94d4d579
2026-05-23 14:14:52,189 INFO [T13] leaf pattern=086214???? got=16 saved=16
2026-05-23 14:14:52,208 INFO [T11] leaf pattern=086215???? got=14 saved=14
2026-05-23 14:14:52,265 INFO [T14] leaf pattern=086216???? got=12 saved=12
2026-05-23 14:14:52,277 INFO [T10] leaf pattern=086218???? got=18 saved=18
2026-05-23 14:14:52,397 INFO [T22] leaf pattern=086217???? got=14 saved=14
2026-05-23 14:14:52,450 INFO [T24] leaf pattern=086219???? got=13 saved=13
2026-05-23 14:14:52,463 INFO [T2] leaf pattern=086200???? got=2 saved=2
2026-05-23 14:14:52,673 INFO [T3] leaf pattern=086201???? got=4 saved=4
2026-05-23 14:14:52,690 INFO [T26] leaf pattern=086202???? got=4 saved=4
2026-05-23 14:14:52,707 INFO [T15] leaf pattern=086203???? got=6 saved=6
2026-05-23 14:14:52,869 INFO [T21] leaf pattern=086204???? got=21 saved=21
2026-05-23 14:14:53,166 INFO [T27] leaf pattern=086205???? got=13 saved=13
2026-05-23 14:14:53,256 INFO [T5] leaf pattern=086206???? got=7 saved=7
2026-05-23 14:14:53,296 INFO [T28] leaf pattern=086207???? got=14 saved=14
2026-05-23 14:14:53,382 INFO [T25] leaf pattern=086208???? got=8 saved=8
2026-05-23 14:14:53,585 INFO [T17] leaf pattern=086209???? got=15 saved=15
2026-05-23 14:14:53,693 INFO [T6] D1N refreshed ffb9d84dd3fe95f7…
2026-05-23 14:14:53,706 INFO [T12] leaf pattern=086220???? got=6 saved=6
2026-05-23 14:14:53,803 INFO [T29] leaf pattern=086221???? got=13 saved=13
2026-05-23 14:14:54,096 INFO [T30] leaf pattern=086222???? got=2 saved=2
2026-05-23 14:14:54,293 INFO [T23] leaf pattern=086223???? got=10 saved=10
2026-05-23 14:14:54,370 INFO [T4] leaf pattern=086224???? got=18 saved=18
2026-05-23 14:14:54,882 INFO [T7] leaf pattern=086225???? got=11 saved=11
2026-05-23 14:14:55,020 INFO [T20] leaf pattern=086226???? got=6 saved=6
2026-05-23 14:14:55,130 INFO [T18] leaf pattern=086227???? got=14 saved=14
2026-05-23 14:14:55,409 INFO [T8] leaf pattern=086228???? got=16 saved=16
2026-05-23 14:14:55,529 INFO [T19] leaf pattern=086229???? got=15 saved=15
2026-05-23 14:14:55,633 INFO [T16] leaf pattern=086231???? got=15 saved=15
2026-05-23 14:14:55,822 INFO [T1] leaf pattern=086230???? got=15 saved=15
2026-05-23 14:14:56,118 INFO [T13] leaf pattern=086233???? got=10 saved=10
2026-05-23 14:14:56,203 INFO [T10] leaf pattern=086236???? got=16 saved=16
2026-05-23 14:14:56,217 INFO [T11] leaf pattern=086234???? got=18 saved=18
2026-05-23 14:14:56,231 INFO [T9] leaf pattern=086232???? got=14 saved=14
2026-05-23 14:14:56,251 INFO [T14] leaf pattern=086235???? got=20 saved=20
2026-05-23 14:14:56,403 INFO [T24] leaf pattern=086238???? got=16 saved=16
2026-05-23 14:14:56,466 INFO [T2] leaf pattern=086239???? got=11 saved=11
2026-05-23 14:14:56,471 INFO [T22] leaf pattern=086237???? got=22 saved=22
2026-05-23 14:14:56,600 INFO [T3] leaf pattern=086240???? got=17 saved=17
2026-05-23 14:14:56,606 INFO [T26] leaf pattern=086241???? got=18 saved=18
2026-05-23 14:14:56,669 INFO [T15] leaf pattern=086242???? got=20 saved=20
2026-05-23 14:14:56,758 INFO [T21] leaf pattern=086243???? got=21 saved=21
2026-05-23 14:14:57,215 INFO [T27] leaf pattern=086244???? got=8 saved=8
2026-05-23 14:14:57,248 INFO [T5] leaf pattern=086245???? got=17 saved=17
2026-05-23 14:14:57,273 INFO [T25] leaf pattern=086247???? got=22 saved=22
2026-05-23 14:14:57,282 INFO [T28] leaf pattern=086246???? got=16 saved=16
2026-05-23 14:14:57,626 INFO [T17] leaf pattern=086248???? got=20 saved=20
2026-05-23 14:14:57,643 INFO [T12] leaf pattern=086249???? got=21 saved=21
2026-05-23 14:14:57,718 INFO [T29] leaf pattern=086250???? got=23 saved=23
2026-05-23 14:14:57,983 INFO [T30] leaf pattern=086251???? got=18 saved=18
2026-05-23 14:14:58,207 INFO [T23] leaf pattern=086252???? got=13 saved=13
2026-05-23 14:14:58,341 INFO [T4] leaf pattern=086253???? got=18 saved=18
2026-05-23 14:14:58,929 INFO [T6] leaf pattern=005598???? got=9 saved=9
2026-05-23 14:14:58,966 INFO [T20] leaf pattern=086255???? got=12 saved=12
2026-05-23 14:14:59,082 INFO [T18] leaf pattern=086256???? got=11 saved=11
2026-05-23 14:14:59,090 INFO [T7] leaf pattern=086254???? got=22 saved=22
2026-05-23 14:14:59,321 INFO [T8] leaf pattern=086257???? got=18 saved=18
2026-05-23 14:14:59,476 INFO [T19] leaf pattern=086258???? got=11 saved=11
2026-05-23 14:14:59,746 INFO [T1] leaf pattern=086260???? got=20 saved=20
2026-05-23 14:14:59,893 INFO [T16] leaf pattern=086259???? got=12 saved=12
2026-05-23 14:15:00,004 INFO [T13] leaf pattern=086261???? got=11 saved=11
2026-05-23 14:15:00,089 INFO [T10] leaf pattern=086262???? got=5 saved=5
2026-05-23 14:15:00,176 INFO [T11] leaf pattern=086263???? got=17 saved=17
2026-05-23 14:15:00,251 INFO [T9] leaf pattern=086264???? got=19 saved=19
2026-05-23 14:15:00,340 INFO [T22] leaf pattern=086268???? got=12 saved=12
2026-05-23 14:15:00,449 INFO [T14] leaf pattern=086265???? got=8 saved=8
2026-05-23 14:15:00,466 INFO [T2] leaf pattern=086267???? got=9 saved=9
2026-05-23 14:15:00,479 INFO [T24] leaf pattern=086266???? got=7 saved=7
2026-05-23 14:15:00,504 INFO [T3] leaf pattern=086269???? got=7 saved=7
2026-05-23 14:15:00,515 INFO [T26] leaf pattern=086280???? got=15 saved=15
2026-05-23 14:15:00,780 INFO [T15] leaf pattern=086281???? got=10 saved=10
2026-05-23 14:15:00,785 INFO [T21] leaf pattern=086282???? got=11 saved=11
2026-05-23 14:15:01,143 INFO [T27] leaf pattern=086283???? got=16 saved=16
2026-05-23 14:15:01,222 INFO [T25] leaf pattern=086285???? got=20 saved=20
2026-05-23 14:15:01,241 INFO [T28] leaf pattern=086286???? got=3 saved=3
2026-05-23 14:15:01,259 INFO [T5] leaf pattern=086284???? got=24 saved=24
2026-05-23 14:15:01,550 INFO [T17] leaf pattern=086287???? got=5 saved=5
2026-05-23 14:15:01,664 INFO [T12] leaf pattern=086288???? got=6 saved=6
2026-05-23 14:15:01,788 INFO [T29] leaf pattern=086289???? got=13 saved=13
2026-05-23 14:15:01,953 INFO [T30] leaf pattern=086270???? got=17 saved=17
2026-05-23 14:15:02,212 INFO [T23] leaf pattern=086271???? got=20 saved=20
2026-05-23 14:15:02,300 INFO [T4] leaf pattern=086272???? got=11 saved=11
2026-05-23 14:15:02,857 INFO [T20] leaf pattern=086274???? got=18 saved=18
2026-05-23 14:15:02,905 INFO [T6] leaf pattern=086273???? got=17 saved=17
2026-05-23 14:15:03,001 INFO [T7] leaf pattern=086276???? got=13 saved=13
2026-05-23 14:15:03,211 INFO [T8] leaf pattern=086277???? got=9 saved=9
2026-05-23 14:15:03,409 INFO [T18] leaf pattern=086275???? got=20 saved=20
2026-05-23 14:15:03,436 INFO [T19] leaf pattern=086278???? got=15 saved=15
2026-05-23 14:15:03,658 INFO [T1] leaf pattern=086279???? got=16 saved=16
2026-05-23 14:15:03,847 INFO [T16] leaf pattern=086290???? got=20 saved=20
2026-05-23 14:15:04,051 INFO [T13] leaf pattern=086291???? got=13 saved=13
2026-05-23 14:15:04,273 INFO [T22] leaf pattern=086295???? got=15 saved=15
2026-05-23 14:15:04,377 INFO [T24] leaf pattern=086298???? got=19 saved=19
2026-05-23 14:15:04,386 INFO [T2] leaf pattern=086297???? got=19 saved=19
2026-05-23 14:15:04,447 INFO [T3] leaf pattern=086299???? got=11 saved=11
2026-05-23 14:15:04,468 INFO [T10] leaf pattern=086292???? got=13 saved=13
2026-05-23 14:15:04,486 INFO [T26] leaf pattern=005400???? got=8 saved=8
2026-05-23 14:15:04,575 INFO [T9] leaf pattern=086294???? got=18 saved=18
2026-05-23 14:15:04,595 INFO [T14] leaf pattern=086296???? got=17 saved=17
2026-05-23 14:15:04,760 INFO [T21] leaf pattern=005402???? got=16 saved=16
2026-05-23 14:15:04,777 INFO [T15] leaf pattern=005401???? got=21 saved=21
2026-05-23 14:15:05,132 INFO [T11] leaf pattern=086293???? got=18 saved=18
2026-05-23 14:15:05,241 INFO [T25] leaf pattern=005404???? got=12 saved=12
2026-05-23 14:15:05,302 INFO [T28] leaf pattern=005405???? got=6 saved=6
2026-05-23 14:15:05,365 INFO [T5] leaf pattern=005406???? got=6 saved=6
2026-05-23 14:15:05,406 INFO [T27] leaf pattern=005403???? got=12 saved=12
2026-05-23 14:15:05,686 INFO [T12] leaf pattern=005408???? got=9 saved=9
2026-05-23 14:15:06,002 INFO [T30] leaf pattern=005410???? got=6 saved=6
2026-05-23 14:15:06,053 INFO [T29] leaf pattern=005409???? got=11 saved=11
2026-05-23 14:15:06,366 INFO [T4] leaf pattern=005412???? got=12 saved=12
2026-05-23 14:15:06,450 INFO [T23] leaf pattern=005411???? got=3 saved=3
2026-05-23 14:15:06,521 INFO [T17] leaf pattern=005407???? got=10 saved=10
2026-05-23 14:15:06,855 INFO [T6] leaf pattern=005414???? got=8 saved=8
2026-05-23 14:15:06,989 INFO [T20] leaf pattern=005413???? got=12 saved=12
2026-05-23 14:15:07,191 INFO [T8] leaf pattern=005416???? got=8 saved=8
2026-05-23 14:15:07,394 INFO [T7] leaf pattern=005415???? got=5 saved=5
2026-05-23 14:15:07,497 INFO [T18] leaf pattern=005417???? got=8 saved=8
2026-05-23 14:15:07,501 INFO [T19] leaf pattern=005418???? got=9 saved=9
2026-05-23 14:15:07,739 INFO [T1] leaf pattern=005419???? got=10 saved=10
2026-05-23 14:15:07,933 INFO [T16] leaf pattern=005420???? got=12 saved=12
2026-05-23 14:15:08,115 INFO [T13] leaf pattern=005421???? got=8 saved=8
2026-05-23 14:15:08,395 INFO [T26] leaf pattern=005427???? got=13 saved=13
2026-05-23 14:15:08,411 INFO [T22] leaf pattern=005422???? got=2 saved=2
2026-05-23 14:15:08,479 INFO [T2] leaf pattern=005424???? got=13 saved=13
2026-05-23 14:15:08,494 INFO [T10] leaf pattern=005426???? got=4 saved=4
2026-05-23 14:15:08,564 INFO [T24] leaf pattern=005423???? got=4 saved=4
2026-05-23 14:15:08,683 INFO [T9] leaf pattern=005428???? got=9 saved=9
2026-05-23 14:15:08,707 INFO [T21] leaf pattern=005460???? got=9 saved=9
2026-05-23 14:15:08,754 INFO [T3] leaf pattern=005425???? got=5 saved=5
2026-05-23 14:15:08,832 INFO [T14] leaf pattern=005429???? got=11 saved=11
2026-05-23 14:15:08,887 INFO [T15] leaf pattern=005461???? got=9 saved=9
2026-05-23 14:15:09,133 INFO [T11] leaf pattern=005462???? got=10 saved=10
2026-05-23 14:15:09,195 INFO [T25] leaf pattern=005463???? got=7 saved=7
2026-05-23 14:15:09,286 INFO [T28] leaf pattern=005464???? got=6 saved=6
2026-05-23 14:15:09,428 INFO [T5] leaf pattern=005465???? got=6 saved=6
2026-05-23 14:15:09,458 INFO [T27] leaf pattern=005466???? got=10 saved=10
2026-05-23 14:15:09,727 INFO [T12] leaf pattern=005467???? got=15 saved=15
2026-05-23 14:15:10,074 INFO [T30] leaf pattern=005468???? got=14 saved=14
2026-05-23 14:15:10,191 INFO [T29] leaf pattern=005469???? got=15 saved=15
2026-05-23 14:15:10,362 INFO [T4] leaf pattern=005440???? got=8 saved=8
2026-05-23 14:15:10,388 INFO [T23] leaf pattern=005441???? got=8 saved=8
2026-05-23 14:15:10,480 INFO [T17] leaf pattern=005442???? got=17 saved=17
2026-05-23 14:15:10,814 INFO [T6] leaf pattern=005443???? got=12 saved=12
2026-05-23 14:15:10,960 INFO [T20] leaf pattern=005444???? got=4 saved=4
2026-05-23 14:15:11,160 INFO [T8] leaf pattern=005445???? got=3 saved=3
2026-05-23 14:15:11,378 INFO [T7] leaf pattern=005446???? got=8 saved=8
2026-05-23 14:15:11,441 INFO [T18] leaf pattern=005447???? got=10 saved=10
2026-05-23 14:15:11,461 INFO [T19] leaf pattern=005448???? got=19 saved=19
2026-05-23 14:15:11,987 INFO [T16] leaf pattern=005470???? got=14 saved=14
2026-05-23 14:15:12,071 INFO [T13] leaf pattern=005471???? got=8 saved=8
2026-05-23 14:15:14,155 INFO [T27] leaf pattern=005486???? got=2 saved=2
2026-05-23 14:15:14,226 INFO [T2] leaf pattern=005474???? got=15 saved=15
2026-05-23 14:15:14,295 INFO [T14] leaf pattern=005480???? got=10 saved=10
2026-05-23 14:15:14,299 INFO [T21] leaf pattern=005478???? got=14 saved=14
2026-05-23 14:15:14,304 INFO [T24] leaf pattern=005476???? got=11 saved=11
2026-05-23 14:15:14,325 INFO [T22] leaf pattern=005473???? got=15 saved=15
2026-05-23 14:15:14,422 INFO [T26] leaf pattern=005472???? got=10 saved=10
2026-05-23 14:15:14,542 INFO [T12] leaf pattern=005487???? got=8 saved=8
2026-05-23 14:15:14,548 INFO [T11] leaf pattern=005482???? got=8 saved=8
2026-05-23 14:15:14,565 INFO [T10] leaf pattern=005475???? got=7 saved=7
2026-05-23 14:15:14,585 INFO [T9] leaf pattern=005477???? got=6 saved=6
2026-05-23 14:15:14,591 INFO [T15] leaf pattern=005481???? got=12 saved=12
2026-05-23 14:15:14,612 INFO [T23] leaf pattern=005451???? got=9 saved=9
2026-05-23 14:15:14,749 INFO [T17] leaf pattern=005452???? got=9 saved=9
2026-05-23 14:15:14,768 INFO [T28] leaf pattern=005484???? got=10 saved=10
2026-05-23 14:15:14,790 INFO [T3] leaf pattern=005479???? got=9 saved=9
2026-05-23 14:15:14,816 INFO [T30] leaf pattern=005488???? got=4 saved=4
2026-05-23 14:15:14,823 INFO [T6] leaf pattern=005453???? got=8 saved=8
2026-05-23 14:15:14,829 INFO [T4] leaf pattern=005450???? got=8 saved=8
2026-05-23 14:15:15,014 INFO [T25] leaf pattern=005483???? got=15 saved=15
2026-05-23 14:15:15,031 INFO [T29] leaf pattern=005489???? got=13 saved=13
2026-05-23 14:15:15,053 INFO [T20] leaf pattern=005454???? got=8 saved=8
2026-05-23 14:15:15,068 INFO [T5] leaf pattern=005485???? got=7 saved=7
2026-05-23 14:15:15,172 INFO [T8] leaf pattern=005455???? got=2 saved=2
2026-05-23 14:15:15,413 INFO [T7] leaf pattern=005456???? got=2 saved=2
2026-05-23 14:15:15,866 INFO [T19] leaf pattern=005458???? got=11 saved=11
2026-05-23 14:15:16,028 INFO [T13] leaf pattern=005430???? got=8 saved=8
2026-05-23 14:15:16,053 INFO [T16] leaf pattern=005459???? got=6 saved=6
2026-05-23 14:15:16,351 INFO [T18] leaf pattern=005457???? got=12 saved=12
2026-05-23 14:15:16,364 INFO [T1] leaf pattern=005449???? got=16 saved=16
2026-05-23 14:15:18,189 INFO [T21] leaf pattern=005435???? got=7 saved=7
2026-05-23 14:15:18,222 INFO [T14] leaf pattern=005433???? got=8 saved=8
2026-05-23 14:15:18,382 INFO [T26] leaf pattern=005437???? got=13 saved=13
2026-05-23 14:15:18,509 INFO [T12] leaf pattern=005438???? got=9 saved=9
2026-05-23 14:15:18,521 INFO [T10] leaf pattern=005620???? got=12 saved=12
2026-05-23 14:15:18,537 INFO [T23] leaf pattern=005623???? got=5 saved=5
2026-05-23 14:15:18,565 INFO [T9] leaf pattern=005621???? got=3 saved=3
2026-05-23 14:15:18,631 INFO [T22] leaf pattern=005436???? got=7 saved=7
2026-05-23 14:15:18,644 INFO [T11] leaf pattern=005439???? got=11 saved=11
2026-05-23 14:15:18,658 INFO [T15] leaf pattern=005622???? got=2 saved=2
2026-05-23 14:15:18,782 INFO [T3] leaf pattern=005626???? got=1 saved=1
2026-05-23 14:15:18,787 INFO [T17] leaf pattern=005624???? got=7 saved=7
2026-05-23 14:15:18,808 INFO [T27] leaf pattern=005431???? got=8 saved=8
2026-05-23 14:15:18,819 INFO [T30] leaf pattern=005627???? got=7 saved=7
2026-05-23 14:15:18,823 INFO [T6] leaf pattern=005628???? got=8 saved=8
2026-05-23 14:15:18,845 INFO [T4] leaf pattern=005629???? got=7 saved=7
2026-05-23 14:15:18,851 INFO [T24] leaf pattern=005434???? got=10 saved=10
2026-05-23 14:15:18,864 INFO [T28] leaf pattern=005625???? got=7 saved=7
2026-05-23 14:15:18,985 INFO [T29] leaf pattern=005641???? got=4 saved=4
2026-05-23 14:15:19,024 INFO [T20] leaf pattern=005642???? got=13 saved=13
2026-05-23 14:15:19,045 INFO [T25] leaf pattern=005640???? got=8 saved=8
2026-05-23 14:15:19,060 INFO [T5] leaf pattern=005643???? got=10 saved=10
2026-05-23 14:15:19,255 INFO [T2] leaf pattern=005432???? got=7 saved=7
2026-05-23 14:15:19,267 INFO [T8] leaf pattern=005644???? got=8 saved=8
2026-05-23 14:15:19,483 INFO [T7] leaf pattern=005645???? got=5 saved=5
2026-05-23 14:15:19,917 INFO [T19] leaf pattern=005646???? got=4 saved=4
2026-05-23 14:15:20,090 INFO [T16] leaf pattern=005648???? got=10 saved=10
2026-05-23 14:15:20,221 INFO [T13] leaf pattern=005647???? got=18 saved=18
2026-05-23 14:15:20,361 INFO [T1] leaf pattern=005650???? got=20 saved=20
2026-05-23 14:15:20,378 INFO [T18] leaf pattern=005649???? got=22 saved=22
2026-05-23 14:15:22,230 INFO [T21] leaf pattern=005651???? got=21 saved=21
2026-05-23 14:15:22,387 INFO [T26] leaf pattern=005653???? got=18 saved=18
2026-05-23 14:15:22,407 INFO [T14] leaf pattern=005652???? got=15 saved=15
2026-05-23 14:15:22,479 INFO [T12] leaf pattern=005654???? got=18 saved=18
2026-05-23 14:15:22,508 INFO [T10] leaf pattern=005655???? got=9 saved=9
2026-05-23 14:15:22,576 INFO [T9] leaf pattern=005657???? got=5 saved=5
2026-05-23 14:15:22,600 INFO [T22] leaf pattern=005658???? got=4 saved=4
2026-05-23 14:15:22,710 INFO [T30] leaf pattern=005634???? got=8 saved=8
2026-05-23 14:15:22,734 INFO [T27] leaf pattern=005633???? got=6 saved=6
2026-05-23 14:15:22,749 INFO [T15] leaf pattern=005630???? got=11 saved=11
2026-05-23 14:15:22,779 INFO [T17] leaf pattern=005632???? got=5 saved=5
2026-05-23 14:15:22,823 INFO [T3] leaf pattern=005631???? got=5 saved=5
2026-05-23 14:15:22,853 INFO [T4] leaf pattern=005637???? got=10 saved=10
2026-05-23 14:15:22,880 INFO [T28] leaf pattern=005638???? got=10 saved=10
2026-05-23 14:15:22,895 INFO [T24] leaf pattern=005636???? got=4 saved=4
2026-05-23 14:15:23,008 INFO [T11] leaf pattern=005659???? got=7 saved=7
2026-05-23 14:15:23,020 INFO [T23] leaf pattern=005656???? got=2 saved=2
2026-05-23 14:15:23,064 INFO [T20] leaf pattern=005490???? got=11 saved=11
2026-05-23 14:15:23,085 INFO [T5] leaf pattern=005492???? got=12 saved=12
2026-05-23 14:15:23,191 INFO [T6] leaf pattern=005635???? got=1 saved=1
2026-05-23 14:15:23,195 INFO [T25] leaf pattern=005491???? got=15 saved=15
2026-05-23 14:15:23,272 INFO [T29] leaf pattern=005639???? got=6 saved=6
2026-05-23 14:15:23,317 INFO [T2] leaf pattern=005493???? got=8 saved=8
2026-05-23 14:15:23,377 INFO [T8] leaf pattern=005494???? got=10 saved=10
2026-05-23 14:15:23,473 INFO [T7] leaf pattern=005495???? got=12 saved=12
2026-05-23 14:15:24,191 INFO [T16] leaf pattern=005497???? got=9 saved=9
2026-05-23 14:15:24,232 INFO [T19] leaf pattern=005496???? got=7 saved=7
2026-05-23 14:15:24,242 INFO [T13] leaf pattern=005498???? got=4 saved=4
2026-05-23 14:15:24,372 INFO [T1] leaf pattern=005499???? got=1 saved=1
2026-05-23 14:15:24,415 INFO [T18] leaf pattern=005670???? got=28 saved=28
2026-05-23 14:15:26,260 INFO [T21] leaf pattern=005671???? got=25 saved=25
2026-05-23 14:15:26,366 INFO [T26] leaf pattern=005672???? got=22 saved=22
2026-05-23 14:15:26,471 INFO [T14] leaf pattern=005673???? got=22 saved=22
2026-05-23 14:15:26,585 INFO [T10] leaf pattern=005675???? got=13 saved=13
2026-05-23 14:15:26,599 INFO [T12] leaf pattern=005674???? got=17 saved=17
2026-05-23 14:15:26,638 INFO [T9] leaf pattern=005676???? got=6 saved=6
2026-05-23 14:15:26,721 INFO [T30] leaf pattern=005678???? got=0 saved=0
2026-05-23 14:15:26,742 INFO [T15] leaf pattern=005680???? got=6 saved=6
2026-05-23 14:15:26,760 INFO [T17] leaf pattern=005681???? got=8 saved=8
2026-05-23 14:15:26,768 INFO [T27] leaf pattern=005679???? got=4 saved=4
2026-05-23 14:15:26,817 INFO [T3] leaf pattern=005682???? got=8 saved=8
2026-05-23 14:15:26,892 INFO [T24] leaf pattern=005685???? got=8 saved=8
2026-05-23 14:15:26,896 INFO [T4] leaf pattern=005683???? got=8 saved=8
2026-05-23 14:15:27,019 INFO [T11] leaf pattern=005686???? got=4 saved=4
2026-05-23 14:15:27,038 INFO [T20] leaf pattern=005688???? got=1 saved=1
2026-05-23 14:15:27,059 INFO [T23] leaf pattern=005687???? got=5 saved=5
2026-05-23 14:15:27,097 INFO [T5] leaf pattern=005689???? got=6 saved=6
2026-05-23 14:15:27,173 INFO [T25] leaf pattern=005661???? got=6 saved=6
2026-05-23 14:15:27,273 INFO [T29] leaf pattern=005662???? got=3 saved=3
2026-05-23 14:15:27,280 INFO [T22] leaf pattern=005677???? got=2 saved=2
2026-05-23 14:15:27,384 INFO [T8] leaf pattern=005664???? got=11 saved=11
2026-05-23 14:15:27,402 INFO [T2] leaf pattern=005663???? got=7 saved=7
2026-05-23 14:15:27,425 INFO [T6] leaf pattern=005660???? got=5 saved=5
2026-05-23 14:15:27,909 INFO [T7] leaf pattern=005665???? got=5 saved=5
2026-05-23 14:15:27,946 INFO [T28] leaf pattern=005684???? got=12 saved=12
2026-05-23 14:15:28,215 INFO [T16] leaf pattern=005666???? got=0 saved=0
2026-05-23 14:15:28,232 INFO [T13] leaf pattern=005668???? got=14 saved=14
2026-05-23 14:15:28,332 INFO [T19] leaf pattern=005667???? got=20 saved=20
2026-05-23 14:15:28,493 INFO [T1] leaf pattern=005669???? got=12 saved=12
2026-05-23 14:15:28,507 INFO [T18] leaf pattern=005690???? got=10 saved=10
2026-05-23 14:15:30,354 INFO [T21] leaf pattern=005691???? got=12 saved=12
2026-05-23 14:15:30,390 INFO [T26] leaf pattern=005692???? got=14 saved=14
2026-05-23 14:15:30,553 INFO [T10] leaf pattern=005694???? got=14 saved=14
2026-05-23 14:15:30,566 INFO [T12] leaf pattern=005695???? got=4 saved=4
2026-05-23 14:15:30,659 INFO [T15] leaf pattern=005698???? got=6 saved=6
2026-05-23 14:15:30,734 INFO [T17] leaf pattern=005699???? got=6 saved=6
2026-05-23 14:15:30,762 INFO [T30] leaf pattern=005697???? got=16 saved=16
2026-05-23 14:15:30,801 INFO [T27] leaf pattern=005200???? got=0 saved=0
2026-05-23 14:15:30,821 INFO [T3] leaf pattern=005201???? got=2 saved=2
2026-05-23 14:15:30,874 INFO [T9] leaf pattern=005696???? got=12 saved=12
2026-05-23 14:15:30,919 INFO [T24] leaf pattern=005202???? got=14 saved=14
2026-05-23 14:15:30,986 INFO [T14] leaf pattern=005693???? got=10 saved=10
2026-05-23 14:15:31,043 INFO [T20] leaf pattern=005205???? got=7 saved=7
2026-05-23 14:15:31,065 INFO [T23] leaf pattern=005206???? got=8 saved=8
2026-05-23 14:15:31,069 INFO [T11] leaf pattern=005204???? got=6 saved=6
2026-05-23 14:15:31,185 INFO [T25] leaf pattern=005208???? got=7 saved=7
2026-05-23 14:15:31,250 INFO [T29] leaf pattern=005209???? got=5 saved=5
2026-05-23 14:15:31,303 INFO [T22] leaf pattern=005210???? got=9 saved=9
2026-05-23 14:15:31,371 INFO [T4] leaf pattern=005203???? got=4 saved=4
2026-05-23 14:15:31,378 INFO [T8] leaf pattern=005211???? got=6 saved=6
2026-05-23 14:15:31,422 INFO [T6] leaf pattern=005213???? got=19 saved=19
2026-05-23 14:15:31,442 INFO [T2] leaf pattern=005212???? got=13 saved=13
2026-05-23 14:15:31,524 INFO [T5] leaf pattern=005207???? got=14 saved=14
2026-05-23 14:15:31,985 INFO [T28] leaf pattern=005215???? got=5 saved=5
2026-05-23 14:15:32,197 INFO [T13] leaf pattern=005217???? got=5 saved=5
2026-05-23 14:15:32,225 INFO [T7] leaf pattern=005214???? got=15 saved=15
2026-05-23 14:15:32,242 INFO [T16] leaf pattern=005216???? got=4 saved=4
2026-05-23 14:15:32,424 INFO [T19] leaf pattern=005218???? got=13 saved=13
2026-05-23 14:15:32,537 INFO [T1] leaf pattern=005219???? got=7 saved=7
2026-05-23 14:15:32,619 INFO [T18] leaf pattern=005230???? got=5 saved=5
2026-05-23 14:15:34,352 INFO [T26] leaf pattern=005232???? got=2 saved=2
2026-05-23 14:15:34,357 INFO [T21] leaf pattern=005231???? got=2 saved=2
2026-05-23 14:15:34,564 INFO [T12] leaf pattern=005234???? got=5 saved=5
2026-05-23 14:15:34,692 INFO [T17] leaf pattern=005236???? got=10 saved=10
2026-05-23 14:15:34,724 INFO [T15] leaf pattern=005235???? got=8 saved=8
2026-05-23 14:15:34,744 INFO [T30] leaf pattern=005237???? got=7 saved=7
2026-05-23 14:15:34,841 INFO [T3] leaf pattern=005239???? got=7 saved=7
2026-05-23 14:15:34,854 INFO [T27] leaf pattern=005238???? got=10 saved=10
2026-05-23 14:15:34,876 INFO [T9] leaf pattern=005240???? got=13 saved=13
2026-05-23 14:15:34,939 INFO [T10] leaf pattern=005233???? got=3 saved=3
2026-05-23 14:15:34,976 INFO [T24] leaf pattern=005241???? got=7 saved=7
2026-05-23 14:15:35,016 INFO [T20] leaf pattern=005243???? got=14 saved=14
2026-05-23 14:15:35,083 INFO [T14] leaf pattern=005242???? got=7 saved=7
2026-05-23 14:15:35,129 INFO [T11] leaf pattern=005245???? got=14 saved=14
2026-05-23 14:15:35,136 INFO [T25] leaf pattern=005246???? got=10 saved=10
2026-05-23 14:15:35,260 INFO [T29] leaf pattern=005247???? got=8 saved=8
2026-05-23 14:15:35,315 INFO [T23] leaf pattern=005244???? got=7 saved=7
2026-05-23 14:15:35,366 INFO [T8] leaf pattern=005250???? got=5 saved=5
2026-05-23 14:15:35,481 INFO [T2] leaf pattern=005252???? got=2 saved=2
2026-05-23 14:15:35,544 INFO [T6] leaf pattern=005251???? got=5 saved=5
2026-05-23 14:15:35,557 INFO [T22] leaf pattern=005248???? got=14 saved=14
2026-05-23 14:15:35,777 INFO [T5] leaf pattern=005253???? got=9 saved=9
2026-05-23 14:15:35,796 INFO [T4] leaf pattern=005249???? got=14 saved=14
2026-05-23 14:15:35,989 INFO [T28] leaf pattern=005254???? got=11 saved=11
2026-05-23 14:15:36,163 INFO [T13] leaf pattern=005255???? got=3 saved=3
2026-05-23 14:15:36,266 INFO [T7] leaf pattern=005256???? got=3 saved=3
2026-05-23 14:15:36,353 INFO [T16] leaf pattern=005257???? got=9 saved=9
2026-05-23 14:15:36,445 INFO [T19] leaf pattern=005258???? got=7 saved=7
2026-05-23 14:15:36,511 INFO [T1] leaf pattern=005259???? got=11 saved=11
2026-05-23 14:15:37,728 INFO [T18] leaf pattern=005260???? got=3 saved=3
2026-05-23 14:15:38,371 INFO [T26] leaf pattern=005262???? got=5 saved=5
2026-05-23 14:15:38,479 INFO [T21] leaf pattern=005261???? got=6 saved=6
2026-05-23 14:15:38,571 INFO [T12] leaf pattern=005263???? got=5 saved=5
2026-05-23 14:15:38,666 INFO [T17] leaf pattern=005264???? got=9 saved=9
2026-05-23 14:15:38,701 INFO [T15] leaf pattern=005265???? got=10 saved=10
2026-05-23 14:15:38,727 INFO [T30] leaf pattern=005266???? got=6 saved=6
2026-05-23 14:15:38,848 INFO [T3] leaf pattern=005267???? got=6 saved=6
2026-05-23 14:15:38,906 INFO [T9] leaf pattern=005269???? got=7 saved=7
2026-05-23 14:15:38,986 INFO [T24] leaf pattern=005271???? got=8 saved=8
2026-05-23 14:15:39,021 INFO [T20] leaf pattern=005272???? got=9 saved=9
2026-05-23 14:15:39,062 INFO [T27] leaf pattern=005268???? got=6 saved=6
2026-05-23 14:15:39,151 INFO [T25] leaf pattern=005275???? got=6 saved=6
2026-05-23 14:15:39,173 INFO [T11] leaf pattern=005274???? got=17 saved=17
2026-05-23 14:15:39,204 INFO [T10] leaf pattern=005270???? got=11 saved=11
2026-05-23 14:15:39,241 INFO [T29] leaf pattern=005276???? got=8 saved=8
2026-05-23 14:15:39,282 INFO [T23] leaf pattern=005277???? got=3 saved=3
2026-05-23 14:15:39,303 INFO [T14] leaf pattern=005273???? got=10 saved=10
2026-05-23 14:15:39,360 INFO [T8] leaf pattern=005278???? got=2 saved=2
2026-05-23 14:15:39,445 INFO [T6] leaf pattern=005280???? got=6 saved=6
2026-05-23 14:15:39,786 INFO [T2] leaf pattern=005279???? got=4 saved=4
2026-05-23 14:15:39,843 INFO [T5] leaf pattern=005282???? got=3 saved=3
2026-05-23 14:15:39,856 INFO [T4] leaf pattern=005283???? got=15 saved=15
2026-05-23 14:15:40,004 INFO [T22] leaf pattern=005281???? got=9 saved=9
2026-05-23 14:15:40,060 INFO [T28] leaf pattern=005284???? got=13 saved=13
2026-05-23 14:15:40,269 INFO [T13] leaf pattern=005285???? got=12 saved=12
2026-05-23 14:15:40,275 INFO [T7] leaf pattern=005286???? got=7 saved=7
2026-05-23 14:15:40,426 INFO [T16] leaf pattern=005287???? got=16 saved=16
2026-05-23 14:15:40,498 INFO [T1] leaf pattern=005289???? got=6 saved=6
2026-05-23 14:15:40,606 INFO [T19] leaf pattern=005288???? got=4 saved=4
2026-05-23 14:15:41,683 INFO [T18] leaf pattern=005290???? got=18 saved=18
2026-05-23 14:15:42,392 INFO [T26] leaf pattern=005291???? got=11 saved=11
2026-05-23 14:15:42,609 INFO [T12] leaf pattern=005293???? got=6 saved=6
2026-05-23 14:15:42,629 INFO [T21] leaf pattern=005292???? got=14 saved=14
2026-05-23 14:15:42,645 INFO [T17] leaf pattern=005294???? got=4 saved=4
2026-05-23 14:15:42,695 INFO [T30] leaf pattern=005296???? got=10 saved=10
2026-05-23 14:15:42,713 INFO [T15] leaf pattern=005295???? got=6 saved=6
2026-05-23 14:15:42,765 INFO [T3] leaf pattern=005297???? got=13 saved=13
2026-05-23 14:15:42,920 INFO [T9] leaf pattern=005298???? got=11 saved=11
2026-05-23 14:15:42,934 INFO [T20] leaf pattern=005800???? got=0 saved=0
2026-05-23 14:15:42,982 INFO [T24] leaf pattern=005299???? got=1 saved=1
2026-05-23 14:15:43,152 INFO [T25] leaf pattern=005802???? got=4 saved=4
2026-05-23 14:15:43,165 INFO [T27] leaf pattern=005801???? got=9 saved=9
2026-05-23 14:15:43,247 INFO [T10] leaf pattern=005804???? got=13 saved=13
2026-05-23 14:15:43,321 INFO [T29] leaf pattern=005805???? got=8 saved=8
2026-05-23 14:15:43,393 INFO [T14] leaf pattern=005807???? got=10 saved=10
2026-05-23 14:15:43,403 INFO [T11] leaf pattern=005803???? got=6 saved=6
2026-05-23 14:15:43,426 INFO [T6] leaf pattern=005809???? got=10 saved=10
2026-05-23 14:15:43,636 INFO [T8] leaf pattern=005808???? got=9 saved=9
2026-05-23 14:15:43,642 INFO [T23] leaf pattern=005806???? got=7 saved=7
2026-05-23 14:15:43,879 INFO [T4] leaf pattern=005822???? got=3 saved=3
2026-05-23 14:15:43,945 INFO [T5] leaf pattern=005821???? got=4 saved=4
2026-05-23 14:15:43,969 INFO [T22] leaf pattern=005823???? got=7 saved=7
2026-05-23 14:15:43,975 INFO [T2] leaf pattern=005820???? got=3 saved=3
2026-05-23 14:15:44,067 INFO [T28] leaf pattern=005824???? got=11 saved=11
2026-05-23 14:15:44,207 INFO [T13] leaf pattern=005825???? got=8 saved=8
2026-05-23 14:15:44,255 INFO [T7] leaf pattern=005826???? got=10 saved=10
2026-05-23 14:15:44,510 INFO [T16] leaf pattern=005827???? got=10 saved=10
2026-05-23 14:15:44,514 INFO [T1] leaf pattern=005828???? got=7 saved=7
2026-05-23 14:15:44,777 INFO [T19] leaf pattern=005829???? got=11 saved=11
2026-05-23 14:15:45,665 INFO [T18] leaf pattern=005830???? got=7 saved=7
2026-05-23 14:15:46,441 INFO [T26] leaf pattern=005831???? got=9 saved=9
2026-05-23 14:15:46,562 INFO [T21] leaf pattern=005833???? got=6 saved=6
2026-05-23 14:15:46,599 INFO [T17] leaf pattern=005834???? got=8 saved=8
2026-05-23 14:15:46,682 INFO [T12] leaf pattern=005832???? got=3 saved=3
2026-05-23 14:15:46,687 INFO [T30] leaf pattern=005835???? got=4 saved=4
2026-05-23 14:15:46,691 INFO [T15] leaf pattern=005836???? got=10 saved=10
2026-05-23 14:15:46,761 INFO [T3] leaf pattern=005837???? got=7 saved=7
2026-05-23 14:15:46,920 INFO [T20] leaf pattern=005839???? got=3 saved=3
2026-05-23 14:15:46,932 INFO [T9] leaf pattern=005838???? got=2 saved=2
2026-05-23 14:15:47,060 INFO [T24] leaf pattern=005850???? got=12 saved=12
2026-05-23 14:15:47,162 INFO [T25] leaf pattern=005851???? got=6 saved=6
2026-05-23 14:15:47,270 INFO [T29] leaf pattern=005854???? got=9 saved=9
2026-05-23 14:15:47,276 INFO [T27] leaf pattern=005852???? got=10 saved=10
2026-05-23 14:15:47,298 INFO [T10] leaf pattern=005853???? got=6 saved=6
2026-05-23 14:15:47,409 INFO [T6] leaf pattern=005857???? got=9 saved=9
2026-05-23 14:15:47,524 INFO [T14] leaf pattern=005855???? got=6 saved=6
2026-05-23 14:15:47,800 INFO [T8] leaf pattern=005858???? got=6 saved=6
2026-05-23 14:15:47,804 INFO [T23] leaf pattern=005859???? got=10 saved=10
2026-05-23 14:15:47,871 INFO [T11] leaf pattern=005856???? got=11 saved=11
2026-05-23 14:15:47,898 INFO [T4] leaf pattern=005810???? got=9 saved=9
2026-05-23 14:15:47,973 INFO [T5] leaf pattern=005811???? got=5 saved=5
2026-05-23 14:15:48,015 INFO [T2] leaf pattern=005813???? got=4 saved=4
2026-05-23 14:15:48,077 INFO [T28] leaf pattern=005814???? got=9 saved=9
2026-05-23 14:15:48,163 INFO [T13] leaf pattern=005815???? got=9 saved=9
2026-05-23 14:15:48,274 INFO [T7] leaf pattern=005816???? got=5 saved=5
2026-05-23 14:15:48,469 INFO [T22] leaf pattern=005812???? got=7 saved=7
2026-05-23 14:15:48,513 INFO [T16] leaf pattern=005817???? got=11 saved=11
2026-05-23 14:15:48,527 INFO [T1] leaf pattern=005818???? got=6 saved=6
2026-05-23 14:15:48,789 INFO [T19] leaf pattern=005819???? got=5 saved=5
2026-05-23 14:15:49,676 INFO [T18] leaf pattern=005870???? got=4 saved=4
2026-05-23 14:15:50,413 INFO [T26] leaf pattern=005871???? got=10 saved=10
2026-05-23 14:15:50,546 INFO [T21] leaf pattern=005872???? got=5 saved=5
2026-05-23 14:15:50,620 INFO [T17] leaf pattern=005873???? got=8 saved=8
2026-05-23 14:15:50,692 INFO [T30] leaf pattern=005875???? got=8 saved=8
2026-05-23 14:15:50,712 INFO [T15] leaf pattern=005876???? got=6 saved=6
2026-05-23 14:15:50,732 INFO [T12] leaf pattern=005874???? got=11 saved=11
2026-05-23 14:15:50,749 INFO [T3] leaf pattern=005877???? got=10 saved=10
2026-05-23 14:15:50,919 INFO [T9] leaf pattern=005879???? got=9 saved=9
2026-05-23 14:15:50,931 INFO [T20] leaf pattern=005878???? got=12 saved=12
2026-05-23 14:15:51,060 INFO [T24] leaf pattern=005840???? got=4 saved=4
2026-05-23 14:15:51,197 INFO [T25] leaf pattern=005841???? got=10 saved=10
2026-05-23 14:15:51,254 INFO [T29] leaf pattern=005842???? got=10 saved=10
2026-05-23 14:15:51,270 INFO [T27] leaf pattern=005843???? got=10 saved=10
2026-05-23 14:15:51,337 INFO [T10] leaf pattern=005844???? got=7 saved=7
2026-05-23 14:15:51,459 INFO [T6] leaf pattern=005845???? got=6 saved=6
2026-05-23 14:15:51,554 INFO [T14] leaf pattern=005846???? got=13 saved=13
2026-05-23 14:15:51,739 INFO [T8] leaf pattern=005847???? got=9 saved=9
2026-05-23 14:15:51,816 INFO [T11] leaf pattern=005849???? got=6 saved=6
2026-05-23 14:15:51,988 INFO [T2] leaf pattern=005862???? got=6 saved=6
2026-05-23 14:15:52,004 INFO [T23] leaf pattern=005848???? got=10 saved=10
2026-05-23 14:15:52,099 INFO [T28] leaf pattern=005863???? got=4 saved=4
2026-05-23 14:15:52,141 INFO [T13] leaf pattern=005864???? got=9 saved=9
2026-05-23 14:15:52,260 INFO [T5] leaf pattern=005861???? got=10 saved=10
2026-05-23 14:15:52,264 INFO [T4] leaf pattern=005860???? got=12 saved=12
2026-05-23 14:15:52,330 INFO [T7] leaf pattern=005865???? got=6 saved=6
2026-05-23 14:15:52,496 INFO [T22] leaf pattern=005866???? got=0 saved=0
2026-05-23 14:15:52,626 INFO [T1] leaf pattern=005868???? got=5 saved=5
2026-05-23 14:15:52,717 INFO [T16] leaf pattern=005867???? got=6 saved=6
2026-05-23 14:15:52,797 INFO [T19] leaf pattern=005869???? got=5 saved=5
2026-05-23 14:15:53,679 INFO [T18] leaf pattern=005880???? got=4 saved=4
2026-05-23 14:15:54,114 WARNING [T15] ProxyError attempt=1/3 pattern=005885????: HTTPSConnectionPool(host='vietteltelecom.vn', port=443): Max retries exceeded with url: /api/get/sim (Caused by ProxyErr
2026-05-23 14:15:54,115 INFO [T15] rotate IP e16818be → c2f62dbc
2026-05-23 14:15:54,370 INFO [T26] leaf pattern=005881???? got=8 saved=8
2026-05-23 14:15:54,523 INFO [T21] leaf pattern=005882???? got=4 saved=4
2026-05-23 14:15:54,608 INFO [T17] leaf pattern=005883???? got=3 saved=3
2026-05-23 14:15:54,740 INFO [T3] leaf pattern=005887???? got=14 saved=14
2026-05-23 14:15:54,839 INFO [T12] leaf pattern=005886???? got=9 saved=9
2026-05-23 14:15:54,897 INFO [T20] leaf pattern=005889???? got=4 saved=4
2026-05-23 14:15:54,906 INFO [T9] leaf pattern=005888???? got=0 saved=0
2026-05-23 14:15:55,087 INFO [T24] leaf pattern=005610???? got=10 saved=10
2026-05-23 14:15:55,184 INFO [T25] leaf pattern=005611???? got=1 saved=1
2026-05-23 14:15:55,227 INFO [T27] leaf pattern=005613???? got=9 saved=9
2026-05-23 14:15:55,246 INFO [T29] leaf pattern=005612???? got=5 saved=5
2026-05-23 14:15:55,282 INFO [T10] leaf pattern=005614???? got=13 saved=13
2026-05-23 14:15:55,424 INFO [T6] leaf pattern=005615???? got=5 saved=5
2026-05-23 14:15:55,689 INFO [T30] leaf pattern=005884???? got=11 saved=11
2026-05-23 14:15:55,703 INFO [T8] leaf pattern=005617???? got=11 saved=11
2026-05-23 14:15:55,824 INFO [T14] leaf pattern=005616???? got=2 saved=2
2026-05-23 14:15:55,839 INFO [T11] leaf pattern=005618???? got=9 saved=9
2026-05-23 14:15:55,973 INFO [T23] leaf pattern=005890???? got=12 saved=12
2026-05-23 14:15:56,038 INFO [T2] leaf pattern=005619???? got=6 saved=6
2026-05-23 14:15:56,096 INFO [T13] leaf pattern=005892???? got=13 saved=13
2026-05-23 14:15:56,161 INFO [T28] leaf pattern=005891???? got=11 saved=11
2026-05-23 14:15:56,291 INFO [T5] leaf pattern=005893???? got=17 saved=17
2026-05-23 14:15:56,308 INFO [T7] leaf pattern=005895???? got=13 saved=13
2026-05-23 14:15:56,384 INFO [T4] leaf pattern=005894???? got=15 saved=15
2026-05-23 14:15:56,635 INFO [T1] leaf pattern=005897???? got=15 saved=15
2026-05-23 14:15:56,820 INFO [T16] leaf pattern=005898???? got=8 saved=8
2026-05-23 14:15:56,834 INFO [T19] leaf pattern=005899???? got=7 saved=7
2026-05-23 14:15:57,150 INFO [T15] D1N refreshed 9ac01fc3c4442b29…
2026-05-23 14:15:57,676 INFO [T18] leaf pattern=005900???? got=3 saved=3
2026-05-23 14:15:58,539 INFO [T17] leaf pattern=005903???? got=6 saved=6
2026-05-23 14:15:58,684 INFO [T3] leaf pattern=005904???? got=12 saved=12
2026-05-23 14:15:58,746 INFO [T26] leaf pattern=005901???? got=3 saved=3
2026-05-23 14:15:58,882 INFO [T12] leaf pattern=005905???? got=9 saved=9
2026-05-23 14:15:58,903 INFO [T20] leaf pattern=005906???? got=13 saved=13
2026-05-23 14:15:59,050 INFO [T21] leaf pattern=005902???? got=5 saved=5
2026-05-23 14:15:59,173 INFO [T9] leaf pattern=005907???? got=21 saved=21
2026-05-23 14:15:59,191 INFO [T25] leaf pattern=005909???? got=4 saved=4
2026-05-23 14:15:59,231 INFO [T24] leaf pattern=005908???? got=10 saved=10
2026-05-23 14:15:59,253 INFO [T27] leaf pattern=005910???? got=9 saved=9
2026-05-23 14:15:59,259 INFO [T10] leaf pattern=005912???? got=4 saved=4
2026-05-23 14:15:59,372 INFO [T29] leaf pattern=005911???? got=6 saved=6
2026-05-23 14:15:59,393 INFO [T6] leaf pattern=005913???? got=6 saved=6
2026-05-23 14:15:59,643 INFO [T30] leaf pattern=005914???? got=15 saved=15
2026-05-23 14:15:59,707 INFO [T8] leaf pattern=005915???? got=15 saved=15
2026-05-23 14:15:59,784 WARNING [T13] ProxyError attempt=1/3 pattern=005920????: HTTPSConnectionPool(host='vietteltelecom.vn', port=443): Max retries exceeded with url: /api/get/sim (Caused by ProxyErr
2026-05-23 14:15:59,784 INFO [T13] rotate IP ab604c3e → a7bcf08b
2026-05-23 14:15:59,831 INFO [T14] leaf pattern=005916???? got=8 saved=8
2026-05-23 14:15:59,885 INFO [T11] leaf pattern=005917???? got=18 saved=18
2026-05-23 14:16:00,000 INFO [T23] leaf pattern=005918???? got=15 saved=15
2026-05-23 14:16:00,031 INFO [T2] leaf pattern=005919???? got=10 saved=10
2026-05-23 14:16:00,274 INFO [T28] leaf pattern=005921???? got=15 saved=15
2026-05-23 14:16:00,300 INFO [T7] leaf pattern=005923???? got=17 saved=17
2026-05-23 14:16:00,339 INFO [T5] leaf pattern=005922???? got=11 saved=11
2026-05-23 14:16:00,507 INFO [T4] leaf pattern=005924???? got=13 saved=13
2026-05-23 14:16:00,588 INFO [T1] leaf pattern=005925???? got=13 saved=13
2026-05-23 14:16:00,900 WARNING [T22] ConnectionError attempt=1/3 pattern=005896????: ('Connection aborted.', ConnectionResetError(10054, 'An existing connection was forcibly closed by the remote host', Non
2026-05-23 14:16:00,900 INFO [T22] rotate IP 370b5985 → bd7ec80d
2026-05-23 14:16:00,964 INFO [T16] leaf pattern=005926???? got=11 saved=11
2026-05-23 14:16:00,970 INFO [T19] leaf pattern=005927???? got=7 saved=7
2026-05-23 14:16:01,674 INFO [T18] leaf pattern=005928???? got=5 saved=5
2026-05-23 14:16:02,491 INFO [T13] D1N refreshed 0e03fc4c3107d20a…
2026-05-23 14:16:02,511 INFO [T17] leaf pattern=005929???? got=4 saved=4
2026-05-23 14:16:02,747 INFO [T3] leaf pattern=005930???? got=11 saved=11
2026-05-23 14:16:02,846 INFO [T12] leaf pattern=005932???? got=10 saved=10
2026-05-23 14:16:02,923 INFO [T20] leaf pattern=005933???? got=3 saved=3
2026-05-23 14:16:02,956 INFO [T26] leaf pattern=005931???? got=0 saved=0
2026-05-23 14:16:03,154 INFO [T15] leaf pattern=005885???? got=7 saved=7
2026-05-23 14:16:03,203 INFO [T27] leaf pattern=005938???? got=7 saved=7
2026-05-23 14:16:03,216 INFO [T10] leaf pattern=005939???? got=6 saved=6
2026-05-23 14:16:03,233 INFO [T24] leaf pattern=005937???? got=14 saved=14
2026-05-23 14:16:03,305 INFO [T29] leaf pattern=005960???? got=10 saved=10
2026-05-23 14:16:03,359 INFO [T6] leaf pattern=005961???? got=9 saved=9
2026-05-23 14:16:03,424 INFO [T25] leaf pattern=005936???? got=2 saved=2
2026-05-23 14:16:03,590 INFO [T9] leaf pattern=005935???? got=5 saved=5
2026-05-23 14:16:03,602 INFO [T21] leaf pattern=005934???? got=7 saved=7
2026-05-23 14:16:03,724 INFO [T8] leaf pattern=005963???? got=9 saved=9
2026-05-23 14:16:03,970 INFO [T23] leaf pattern=005966???? got=4 saved=4
2026-05-23 14:16:04,023 INFO [T2] leaf pattern=005967???? got=7 saved=7
2026-05-23 14:16:04,105 INFO [T11] leaf pattern=005965???? got=6 saved=6
2026-05-23 14:16:04,117 INFO [T14] leaf pattern=005964???? got=13 saved=13
2026-05-23 14:16:04,286 INFO [T7] leaf pattern=005969???? got=5 saved=5
2026-05-23 14:16:04,305 INFO [T28] leaf pattern=005968???? got=5 saved=5
2026-05-23 14:16:04,415 INFO [T5] leaf pattern=005940???? got=10 saved=10
2026-05-23 14:16:04,454 WARNING [T22] SSLError attempt=2/3 pattern=005896????: HTTPSConnectionPool(host='vietteltelecom.vn', port=443): Max retries exceeded with url: /api/get/sim (Caused by SSLError
2026-05-23 14:16:04,454 INFO [T22] rotate IP bd7ec80d → 435c850e
2026-05-23 14:16:04,559 INFO [T4] leaf pattern=005941???? got=12 saved=12
2026-05-23 14:16:04,686 INFO [T1] leaf pattern=005942???? got=15 saved=15
2026-05-23 14:16:04,747 INFO [T30] leaf pattern=005962???? got=11 saved=11
2026-05-23 14:16:04,951 INFO [T16] leaf pattern=005943???? got=9 saved=9
2026-05-23 14:16:04,986 INFO [T19] leaf pattern=005944???? got=8 saved=8
2026-05-23 14:16:05,800 INFO [T18] leaf pattern=005945???? got=12 saved=12
2026-05-23 14:16:06,623 INFO [T17] leaf pattern=005946???? got=15 saved=15
2026-05-23 14:16:06,883 INFO [T3] leaf pattern=005947???? got=7 saved=7
2026-05-23 14:16:06,902 INFO [T12] leaf pattern=005948???? got=10 saved=10
2026-05-23 14:16:06,964 INFO [T26] leaf pattern=005790???? got=5 saved=5
2026-05-23 14:16:07,012 INFO [T20] leaf pattern=005949???? got=9 saved=9
2026-05-23 14:16:07,168 INFO [T10] leaf pattern=005793???? got=6 saved=6
2026-05-23 14:16:07,196 INFO [T24] leaf pattern=005794???? got=6 saved=6
2026-05-23 14:16:07,210 INFO [T27] leaf pattern=005792???? got=5 saved=5
2026-05-23 14:16:07,313 INFO [T29] leaf pattern=005795???? got=7 saved=7
2026-05-23 14:16:07,416 INFO [T6] leaf pattern=005796???? got=10 saved=10
2026-05-23 14:16:07,558 INFO [T15] leaf pattern=005791???? got=5 saved=5
2026-05-23 14:16:07,570 INFO [T21] leaf pattern=005799???? got=2 saved=2
2026-05-23 14:16:07,675 INFO [T9] leaf pattern=005798???? got=4 saved=4
2026-05-23 14:16:07,680 INFO [T25] leaf pattern=005797???? got=4 saved=4
2026-05-23 14:16:07,705 INFO [T8] leaf pattern=005980???? got=7 saved=7
2026-05-23 14:16:07,792 INFO [T13] leaf pattern=005920???? got=14 saved=14
2026-05-23 14:16:08,082 INFO [T23] leaf pattern=005981???? got=16 saved=16
2026-05-23 14:16:08,114 INFO [T2] leaf pattern=005982???? got=12 saved=12
2026-05-23 14:16:08,139 INFO [T14] leaf pattern=005984???? got=17 saved=17
2026-05-23 14:16:08,185 INFO [T11] leaf pattern=005983???? got=11 saved=11
2026-05-23 14:16:08,287 INFO [T28] leaf pattern=005986???? got=12 saved=12
2026-05-23 14:16:08,310 INFO [T7] leaf pattern=005985???? got=10 saved=10
2026-05-23 14:16:08,598 INFO [T1] leaf pattern=005989???? got=3 saved=3
2026-05-23 14:16:08,637 INFO [T4] leaf pattern=005988???? got=5 saved=5
2026-05-23 14:16:08,663 INFO [T30] leaf pattern=005770???? got=5 saved=5
2026-05-23 14:16:08,834 WARNING [T22] SSLError attempt=3/3 pattern=005896????: HTTPSConnectionPool(host='vietteltelecom.vn', port=443): Max retries exceeded with url: /api/get/sim (Caused by SSLError
2026-05-23 14:16:08,835 ERROR [T22] fetch failed pattern=005896????: HTTPSConnectionPool(host='vietteltelecom.vn', port=443): Max retries exceeded with url: /api/get/sim (Caused by SSLError(SSLEOFError(8, '[SSL: UNEXPECTED_EOF_WHILE_READING] EOF occurred in violation of protocol (_ssl.c:1006)')))
2026-05-23 14:16:08,863 INFO [T5] leaf pattern=005987???? got=11 saved=11
2026-05-23 14:16:08,981 INFO [T16] leaf pattern=005771???? got=4 saved=4
2026-05-23 14:16:09,041 INFO [T19] leaf pattern=005772???? got=4 saved=4
2026-05-23 14:16:10,273 INFO [T18] leaf pattern=005773???? got=6 saved=6
2026-05-23 14:16:10,618 INFO [T17] leaf pattern=005774???? got=9 saved=9
2026-05-23 14:16:10,796 INFO [T3] leaf pattern=005775???? got=4 saved=4
2026-05-23 14:16:10,847 INFO [T12] leaf pattern=005776???? got=7 saved=7
2026-05-23 14:16:10,988 INFO [T20] leaf pattern=005778???? got=6 saved=6
2026-05-23 14:16:11,197 INFO [T24] leaf pattern=005750???? got=13 saved=13
2026-05-23 14:16:11,231 INFO [T27] leaf pattern=005751???? got=9 saved=9
2026-05-23 14:16:11,280 WARNING [T22] SSLError attempt=1/3 pattern=005999????: HTTPSConnectionPool(host='vietteltelecom.vn', port=443): Max retries exceeded with url: /api/get/sim (Caused by SSLError
2026-05-23 14:16:11,281 INFO [T22] rotate IP 435c850e → 30a230f1
2026-05-23 14:16:11,286 INFO [T26] leaf pattern=005777???? got=0 saved=0
2026-05-23 14:16:11,314 INFO [T29] leaf pattern=005752???? got=3 saved=3
2026-05-23 14:16:11,412 INFO [T6] leaf pattern=005753???? got=9 saved=9
2026-05-23 14:16:11,476 INFO [T10] leaf pattern=005779???? got=9 saved=9
2026-05-23 14:16:11,596 INFO [T15] leaf pattern=005754???? got=10 saved=10
2026-05-23 14:16:11,677 INFO [T9] leaf pattern=005756???? got=7 saved=7
2026-05-23 14:16:11,696 INFO [T25] leaf pattern=005757???? got=3 saved=3
2026-05-23 14:16:11,712 INFO [T21] leaf pattern=005755???? got=2 saved=2
2026-05-23 14:16:11,803 INFO [T8] leaf pattern=005758???? got=6 saved=6
2026-05-23 14:16:12,059 INFO [T23] leaf pattern=005990???? got=8 saved=8
2026-05-23 14:16:12,146 INFO [T2] leaf pattern=005991???? got=5 saved=5
2026-05-23 14:16:12,160 INFO [T11] leaf pattern=005993???? got=3 saved=3
2026-05-23 14:16:12,309 INFO [T13] leaf pattern=005759???? got=9 saved=9
2026-05-23 14:16:12,353 INFO [T7] leaf pattern=005995???? got=1 saved=1
2026-05-23 14:16:12,368 INFO [T28] leaf pattern=005994???? got=8 saved=8
2026-05-23 14:16:12,599 INFO [T30] leaf pattern=005998???? got=5 saved=5
2026-05-23 14:16:12,604 INFO [T1] leaf pattern=005996???? got=3 saved=3
2026-05-23 14:16:12,693 INFO [T14] leaf pattern=005992???? got=9 saved=9
2026-05-23 14:16:12,731 INFO [T4] leaf pattern=005997???? got=3 saved=3
2026-05-23 14:16:12,916 INFO [T5] leaf pattern=005970???? got=12 saved=12
2026-05-23 14:16:13,015 INFO [T16] leaf pattern=005971???? got=5 saved=5
2026-05-23 14:16:13,180 INFO [T19] leaf pattern=005972???? got=7 saved=7
2026-05-23 14:16:14,373 INFO [T18] leaf pattern=005973???? got=12 saved=12
2026-05-23 14:16:14,547 INFO [T17] leaf pattern=005974???? got=6 saved=6
2026-05-23 14:16:14,846 INFO [T3] leaf pattern=005975???? got=6 saved=6
2026-05-23 14:16:14,851 INFO [T12] leaf pattern=005976???? got=6 saved=6
2026-05-23 14:16:15,042 INFO [T20] leaf pattern=005977???? got=5 saved=5
2026-05-23 14:16:15,128 INFO [T22] D1N refreshed c648ac300fa8d6d2…
2026-05-23 14:16:15,179 INFO [T24] leaf pattern=005978???? got=2 saved=2
2026-05-23 14:16:15,301 INFO [T26] leaf pattern=005700???? got=2 saved=2
2026-05-23 14:16:15,319 INFO [T27] leaf pattern=005979???? got=9 saved=9
2026-05-23 14:16:15,566 INFO [T15] leaf pattern=005704???? got=9 saved=9
2026-05-23 14:16:15,628 INFO [T6] leaf pattern=005702???? got=10 saved=10
2026-05-23 14:16:15,688 INFO [T10] leaf pattern=005703???? got=8 saved=8
2026-05-23 14:16:15,709 INFO [T9] leaf pattern=005705???? got=13 saved=13
2026-05-23 14:16:15,722 INFO [T25] leaf pattern=005706???? got=7 saved=7
2026-05-23 14:16:15,744 INFO [T21] leaf pattern=005707???? got=6 saved=6
2026-05-23 14:16:15,758 INFO [T29] leaf pattern=005701???? got=10 saved=10
2026-05-23 14:16:15,818 INFO [T8] leaf pattern=005708???? got=11 saved=11
2026-05-23 14:16:16,029 INFO [T23] leaf pattern=005709???? got=8 saved=8
2026-05-23 14:16:16,191 INFO [T2] leaf pattern=005720???? got=6 saved=6
2026-05-23 14:16:16,306 INFO [T13] leaf pattern=005722???? got=4 saved=4
2026-05-23 14:16:16,323 INFO [T7] leaf pattern=005723???? got=9 saved=9
2026-05-23 14:16:16,415 INFO [T28] leaf pattern=005724???? got=3 saved=3
2026-05-23 14:16:16,431 INFO [T11] leaf pattern=005721???? got=10 saved=10
2026-05-23 14:16:16,652 INFO [T30] leaf pattern=005725???? got=7 saved=7
2026-05-23 14:16:16,736 INFO [T14] leaf pattern=005727???? got=7 saved=7
2026-05-23 14:16:16,752 INFO [T1] leaf pattern=005726???? got=13 saved=13
2026-05-23 14:16:16,790 INFO [T4] leaf pattern=005728???? got=5 saved=5
2026-05-23 14:16:16,939 INFO [T5] leaf pattern=005729???? got=5 saved=5
2026-05-23 14:16:17,142 INFO [T16] leaf pattern=005710???? got=12 saved=12
2026-05-23 14:16:17,299 INFO [T19] leaf pattern=005711???? got=2 saved=2
2026-05-23 14:16:18,409 INFO [T18] leaf pattern=005712???? got=7 saved=7
2026-05-23 14:16:18,563 INFO [T17] leaf pattern=005713???? got=7 saved=7
2026-05-23 14:16:18,881 INFO [T12] leaf pattern=005715???? got=8 saved=8
2026-05-23 14:16:18,908 INFO [T3] leaf pattern=005714???? got=9 saved=9
2026-05-23 14:16:18,990 INFO [T20] leaf pattern=005716???? got=9 saved=9
2026-05-23 14:16:19,202 INFO [T24] leaf pattern=005717???? got=4 saved=4
2026-05-23 14:16:19,323 INFO [T26] leaf pattern=005718???? got=5 saved=5
2026-05-23 14:16:19,329 INFO [T27] leaf pattern=005719???? got=10 saved=10
2026-05-23 14:16:19,632 INFO [T6] leaf pattern=005951???? got=8 saved=8
2026-05-23 14:16:19,637 INFO [T10] leaf pattern=005952???? got=10 saved=10
2026-05-23 14:16:19,674 INFO [T15] leaf pattern=005950???? got=11 saved=11
2026-05-23 14:16:19,708 INFO [T25] leaf pattern=005954???? got=17 saved=17
2026-05-23 14:16:19,776 INFO [T21] leaf pattern=005955???? got=1 saved=1
2026-05-23 14:16:19,787 INFO [T29] leaf pattern=005956???? got=9 saved=9
2026-05-23 14:16:19,827 INFO [T8] leaf pattern=005957???? got=11 saved=11
2026-05-23 14:16:19,910 INFO [T9] leaf pattern=005953???? got=13 saved=13
2026-05-23 14:16:20,012 INFO [T23] leaf pattern=005958???? got=15 saved=15
2026-05-23 14:16:20,169 INFO [T2] leaf pattern=005959???? got=1 saved=1
2026-05-23 14:16:20,392 INFO [T7] leaf pattern=005781???? got=6 saved=6
2026-05-23 14:16:20,462 INFO [T11] leaf pattern=005783???? got=11 saved=11
2026-05-23 14:16:20,468 INFO [T13] leaf pattern=005780???? got=4 saved=4
2026-05-23 14:16:20,472 INFO [T28] leaf pattern=005782???? got=10 saved=10
2026-05-23 14:16:20,622 INFO [T30] leaf pattern=005784???? got=6 saved=6
2026-05-23 14:16:20,824 INFO [T4] leaf pattern=005787???? got=1 saved=1
2026-05-23 14:16:20,836 INFO [T1] leaf pattern=005786???? got=8 saved=8
2026-05-23 14:16:20,930 INFO [T22] leaf pattern=005999???? got=0 saved=0
2026-05-23 14:16:20,946 INFO [T5] leaf pattern=005788???? got=2 saved=2
2026-05-23 14:16:21,163 INFO [T16] leaf pattern=005789???? got=12 saved=12
2026-05-23 14:16:21,740 INFO [T19] leaf pattern=005740???? got=11 saved=11
2026-05-23 14:16:21,896 INFO [T14] leaf pattern=005785???? got=12 saved=12
2026-05-23 14:16:22,742 INFO [T17] leaf pattern=005742???? got=8 saved=8
2026-05-23 14:16:22,824 INFO [T18] leaf pattern=005741???? got=5 saved=5
2026-05-23 14:16:22,996 INFO [T12] leaf pattern=005743???? got=9 saved=9
2026-05-23 14:16:23,010 INFO [T3] leaf pattern=005744???? got=4 saved=4
2026-05-23 14:16:23,045 INFO [T20] leaf pattern=005745???? got=6 saved=6
2026-05-23 14:16:23,206 INFO [T24] leaf pattern=005746???? got=7 saved=7
2026-05-23 14:16:23,342 INFO [T27] leaf pattern=005748???? got=14 saved=14
2026-05-23 14:16:23,376 INFO [T26] leaf pattern=005747???? got=10 saved=10
2026-05-23 14:16:23,581 INFO [T10] leaf pattern=005760???? got=7 saved=7
2026-05-23 14:16:23,657 INFO [T6] leaf pattern=005749???? got=17 saved=17
2026-05-23 14:16:23,709 INFO [T15] leaf pattern=005761???? got=13 saved=13
2026-05-23 14:16:23,729 INFO [T29] leaf pattern=005764???? got=6 saved=6
2026-05-23 14:16:23,816 INFO [T8] leaf pattern=005765???? got=5 saved=5
2026-05-23 14:16:23,821 INFO [T25] leaf pattern=005762???? got=5 saved=5
2026-05-23 14:16:23,825 INFO [T21] leaf pattern=005763???? got=11 saved=11
2026-05-23 14:16:23,967 INFO [T9] leaf pattern=005766???? got=5 saved=5
2026-05-23 14:16:24,032 INFO [T23] leaf pattern=005767???? got=6 saved=6
2026-05-23 14:16:24,310 INFO [T2] leaf pattern=005768???? got=8 saved=8
2026-05-23 14:16:24,380 INFO [T7] leaf pattern=005769???? got=10 saved=10
2026-05-23 14:16:24,396 INFO [T13] leaf pattern=002531???? got=9 saved=9
2026-05-23 14:16:24,498 INFO [T28] leaf pattern=002532???? got=3 saved=3
2026-05-23 14:16:24,503 INFO [T11] leaf pattern=002530???? got=14 saved=14
2026-05-23 14:16:24,721 INFO [T30] leaf pattern=002533???? got=11 saved=11
2026-05-23 14:16:24,848 INFO [T4] leaf pattern=002534???? got=17 saved=17
2026-05-23 14:16:24,946 INFO [T1] leaf pattern=002535???? got=13 saved=13
2026-05-23 14:16:25,124 INFO [T22] leaf pattern=002536???? got=16 saved=16
2026-05-23 14:16:25,408 INFO [T5] leaf pattern=002537???? got=24 saved=24
2026-05-23 14:16:25,564 INFO [T16] leaf pattern=002538???? got=20 saved=20
2026-05-23 14:16:25,735 INFO [T19] leaf pattern=002539???? got=22 saved=22
2026-05-23 14:16:26,076 INFO [T14] leaf pattern=002540???? got=27 saved=27
2026-05-23 14:16:26,710 INFO [T17] leaf pattern=002541???? got=25 saved=25
2026-05-23 14:16:26,894 INFO [T18] leaf pattern=002542???? got=22 saved=22
2026-05-23 14:16:27,013 INFO [T12] leaf pattern=002543???? got=23 saved=23
2026-05-23 14:16:27,053 INFO [T3] leaf pattern=002544???? got=18 saved=18
2026-05-23 14:16:27,090 INFO [T20] leaf pattern=002545???? got=14 saved=14
2026-05-23 14:16:27,239 INFO [T24] leaf pattern=002546???? got=20 saved=20
2026-05-23 14:16:27,385 INFO [T26] leaf pattern=002548???? got=20 saved=20
2026-05-23 14:16:27,414 INFO [T27] leaf pattern=002547???? got=22 saved=22
2026-05-23 14:16:27,611 INFO [T10] leaf pattern=002549???? got=24 saved=24
2026-05-23 14:16:27,624 INFO [T6] leaf pattern=002520???? got=6 saved=6
2026-05-23 14:16:27,706 INFO [T29] leaf pattern=002522???? got=3 saved=3
2026-05-23 14:16:27,742 INFO [T15] leaf pattern=002521???? got=3 saved=3
2026-05-23 14:16:27,754 INFO [T21] leaf pattern=002525???? got=0 saved=0
2026-05-23 14:16:27,823 INFO [T25] leaf pattern=002524???? got=7 saved=7
2026-05-23 14:16:27,858 INFO [T8] leaf pattern=002523???? got=2 saved=2
2026-05-23 14:16:27,992 INFO [T23] leaf pattern=002527???? got=9 saved=9
2026-05-23 14:16:28,019 INFO [T9] leaf pattern=002526???? got=2 saved=2
2026-05-23 14:16:28,360 INFO [T7] leaf pattern=002529???? got=11 saved=11
2026-05-23 14:16:28,513 INFO [T2] leaf pattern=002528???? got=8 saved=8
2026-05-23 14:16:28,545 INFO [T28] leaf pattern=002581???? got=11 saved=11
2026-05-23 14:16:28,556 INFO [T11] leaf pattern=002582???? got=4 saved=4
2026-05-23 14:16:28,656 INFO [T13] leaf pattern=002580???? got=14 saved=14
2026-05-23 14:16:28,776 INFO [T30] leaf pattern=002583???? got=15 saved=15
2026-05-23 14:16:28,851 INFO [T1] leaf pattern=002585???? got=6 saved=6
2026-05-23 14:16:28,942 INFO [T4] leaf pattern=002584???? got=12 saved=12
2026-05-23 14:16:29,218 INFO [T22] leaf pattern=002586???? got=11 saved=11
2026-05-23 14:16:29,508 INFO [T5] leaf pattern=002587???? got=9 saved=9
2026-05-23 14:16:29,627 INFO [T16] leaf pattern=002588???? got=2 saved=2
2026-05-23 14:16:29,780 INFO [T19] leaf pattern=002589???? got=8 saved=8
2026-05-23 14:16:30,542 INFO [T14] leaf pattern=002550???? got=6 saved=6
2026-05-23 14:16:31,003 INFO [T3] leaf pattern=002554???? got=14 saved=14
2026-05-23 14:16:31,024 INFO [T17] leaf pattern=002551???? got=9 saved=9
2026-05-23 14:16:31,062 INFO [T12] leaf pattern=002553???? got=5 saved=5
2026-05-23 14:16:31,110 INFO [T18] leaf pattern=002552???? got=5 saved=5
2026-05-23 14:16:31,128 INFO [T20] leaf pattern=002555???? got=2 saved=2
2026-05-23 14:16:31,242 INFO [T24] leaf pattern=002556???? got=19 saved=19
2026-05-23 14:16:31,402 INFO [T26] leaf pattern=002557???? got=20 saved=20
2026-05-23 14:16:31,437 INFO [T27] leaf pattern=002558???? got=17 saved=17
2026-05-23 14:16:31,568 INFO [T6] leaf pattern=002570???? got=22 saved=22
2026-05-23 14:16:31,651 INFO [T29] leaf pattern=002571???? got=13 saved=13
2026-05-23 14:16:31,724 INFO [T10] leaf pattern=002559???? got=22 saved=22
2026-05-23 14:16:31,776 INFO [T21] leaf pattern=002573???? got=18 saved=18
2026-05-23 14:16:31,792 INFO [T25] leaf pattern=002574???? got=16 saved=16
2026-05-23 14:16:31,838 INFO [T8] leaf pattern=002575???? got=8 saved=8
2026-05-23 14:16:32,014 INFO [T9] leaf pattern=002577???? got=7 saved=7
2026-05-23 14:16:32,193 INFO [T15] leaf pattern=002572???? got=17 saved=17
2026-05-23 14:16:32,360 INFO [T7] leaf pattern=002578???? got=8 saved=8
2026-05-23 14:16:32,519 INFO [T11] leaf pattern=002811???? got=1 saved=1
2026-05-23 14:16:32,562 INFO [T23] leaf pattern=002576???? got=17 saved=17
2026-05-23 14:16:32,568 INFO [T2] leaf pattern=002579???? got=15 saved=15
2026-05-23 14:16:32,591 INFO [T28] leaf pattern=002810???? got=4 saved=4
2026-05-23 14:16:32,659 INFO [T13] leaf pattern=002812???? got=4 saved=4
2026-05-23 14:16:32,787 INFO [T30] leaf pattern=002813???? got=3 saved=3
2026-05-23 14:16:33,314 INFO [T1] leaf pattern=002814???? got=11 saved=11
2026-05-23 14:16:33,381 INFO [T4] leaf pattern=002815???? got=8 saved=8
2026-05-23 14:16:33,484 INFO [T22] leaf pattern=002816???? got=5 saved=5
2026-05-23 14:16:33,674 INFO [T16] leaf pattern=002818???? got=3 saved=3
2026-05-23 14:16:33,790 INFO [T19] leaf pattern=002819???? got=7 saved=7
2026-05-23 14:16:33,809 INFO [T5] leaf pattern=002817???? got=7 saved=7
2026-05-23 14:16:34,514 INFO [T14] leaf pattern=002830???? got=6 saved=6
2026-05-23 14:16:35,073 INFO [T17] leaf pattern=002832???? got=3 saved=3
2026-05-23 14:16:35,085 INFO [T3] leaf pattern=002831???? got=8 saved=8
2026-05-23 14:16:35,090 INFO [T20] leaf pattern=002835???? got=5 saved=5
2026-05-23 14:16:35,102 INFO [T12] leaf pattern=002833???? got=5 saved=5
2026-05-23 14:16:35,124 INFO [T18] leaf pattern=002834???? got=5 saved=5
2026-05-23 14:16:35,255 INFO [T24] leaf pattern=002836???? got=2 saved=2
2026-05-23 14:16:35,384 INFO [T26] leaf pattern=002837???? got=5 saved=5
2026-05-23 14:16:35,482 INFO [T27] leaf pattern=002838???? got=2 saved=2
2026-05-23 14:16:35,553 INFO [T6] leaf pattern=002839???? got=7 saved=7
2026-05-23 14:16:35,668 INFO [T10] leaf pattern=002851???? got=4 saved=4
2026-05-23 14:16:35,695 INFO [T29] leaf pattern=002850???? got=6 saved=6
2026-05-23 14:16:35,778 INFO [T21] leaf pattern=002852???? got=4 saved=4
2026-05-23 14:16:35,819 INFO [T25] leaf pattern=002853???? got=9 saved=9
2026-05-23 14:16:35,838 INFO [T8] leaf pattern=002854???? got=5 saved=5
2026-05-23 14:16:35,989 INFO [T9] leaf pattern=002855???? got=0 saved=0
2026-05-23 14:16:36,311 INFO [T7] leaf pattern=002857???? got=7 saved=7
2026-05-23 14:16:36,415 INFO [T15] leaf pattern=002856???? got=6 saved=6
2026-05-23 14:16:36,513 INFO [T11] leaf pattern=002858???? got=3 saved=3
2026-05-23 14:16:36,565 INFO [T23] leaf pattern=002800???? got=2 saved=2
2026-05-23 14:16:36,586 INFO [T28] leaf pattern=002801???? got=2 saved=2
2026-05-23 14:16:36,591 INFO [T2] leaf pattern=002859???? got=5 saved=5
2026-05-23 14:16:37,311 INFO [T30] leaf pattern=002803???? got=6 saved=6
2026-05-23 14:16:37,325 INFO [T13] leaf pattern=002802???? got=1 saved=1
2026-05-23 14:16:37,333 INFO [T1] leaf pattern=002804???? got=5 saved=5
2026-05-23 14:16:37,380 INFO [T4] leaf pattern=002805???? got=8 saved=8
2026-05-23 14:16:37,583 INFO [T22] leaf pattern=002806???? got=5 saved=5
2026-05-23 14:16:37,755 INFO [T16] leaf pattern=002807???? got=10 saved=10
2026-05-23 14:16:37,921 INFO [T5] leaf pattern=002809???? got=6 saved=6
2026-05-23 14:16:37,938 INFO [T19] leaf pattern=002808???? got=9 saved=9
2026-05-23 14:16:38,593 INFO [T14] leaf pattern=002560???? got=28 saved=28
2026-05-23 14:16:38,991 INFO [T17] leaf pattern=002561???? got=23 saved=23
2026-05-23 14:16:39,027 INFO [T3] leaf pattern=002562???? got=24 saved=24
2026-05-23 14:16:39,071 INFO [T18] leaf pattern=002565???? got=15 saved=15
2026-05-23 14:16:39,117 INFO [T12] leaf pattern=002564???? got=28 saved=28
2026-05-23 14:16:39,269 INFO [T20] leaf pattern=002563???? got=27 saved=27
2026-05-23 14:16:39,291 INFO [T24] leaf pattern=002566???? got=16 saved=16
2026-05-23 14:16:39,371 INFO [T26] leaf pattern=002567???? got=7 saved=7
2026-05-23 14:16:39,553 INFO [T6] leaf pattern=002569???? got=19 saved=19
2026-05-23 14:16:39,663 INFO [T27] leaf pattern=002568???? got=18 saved=18
2026-05-23 14:16:39,677 INFO [T10] leaf pattern=002510???? got=1 saved=1
2026-05-23 14:16:39,702 INFO [T29] leaf pattern=002511???? got=0 saved=0
2026-05-23 14:16:39,739 INFO [T21] leaf pattern=002512???? got=0 saved=0
2026-05-23 14:16:39,834 INFO [T25] leaf pattern=002513???? got=1 saved=1
2026-05-23 14:16:39,842 INFO [T8] leaf pattern=002514???? got=6 saved=6
2026-05-23 14:16:40,037 INFO [T9] leaf pattern=002515???? got=3 saved=3
2026-05-23 14:16:40,284 INFO [T7] leaf pattern=002516???? got=4 saved=4
2026-05-23 14:16:40,395 INFO [T15] leaf pattern=002517???? got=8 saved=8
2026-05-23 14:16:40,553 INFO [T11] leaf pattern=002518???? got=12 saved=12
2026-05-23 14:16:40,567 INFO [T23] leaf pattern=002519???? got=4 saved=4
2026-05-23 14:16:40,640 INFO [T28] leaf pattern=002590???? got=11 saved=11
2026-05-23 14:16:40,882 INFO [T2] leaf pattern=002591???? got=22 saved=22
2026-05-23 14:16:41,331 INFO [T30] leaf pattern=002592???? got=22 saved=22
2026-05-23 14:16:41,371 INFO [T1] expand pattern=002594???? got=30 ≥ 30 → split into 10 children
2026-05-23 14:16:41,453 INFO [T4] leaf pattern=002595???? got=21 saved=21
2026-05-23 14:16:41,641 INFO [T22] leaf pattern=002596???? got=26 saved=26
2026-05-23 14:16:41,709 INFO [T13] leaf pattern=002593???? got=27 saved=27
2026-05-23 14:16:41,838 INFO [T16] leaf pattern=002597???? got=21 saved=21
2026-05-23 14:16:41,961 INFO [T5] leaf pattern=002598???? got=23 saved=23
2026-05-23 14:16:42,155 INFO [T19] leaf pattern=002599???? got=7 saved=7
2026-05-23 14:16:42,897 INFO [T14] leaf pattern=002840???? got=12 saved=12
2026-05-23 14:16:42,983 INFO [T3] leaf pattern=002842???? got=8 saved=8
2026-05-23 14:16:43,064 INFO [T18] leaf pattern=002843???? got=6 saved=6
2026-05-23 14:16:43,068 INFO [T17] leaf pattern=002841???? got=9 saved=9
2026-05-23 14:16:43,215 INFO [T20] leaf pattern=002845???? got=4 saved=4
2026-05-23 14:16:43,269 INFO [T24] leaf pattern=002846???? got=5 saved=5
2026-05-23 14:16:43,332 INFO [T26] leaf pattern=002847???? got=13 saved=13
2026-05-23 14:16:43,499 INFO [T12] leaf pattern=002844???? got=6 saved=6
2026-05-23 14:16:43,525 INFO [T6] leaf pattern=002848???? got=12 saved=12
2026-05-23 14:16:43,642 INFO [T10] leaf pattern=002870???? got=6 saved=6
2026-05-23 14:16:43,646 INFO [T27] leaf pattern=002849???? got=14 saved=14
2026-05-23 14:16:43,740 INFO [T29] leaf pattern=002871???? got=10 saved=10
2026-05-23 14:16:43,754 INFO [T21] leaf pattern=002872???? got=4 saved=4
2026-05-23 14:16:43,888 INFO [T25] leaf pattern=002873???? got=7 saved=7
2026-05-23 14:16:44,081 INFO [T9] leaf pattern=002875???? got=8 saved=8
2026-05-23 14:16:44,281 INFO [T7] leaf pattern=002876???? got=2 saved=2
2026-05-23 14:16:44,407 INFO [T15] leaf pattern=002877???? got=2 saved=2
2026-05-23 14:16:44,550 INFO [T23] leaf pattern=002879???? got=6 saved=6
2026-05-23 14:16:44,575 INFO [T11] leaf pattern=002878???? got=3 saved=3
2026-05-23 14:16:44,706 INFO [T28] leaf pattern=002860???? got=5 saved=5
2026-05-23 14:16:44,832 INFO [T8] leaf pattern=002874???? got=14 saved=14
2026-05-23 14:16:44,985 INFO [T2] leaf pattern=002861???? got=10 saved=10
2026-05-23 14:16:45,286 INFO [T30] leaf pattern=002862???? got=5 saved=5
2026-05-23 14:16:45,455 INFO [T1] leaf pattern=002863???? got=6 saved=6
2026-05-23 14:16:45,479 INFO [T4] leaf pattern=002864???? got=6 saved=6
2026-05-23 14:16:45,677 INFO [T22] leaf pattern=002865???? got=5 saved=5
2026-05-23 14:16:45,827 INFO [T13] leaf pattern=002866???? got=2 saved=2
2026-05-23 14:16:45,995 INFO [T5] leaf pattern=002868???? got=0 saved=0
2026-05-23 14:16:46,014 INFO [T16] leaf pattern=002867???? got=2 saved=2
2026-05-23 14:16:46,183 INFO [T19] leaf pattern=002869???? got=4 saved=4
2026-05-23 14:16:46,989 INFO [T14] leaf pattern=002600???? got=5 saved=5
2026-05-23 14:16:47,015 INFO [T3] leaf pattern=002601???? got=17 saved=17
2026-05-23 14:16:47,023 INFO [T17] leaf pattern=002603???? got=7 saved=7
2026-05-23 14:16:47,101 INFO [T18] leaf pattern=002602???? got=12 saved=12
2026-05-23 14:16:47,206 INFO [T20] leaf pattern=002604???? got=21 saved=21
2026-05-23 14:16:47,320 INFO [T24] leaf pattern=002605???? got=24 saved=24
2026-05-23 14:16:47,517 INFO [T6] leaf pattern=002608???? got=18 saved=18
2026-05-23 14:16:47,533 INFO [T26] leaf pattern=002606???? got=15 saved=15
2026-05-23 14:16:47,656 INFO [T27] leaf pattern=002890???? got=3 saved=3
2026-05-23 14:16:47,733 INFO [T10] leaf pattern=002609???? got=10 saved=10
2026-05-23 14:16:47,751 INFO [T29] leaf pattern=002891???? got=7 saved=7
2026-05-23 14:16:47,767 INFO [T21] leaf pattern=002892???? got=4 saved=4
2026-05-23 14:16:47,864 INFO [T25] leaf pattern=002893???? got=4 saved=4
2026-05-23 14:16:47,906 INFO [T12] leaf pattern=002607???? got=13 saved=13
2026-05-23 14:16:48,314 INFO [T7] leaf pattern=002895???? got=7 saved=7
2026-05-23 14:16:48,435 INFO [T15] leaf pattern=002896???? got=5 saved=5
2026-05-23 14:16:48,572 INFO [T11] leaf pattern=002898???? got=6 saved=6
2026-05-23 14:16:48,685 INFO [T9] leaf pattern=002894???? got=8 saved=8
2026-05-23 14:16:48,807 INFO [T8] leaf pattern=002610???? got=8 saved=8
2026-05-23 14:16:48,827 INFO [T28] leaf pattern=002899???? got=0 saved=0
2026-05-23 14:16:48,937 INFO [T23] leaf pattern=002897???? got=4 saved=4
2026-05-23 14:16:49,102 INFO [T2] leaf pattern=002611???? got=2 saved=2
2026-05-23 14:16:49,295 INFO [T30] leaf pattern=002612???? got=8 saved=8
2026-05-23 14:16:49,496 INFO [T1] leaf pattern=002613???? got=19 saved=19
2026-05-23 14:16:49,566 INFO [T4] leaf pattern=002614???? got=23 saved=23
2026-05-23 14:16:49,800 INFO [T22] leaf pattern=002615???? got=15 saved=15
2026-05-23 14:16:50,117 INFO [T16] leaf pattern=002618???? got=12 saved=12
2026-05-23 14:16:50,153 INFO [T19] leaf pattern=002619???? got=17 saved=17
2026-05-23 14:16:50,362 INFO [T5] leaf pattern=002617???? got=13 saved=13
2026-05-23 14:16:50,477 INFO [T13] leaf pattern=002616???? got=11 saved=11
2026-05-23 14:16:50,995 INFO [T17] leaf pattern=002622???? got=4 saved=4
2026-05-23 14:16:51,016 INFO [T3] leaf pattern=002621???? got=11 saved=11
2026-05-23 14:16:51,071 INFO [T18] leaf pattern=002623???? got=5 saved=5
2026-05-23 14:16:51,087 INFO [T14] leaf pattern=002620???? got=7 saved=7
2026-05-23 14:16:51,334 INFO [T24] leaf pattern=002625???? got=13 saved=13
2026-05-23 14:16:51,396 INFO [T20] leaf pattern=002624???? got=20 saved=20
2026-05-23 14:16:51,523 INFO [T26] leaf pattern=002627???? got=20 saved=20
2026-05-23 14:16:51,579 INFO [T6] leaf pattern=002626???? got=2 saved=2
2026-05-23 14:16:51,835 INFO [T27] leaf pattern=002628???? got=19 saved=19
2026-05-23 14:16:51,929 INFO [T25] leaf pattern=002632???? got=11 saved=11
2026-05-23 14:16:51,950 INFO [T10] leaf pattern=002629???? got=12 saved=12
2026-05-23 14:16:51,965 INFO [T29] leaf pattern=002630???? got=20 saved=20
2026-05-23 14:16:51,987 INFO [T12] leaf pattern=002633???? got=8 saved=8
2026-05-23 14:16:52,080 INFO [T21] leaf pattern=002631???? got=15 saved=15
2026-05-23 14:16:52,342 INFO [T7] leaf pattern=002634???? got=22 saved=22
2026-05-23 14:16:52,425 INFO [T15] leaf pattern=002635???? got=22 saved=22
2026-05-23 14:16:52,527 INFO [T11] leaf pattern=002636???? got=14 saved=14
2026-05-23 14:16:52,698 INFO [T9] leaf pattern=002637???? got=18 saved=18
2026-05-23 14:16:52,881 INFO [T8] leaf pattern=002638???? got=22 saved=22
2026-05-23 14:16:52,897 INFO [T23] leaf pattern=002660???? got=4 saved=4
2026-05-23 14:16:52,925 INFO [T28] leaf pattern=002639???? got=20 saved=20
2026-05-23 14:16:53,077 INFO [T2] leaf pattern=002661???? got=2 saved=2
2026-05-23 14:16:53,518 INFO [T1] leaf pattern=002663???? got=4 saved=4
2026-05-23 14:16:53,538 INFO [T4] leaf pattern=002664???? got=9 saved=9
2026-05-23 14:16:53,726 INFO [T30] leaf pattern=002662???? got=2 saved=2
2026-05-23 14:16:54,174 INFO [T22] leaf pattern=002665???? got=8 saved=8
2026-05-23 14:16:54,179 INFO [T16] leaf pattern=002666???? got=1 saved=1
2026-05-23 14:16:54,473 INFO [T13] leaf pattern=002669???? got=7 saved=7
2026-05-23 14:16:54,630 INFO [T5] leaf pattern=002668???? got=7 saved=7
2026-05-23 14:16:54,646 INFO [T19] leaf pattern=002667???? got=5 saved=5
2026-05-23 14:16:54,987 INFO [T17] leaf pattern=002680???? got=12 saved=12
2026-05-23 14:16:55,422 INFO [T3] leaf pattern=002681???? got=8 saved=8
2026-05-23 14:16:55,478 INFO [T24] leaf pattern=002684???? got=13 saved=13
2026-05-23 14:16:55,498 INFO [T26] leaf pattern=002686???? got=6 saved=6
2026-05-23 14:16:55,512 INFO [T18] leaf pattern=002682???? got=13 saved=13
2026-05-23 14:16:55,534 INFO [T14] leaf pattern=002683???? got=8 saved=8
2026-05-23 14:16:55,551 INFO [T6] leaf pattern=002687???? got=11 saved=11
2026-05-23 14:16:55,669 INFO [T20] leaf pattern=002685???? got=6 saved=6
2026-05-23 14:16:55,757 INFO [T27] leaf pattern=002688???? got=2 saved=2
2026-05-23 14:16:55,902 INFO [T10] leaf pattern=002650???? got=6 saved=6
2026-05-23 14:16:55,935 INFO [T29] leaf pattern=002651???? got=9 saved=9
2026-05-23 14:16:55,943 INFO [T25] leaf pattern=002689???? got=9 saved=9
2026-05-23 14:16:56,122 INFO [T21] leaf pattern=002653???? got=1 saved=1
2026-05-23 14:16:56,247 INFO [T12] leaf pattern=002652???? got=2 saved=2
2026-05-23 14:16:56,339 INFO [T7] leaf pattern=002654???? got=4 saved=4
2026-05-23 14:16:56,424 INFO [T15] leaf pattern=002655???? got=2 saved=2
2026-05-23 14:16:56,791 INFO [T9] leaf pattern=002657???? got=4 saved=4
2026-05-23 14:16:56,891 INFO [T8] leaf pattern=002658???? got=5 saved=5
2026-05-23 14:16:56,902 INFO [T23] leaf pattern=002659???? got=7 saved=7
2026-05-23 14:16:56,940 INFO [T28] leaf pattern=002690???? got=11 saved=11
2026-05-23 14:16:57,207 INFO [T2] leaf pattern=002691???? got=7 saved=7
2026-05-23 14:16:57,527 INFO [T1] leaf pattern=002692???? got=8 saved=8
2026-05-23 14:16:57,713 INFO [T11] leaf pattern=002656???? got=5 saved=5
2026-05-23 14:16:57,726 INFO [T30] leaf pattern=002694???? got=16 saved=16
2026-05-23 14:16:58,176 INFO [T22] leaf pattern=002695???? got=5 saved=5
2026-05-23 14:16:58,229 INFO [T16] leaf pattern=002696???? got=3 saved=3
2026-05-23 14:16:58,439 INFO [T13] leaf pattern=002697???? got=12 saved=12
2026-05-23 14:16:58,681 INFO [T19] leaf pattern=002699???? got=3 saved=3
2026-05-23 14:16:58,709 INFO [T5] leaf pattern=002698???? got=12 saved=12
2026-05-23 14:16:58,804 INFO [T4] leaf pattern=002693???? got=7 saved=7
2026-05-23 14:16:58,930 INFO [T17] leaf pattern=002670???? got=8 saved=8
2026-05-23 14:16:59,468 INFO [T3] leaf pattern=002671???? got=8 saved=8
2026-05-23 14:16:59,475 INFO [T24] leaf pattern=002672???? got=6 saved=6
2026-05-23 14:16:59,492 INFO [T26] leaf pattern=002673???? got=6 saved=6
2026-05-23 14:16:59,554 INFO [T6] leaf pattern=002676???? got=9 saved=9
2026-05-23 14:16:59,571 INFO [T18] leaf pattern=002674???? got=10 saved=10
2026-05-23 14:16:59,766 INFO [T20] leaf pattern=002677???? got=7 saved=7
2026-05-23 14:16:59,799 INFO [T27] leaf pattern=002678???? got=5 saved=5
2026-05-23 14:16:59,896 INFO [T29] leaf pattern=002710???? got=11 saved=11
2026-05-23 14:16:59,914 INFO [T14] leaf pattern=002675???? got=5 saved=5
2026-05-23 14:16:59,925 INFO [T10] leaf pattern=002679???? got=6 saved=6
2026-05-23 14:16:59,949 INFO [T25] leaf pattern=002711???? got=1 saved=1
2026-05-23 14:17:00,167 INFO [T21] leaf pattern=002712???? got=4 saved=4
2026-05-23 14:17:00,229 INFO [T12] leaf pattern=002713???? got=7 saved=7
2026-05-23 14:17:00,407 INFO [T15] leaf pattern=002715???? got=14 saved=14
2026-05-23 14:17:00,439 INFO [T7] leaf pattern=002714???? got=9 saved=9
2026-05-23 14:17:00,902 INFO [T23] leaf pattern=002718???? got=11 saved=11
2026-05-23 14:17:00,915 INFO [T8] leaf pattern=002717???? got=8 saved=8
2026-05-23 14:17:01,003 INFO [T28] leaf pattern=002719???? got=4 saved=4
2026-05-23 14:17:01,195 INFO [T2] leaf pattern=002730???? got=11 saved=11
2026-05-23 14:17:01,540 INFO [T1] leaf pattern=002731???? got=6 saved=6
2026-05-23 14:17:01,750 INFO [T30] leaf pattern=002733???? got=11 saved=11
2026-05-23 14:17:01,768 INFO [T11] leaf pattern=002732???? got=6 saved=6
2026-05-23 14:17:01,936 INFO [T9] leaf pattern=002716???? got=15 saved=15
2026-05-23 14:17:02,275 INFO [T16] leaf pattern=002735???? got=7 saved=7
2026-05-23 14:17:02,526 INFO [T22] leaf pattern=002734???? got=10 saved=10
2026-05-23 14:17:02,791 INFO [T19] leaf pattern=002737???? got=3 saved=3
2026-05-23 14:17:02,854 INFO [T4] leaf pattern=002739???? got=8 saved=8
2026-05-23 14:17:02,972 INFO [T17] leaf pattern=002720???? got=4 saved=4
2026-05-23 14:17:03,121 INFO [T13] leaf pattern=002736???? got=12 saved=12
2026-05-23 14:17:03,495 INFO [T3] leaf pattern=002721???? got=13 saved=13
2026-05-23 14:17:03,602 INFO [T6] leaf pattern=002724???? got=3 saved=3
2026-05-23 14:17:03,619 INFO [T18] leaf pattern=002725???? got=4 saved=4
2026-05-23 14:17:03,674 INFO [T26] leaf pattern=002723???? got=8 saved=8
2026-05-23 14:17:03,721 INFO [T5] leaf pattern=002738???? got=10 saved=10
2026-05-23 14:17:03,771 INFO [T20] leaf pattern=002726???? got=11 saved=11
2026-05-23 14:17:03,827 INFO [T24] leaf pattern=002722???? got=2 saved=2
2026-05-23 14:17:03,840 INFO [T27] leaf pattern=002727???? got=2 saved=2
2026-05-23 14:17:03,905 INFO [T10] leaf pattern=002760???? got=6 saved=6
2026-05-23 14:17:03,921 INFO [T25] leaf pattern=002761???? got=9 saved=9
2026-05-23 14:17:03,978 INFO [T14] leaf pattern=002729???? got=8 saved=8
2026-05-23 14:17:04,241 INFO [T12] leaf pattern=002763???? got=10 saved=10
2026-05-23 14:17:04,263 INFO [T29] leaf pattern=002728???? got=10 saved=10
2026-05-23 14:17:04,356 INFO [T21] leaf pattern=002762???? got=5 saved=5
2026-05-23 14:17:04,381 INFO [T15] leaf pattern=002764???? got=11 saved=11
2026-05-23 14:17:04,406 INFO [T7] leaf pattern=002765???? got=6 saved=6
2026-05-23 14:17:04,895 INFO [T23] leaf pattern=002766???? got=1 saved=1
2026-05-23 14:17:04,911 INFO [T8] leaf pattern=002767???? got=10 saved=10
2026-05-23 14:17:05,055 INFO [T28] leaf pattern=002768???? got=6 saved=6
2026-05-23 14:17:05,459 INFO [T2] leaf pattern=002769???? got=11 saved=11
2026-05-23 14:17:05,507 INFO [T1] leaf pattern=002700???? got=6 saved=6
2026-05-23 14:17:05,748 INFO [T30] leaf pattern=002701???? got=13 saved=13
2026-05-23 14:17:05,976 INFO [T11] leaf pattern=002702???? got=10 saved=10
2026-05-23 14:17:05,992 INFO [T9] leaf pattern=002703???? got=7 saved=7
2026-05-23 14:17:06,326 INFO [T16] leaf pattern=002704???? got=12 saved=12
2026-05-23 14:17:06,695 INFO [T22] leaf pattern=002705???? got=12 saved=12
2026-05-23 14:17:06,921 INFO [T17] leaf pattern=002708???? got=16 saved=16
2026-05-23 14:17:06,944 INFO [T19] leaf pattern=002706???? got=5 saved=5
2026-05-23 14:17:07,181 INFO [T4] leaf pattern=002707???? got=7 saved=7
2026-05-23 14:17:07,323 INFO [T13] leaf pattern=002709???? got=8 saved=8
2026-05-23 14:17:07,534 INFO [T3] leaf pattern=002750???? got=11 saved=11
2026-05-23 14:17:07,627 INFO [T18] leaf pattern=002752???? got=11 saved=11
2026-05-23 14:17:07,651 INFO [T6] leaf pattern=002751???? got=11 saved=11
2026-05-23 14:17:07,669 INFO [T26] leaf pattern=002753???? got=13 saved=13
2026-05-23 14:17:07,805 INFO [T20] leaf pattern=002755???? got=7 saved=7
2026-05-23 14:17:07,825 INFO [T5] leaf pattern=002754???? got=10 saved=10
2026-05-23 14:17:07,881 INFO [T10] leaf pattern=002758???? got=7 saved=7
2026-05-23 14:17:07,901 INFO [T24] leaf pattern=002756???? got=5 saved=5
2026-05-23 14:17:07,986 INFO [T25] leaf pattern=002759???? got=7 saved=7
2026-05-23 14:17:08,000 INFO [T14] leaf pattern=002770???? got=9 saved=9
2026-05-23 14:17:08,016 INFO [T27] leaf pattern=002757???? got=10 saved=10
2026-05-23 14:17:08,241 INFO [T12] leaf pattern=002771???? got=4 saved=4
2026-05-23 14:17:08,258 INFO [T29] leaf pattern=002772???? got=2 saved=2
2026-05-23 14:17:08,346 INFO [T21] leaf pattern=002773???? got=5 saved=5
2026-05-23 14:17:08,382 INFO [T15] leaf pattern=002774???? got=11 saved=11
2026-05-23 14:17:08,439 INFO [T7] leaf pattern=002775???? got=5 saved=5
2026-05-23 14:17:08,932 INFO [T23] leaf pattern=002776???? got=5 saved=5
2026-05-23 14:17:09,086 INFO [T8] leaf pattern=002777???? got=0 saved=0
2026-05-23 14:17:09,211 INFO [T28] leaf pattern=002778???? got=5 saved=5
2026-05-23 14:17:09,533 INFO [T1] leaf pattern=009240???? got=12 saved=12
2026-05-23 14:17:09,742 INFO [T30] leaf pattern=009241???? got=4 saved=4
2026-05-23 14:17:09,985 INFO [T11] leaf pattern=009242???? got=7 saved=7
2026-05-23 14:17:10,108 INFO [T9] leaf pattern=009243???? got=12 saved=12
2026-05-23 14:17:10,409 INFO [T16] leaf pattern=009244???? got=8 saved=8
2026-05-23 14:17:10,422 INFO [T2] leaf pattern=002779???? got=2 saved=2
2026-05-23 14:17:10,818 INFO [T22] leaf pattern=009245???? got=15 saved=15
2026-05-23 14:17:10,936 INFO [T17] leaf pattern=009246???? got=5 saved=5
2026-05-23 14:17:10,999 INFO [T19] leaf pattern=009247???? got=10 saved=10
2026-05-23 14:17:11,220 INFO [T4] leaf pattern=009248???? got=11 saved=11
2026-05-23 14:17:11,510 INFO [T3] leaf pattern=009230???? got=9 saved=9
2026-05-23 14:17:11,621 INFO [T18] leaf pattern=009231???? got=8 saved=8
2026-05-23 14:17:11,692 INFO [T6] leaf pattern=009232???? got=8 saved=8
2026-05-23 14:17:11,853 INFO [T5] leaf pattern=009235???? got=13 saved=13
2026-05-23 14:17:11,891 INFO [T20] leaf pattern=009234???? got=13 saved=13
2026-05-23 14:17:11,906 INFO [T24] leaf pattern=009237???? got=11 saved=11
2026-05-23 14:17:11,991 INFO [T10] leaf pattern=009236???? got=9 saved=9
2026-05-23 14:17:12,060 INFO [T26] leaf pattern=009233???? got=4 saved=4
2026-05-23 14:17:12,071 INFO [T25] leaf pattern=009238???? got=5 saved=5
2026-05-23 14:17:12,141 INFO [T27] leaf pattern=009210???? got=9 saved=9
2026-05-23 14:17:12,144 INFO [T14] leaf pattern=009239???? got=8 saved=8
2026-05-23 14:17:12,232 INFO [T12] leaf pattern=009211???? got=3 saved=3
2026-05-23 14:17:12,280 INFO [T29] leaf pattern=009212???? got=7 saved=7
2026-05-23 14:17:12,403 INFO [T15] leaf pattern=009214???? got=16 saved=16
2026-05-23 14:17:12,418 INFO [T21] leaf pattern=009213???? got=3 saved=3
2026-05-23 14:17:12,536 INFO [T7] leaf pattern=009215???? got=7 saved=7
2026-05-23 14:17:12,925 INFO [T23] leaf pattern=009216???? got=9 saved=9
2026-05-23 14:17:13,114 INFO [T13] leaf pattern=009249???? got=7 saved=7
2026-05-23 14:17:13,332 INFO [T8] leaf pattern=009217???? got=4 saved=4
2026-05-23 14:17:13,492 INFO [T1] leaf pattern=009219???? got=9 saved=9
2026-05-23 14:17:13,673 INFO [T28] leaf pattern=009218???? got=6 saved=6
2026-05-23 14:17:13,755 INFO [T30] leaf pattern=002780???? got=10 saved=10
2026-05-23 14:17:14,012 INFO [T11] leaf pattern=002781???? got=6 saved=6
2026-05-23 14:17:14,320 INFO [T9] leaf pattern=002782???? got=4 saved=4
2026-05-23 14:17:14,445 INFO [T2] leaf pattern=002784???? got=10 saved=10
2026-05-23 14:17:14,462 INFO [T16] leaf pattern=002783???? got=6 saved=6
2026-05-23 14:17:14,933 INFO [T17] leaf pattern=002786???? got=5 saved=5
2026-05-23 14:17:14,950 INFO [T22] leaf pattern=002785???? got=6 saved=6
2026-05-23 14:17:15,071 INFO [T19] leaf pattern=002787???? got=4 saved=4
2026-05-23 14:17:15,219 INFO [T4] leaf pattern=002788???? got=1 saved=1
2026-05-23 14:17:15,510 INFO [T3] leaf pattern=002789???? got=4 saved=4
2026-05-23 14:17:15,903 INFO [T5] leaf pattern=009252???? got=6 saved=6
2026-05-23 14:17:15,937 INFO [T20] leaf pattern=009253???? got=17 saved=17
2026-05-23 14:17:15,957 INFO [T26] leaf pattern=009256???? got=10 saved=10
2026-05-23 14:17:15,982 INFO [T24] leaf pattern=009254???? got=17 saved=17
2026-05-23 14:17:16,008 INFO [T10] leaf pattern=009255???? got=4 saved=4
2026-05-23 14:17:16,014 INFO [T6] leaf pattern=009251???? got=9 saved=9
2026-05-23 14:17:16,038 INFO [T25] leaf pattern=009257???? got=13 saved=13
2026-05-23 14:17:16,056 INFO [T18] leaf pattern=009250???? got=7 saved=7
2026-05-23 14:17:16,092 INFO [T27] leaf pattern=009258???? got=6 saved=6
2026-05-23 14:17:16,167 INFO [T14] leaf pattern=009259???? got=7 saved=7
2026-05-23 14:17:16,300 INFO [T29] leaf pattern=002741???? got=15 saved=15
2026-05-23 14:17:16,465 INFO [T12] leaf pattern=002740???? got=12 saved=12
2026-05-23 14:17:16,499 INFO [T15] leaf pattern=002742???? got=9 saved=9
2026-05-23 14:17:16,567 INFO [T7] leaf pattern=002744???? got=8 saved=8
2026-05-23 14:17:16,634 INFO [T21] leaf pattern=002743???? got=17 saved=17
2026-05-23 14:17:16,861 INFO [T23] leaf pattern=002745???? got=13 saved=13
2026-05-23 14:17:17,555 INFO [T1] leaf pattern=002748???? got=14 saved=14
2026-05-23 14:17:17,596 INFO [T8] leaf pattern=002747???? got=3 saved=3
2026-05-23 14:17:17,759 INFO [T28] leaf pattern=002749???? got=11 saved=11
2026-05-23 14:17:17,771 INFO [T13] leaf pattern=002746???? got=11 saved=11
2026-05-23 14:17:17,834 INFO [T30] leaf pattern=009220???? got=4 saved=4
2026-05-23 14:17:18,062 INFO [T11] leaf pattern=009221???? got=11 saved=11
2026-05-23 14:17:18,355 INFO [T9] leaf pattern=009222???? got=0 saved=0
2026-05-23 14:17:18,465 INFO [T2] leaf pattern=009223???? got=7 saved=7
2026-05-23 14:17:18,644 INFO [T16] leaf pattern=009224???? got=11 saved=11
2026-05-23 14:17:18,886 INFO [T17] leaf pattern=009225???? got=6 saved=6
2026-05-23 14:17:19,054 INFO [T22] leaf pattern=009226???? got=4 saved=4
2026-05-23 14:17:19,099 INFO [T19] leaf pattern=009227???? got=5 saved=5
2026-05-23 14:17:19,252 INFO [T4] leaf pattern=009228???? got=9 saved=9
2026-05-23 14:17:19,584 INFO [T3] leaf pattern=009229???? got=5 saved=5
2026-05-23 14:17:19,915 INFO [T5] leaf pattern=009200???? got=0 saved=0
2026-05-23 14:17:19,986 INFO [T20] leaf pattern=009201???? got=5 saved=5
2026-05-23 14:17:19,991 INFO [T24] leaf pattern=009203???? got=5 saved=5
2026-05-23 14:17:20,036 INFO [T10] leaf pattern=009204???? got=5 saved=5
2026-05-23 14:17:20,050 INFO [T18] leaf pattern=009207???? got=10 saved=10
2026-05-23 14:17:20,075 INFO [T25] leaf pattern=009206???? got=12 saved=12
2026-05-23 14:17:20,090 INFO [T26] leaf pattern=009202???? got=2 saved=2
2026-05-23 14:17:20,160 INFO [T27] leaf pattern=009208???? got=6 saved=6
2026-05-23 14:17:20,201 INFO [T6] leaf pattern=009205???? got=6 saved=6
2026-05-23 14:17:20,253 INFO [T14] leaf pattern=009209???? got=6 saved=6
2026-05-23 14:17:20,495 INFO [T7] leaf pattern=002643???? got=16 saved=16
2026-05-23 14:17:20,504 INFO [T12] leaf pattern=002641???? got=23 saved=23
2026-05-23 14:17:20,568 INFO [T29] leaf pattern=002640???? got=24 saved=24
2026-05-23 14:17:20,609 INFO [T21] leaf pattern=002644???? got=10 saved=10
2026-05-23 14:17:20,623 INFO [T15] leaf pattern=002642???? got=19 saved=19
2026-05-23 14:17:20,864 INFO [T23] leaf pattern=002645???? got=19 saved=19
2026-05-23 14:17:21,606 INFO [T8] leaf pattern=002647???? got=14 saved=14
2026-05-23 14:17:21,764 INFO [T28] leaf pattern=002648???? got=7 saved=7
2026-05-23 14:17:21,809 INFO [T30] leaf pattern=009270???? got=13 saved=13
2026-05-23 14:17:22,336 INFO [T11] leaf pattern=009271???? got=9 saved=9
2026-05-23 14:17:22,430 INFO [T9] leaf pattern=009272???? got=8 saved=8
2026-05-23 14:17:22,509 INFO [T1] leaf pattern=002646???? got=14 saved=14
2026-05-23 14:17:22,586 INFO [T13] leaf pattern=002649???? got=8 saved=8
2026-05-23 14:17:22,608 INFO [T2] leaf pattern=009273???? got=14 saved=14
2026-05-23 14:17:22,745 INFO [T16] leaf pattern=009274???? got=21 saved=21
2026-05-23 14:17:23,044 INFO [T17] leaf pattern=009275???? got=11 saved=11
2026-05-23 14:17:23,128 INFO [T19] leaf pattern=009277???? got=7 saved=7
2026-05-23 14:17:23,164 INFO [T22] leaf pattern=009276???? got=23 saved=23
2026-05-23 14:17:23,285 INFO [T4] leaf pattern=009278???? got=11 saved=11
2026-05-23 14:17:23,615 INFO [T3] leaf pattern=009279???? got=6 saved=6
2026-05-23 14:17:23,881 INFO [T5] leaf pattern=009260???? got=10 saved=10
2026-05-23 14:17:23,900 INFO [T20] leaf pattern=009261???? got=7 saved=7
2026-05-23 14:17:24,032 INFO [T26] leaf pattern=009266???? got=2 saved=2
2026-05-23 14:17:24,062 INFO [T25] leaf pattern=009265???? got=12 saved=12
2026-05-23 14:17:24,086 INFO [T24] leaf pattern=009262???? got=8 saved=8
2026-05-23 14:17:24,306 INFO [T27] leaf pattern=009267???? got=3 saved=3
2026-05-23 14:17:24,449 INFO [T18] leaf pattern=009264???? got=17 saved=17
2026-05-23 14:17:24,513 INFO [T7] leaf pattern=002790???? got=13 saved=13
2026-05-23 14:17:24,525 INFO [T10] leaf pattern=009263???? got=11 saved=11
2026-05-23 14:17:24,545 INFO [T6] leaf pattern=009268???? got=8 saved=8
2026-05-23 14:17:24,562 INFO [T14] leaf pattern=009269???? got=9 saved=9
2026-05-23 14:17:24,571 INFO [T12] leaf pattern=002791???? got=6 saved=6
2026-05-23 14:17:24,594 INFO [T29] leaf pattern=002792???? got=7 saved=7
2026-05-23 14:17:24,706 INFO [T15] leaf pattern=002794???? got=8 saved=8
2026-05-23 14:17:24,721 INFO [T21] leaf pattern=002793???? got=11 saved=11
2026-05-23 14:17:24,864 INFO [T23] leaf pattern=002795???? got=3 saved=3
2026-05-23 14:17:25,624 INFO [T8] leaf pattern=002796???? got=12 saved=12
2026-05-23 14:17:25,746 INFO [T28] leaf pattern=002797???? got=7 saved=7
2026-05-23 14:17:25,857 INFO [T30] leaf pattern=002798???? got=2 saved=2
2026-05-23 14:17:26,375 INFO [T11] leaf pattern=002799???? got=1 saved=1
2026-05-23 14:17:26,414 INFO [T9] leaf pattern=009280???? got=6 saved=6
2026-05-23 14:17:26,499 INFO [T1] leaf pattern=009281???? got=10 saved=10
2026-05-23 14:17:26,601 INFO [T2] leaf pattern=009283???? got=8 saved=8
2026-05-23 14:17:26,743 INFO [T13] leaf pattern=009282???? got=5 saved=5
2026-05-23 14:17:26,787 INFO [T16] leaf pattern=009284???? got=7 saved=7
2026-05-23 14:17:27,082 INFO [T17] leaf pattern=009285???? got=11 saved=11
2026-05-23 14:17:27,246 INFO [T22] leaf pattern=009287???? got=21 saved=21
2026-05-23 14:17:27,321 INFO [T4] leaf pattern=009288???? got=1 saved=1
2026-05-23 14:17:27,561 INFO [T3] leaf pattern=009289???? got=6 saved=6
2026-05-23 14:17:27,620 INFO [T19] leaf pattern=009286???? got=6 saved=6
2026-05-23 14:17:27,929 INFO [T20] leaf pattern=009301???? got=6 saved=6
2026-05-23 14:17:27,978 INFO [T5] leaf pattern=009300???? got=1 saved=1
2026-05-23 14:17:28,018 INFO [T25] leaf pattern=009303???? got=5 saved=5
2026-05-23 14:17:28,050 INFO [T26] leaf pattern=009302???? got=13 saved=13
2026-05-23 14:17:28,131 INFO [T24] leaf pattern=009304???? got=11 saved=11
2026-05-23 14:17:28,308 INFO [T27] leaf pattern=009305???? got=6 saved=6
2026-05-23 14:17:28,434 INFO [T7] leaf pattern=009307???? got=9 saved=9
2026-05-23 14:17:28,525 INFO [T6] leaf pattern=009309???? got=5 saved=5
2026-05-23 14:17:28,541 INFO [T18] leaf pattern=009306???? got=12 saved=12
2026-05-23 14:17:28,559 INFO [T29] leaf pattern=009292???? got=3 saved=3
2026-05-23 14:17:28,624 INFO [T14] leaf pattern=009290???? got=3 saved=3
2026-05-23 14:17:28,654 INFO [T21] leaf pattern=009294???? got=9 saved=9
2026-05-23 14:17:28,700 INFO [T15] leaf pattern=009293???? got=5 saved=5
2026-05-23 14:17:28,847 INFO [T23] leaf pattern=009295???? got=6 saved=6
2026-05-23 14:17:28,998 INFO [T10] leaf pattern=009308???? got=8 saved=8
2026-05-23 14:17:29,628 INFO [T8] leaf pattern=009296???? got=10 saved=10
2026-05-23 14:17:29,798 INFO [T28] leaf pattern=009297???? got=14 saved=14
2026-05-23 14:17:29,814 INFO [T30] leaf pattern=009298???? got=7 saved=7
2026-05-23 14:17:30,416 INFO [T9] leaf pattern=009310???? got=11 saved=11
2026-05-23 14:17:30,448 INFO [T11] leaf pattern=009299???? got=4 saved=4
2026-05-23 14:17:30,647 INFO [T2] leaf pattern=009312???? got=6 saved=6
2026-05-23 14:17:30,666 INFO [T13] leaf pattern=009313???? got=4 saved=4
2026-05-23 14:17:30,676 INFO [T1] leaf pattern=009311???? got=0 saved=0
2026-05-23 14:17:30,941 INFO [T16] leaf pattern=009314???? got=8 saved=8
2026-05-23 14:17:31,115 INFO [T17] leaf pattern=009315???? got=9 saved=9
2026-05-23 14:17:31,322 INFO [T22] leaf pattern=009316???? got=9 saved=9
2026-05-23 14:17:31,613 INFO [T3] leaf pattern=009318???? got=4 saved=4
2026-05-23 14:17:31,705 INFO [T19] leaf pattern=009319???? got=4 saved=4
2026-05-23 14:17:31,992 INFO [T5] leaf pattern=009321???? got=2 saved=2
2026-05-23 14:17:32,019 INFO [T25] leaf pattern=009322???? got=1 saved=1
2026-05-23 14:17:32,078 INFO [T26] leaf pattern=009323???? got=2 saved=2
2026-05-23 14:17:32,103 INFO [T24] leaf pattern=009324???? got=8 saved=8
2026-05-23 14:17:32,341 INFO [T27] leaf pattern=009325???? got=8 saved=8
2026-05-23 14:17:32,485 INFO [T6] leaf pattern=009327???? got=12 saved=12
2026-05-23 14:17:32,537 INFO [T29] leaf pattern=009329???? got=8 saved=8
2026-05-23 14:17:32,557 INFO [T7] leaf pattern=009326???? got=3 saved=3
2026-05-23 14:17:32,627 INFO [T21] leaf pattern=009331???? got=6 saved=6
2026-05-23 14:17:32,642 INFO [T20] leaf pattern=009320???? got=7 saved=7
2026-05-23 14:17:32,756 INFO [T14] leaf pattern=009330???? got=6 saved=6
2026-05-23 14:17:32,790 INFO [T23] leaf pattern=009333???? got=0 saved=0
2026-05-23 14:17:32,998 INFO [T10] leaf pattern=009334???? got=10 saved=10
2026-05-23 14:17:33,013 INFO [T12] leaf pattern=009291???? got=4 saved=4
2026-05-23 14:17:33,026 INFO [T15] leaf pattern=009332???? got=6 saved=6
2026-05-23 14:17:33,656 INFO [T8] leaf pattern=009335???? got=5 saved=5
2026-05-23 14:17:33,742 INFO [T30] leaf pattern=009337???? got=6 saved=6
2026-05-23 14:17:33,869 INFO [T28] leaf pattern=009336???? got=5 saved=5
2026-05-23 14:17:34,416 INFO [T9] leaf pattern=009338???? got=6 saved=6
2026-05-23 14:17:34,580 INFO [T11] leaf pattern=009339???? got=1 saved=1
2026-05-23 14:17:34,617 INFO [T13] leaf pattern=009341???? got=6 saved=6
2026-05-23 14:17:35,061 INFO [T1] leaf pattern=009342???? got=12 saved=12
2026-05-23 14:17:35,085 INFO [T16] leaf pattern=009343???? got=6 saved=6
2026-05-23 14:17:35,094 INFO [T17] leaf pattern=009344???? got=8 saved=8
2026-05-23 14:17:35,329 INFO [T22] leaf pattern=009345???? got=9 saved=9
2026-05-23 14:17:35,638 INFO [T3] leaf pattern=009346???? got=8 saved=8
2026-05-23 14:17:35,707 INFO [T2] leaf pattern=009340???? got=15 saved=15
2026-05-23 14:17:35,738 INFO [T19] leaf pattern=009347???? got=8 saved=8
2026-05-23 14:17:35,821 WARNING [T26] ec=1 rate limited, rotating IP
2026-05-23 14:17:35,822 INFO [T26] rotate IP 130ca0d0 → 3161a91e
2026-05-23 14:17:36,006 INFO [T25] leaf pattern=009349???? got=12 saved=12
2026-05-23 14:17:36,057 INFO [T5] leaf pattern=009348???? got=13 saved=13
2026-05-23 14:17:36,112 WARNING [T27] ec=1 rate limited, rotating IP
2026-05-23 14:17:36,112 INFO [T27] rotate IP a83e338a → 77cbafda
2026-05-23 14:17:36,288 WARNING [T29] ec=1 rate limited, rotating IP
2026-05-23 14:17:36,288 INFO [T29] rotate IP bcc3ab84 → add763e4
2026-05-23 14:17:36,403 INFO [T24] leaf pattern=009361???? got=14 saved=14
2026-05-23 14:17:36,519 INFO [T6] leaf pattern=009363???? got=3 saved=3
2026-05-23 14:17:36,542 INFO [T7] leaf pattern=009365???? got=8 saved=8
2026-05-23 14:17:36,612 INFO [T21] leaf pattern=009366???? got=4 saved=4
2026-05-23 14:17:36,677 INFO [T20] leaf pattern=009367???? got=15 saved=15
2026-05-23 14:17:36,823 INFO [T14] leaf pattern=009368???? got=4 saved=4
2026-05-23 14:17:36,930 INFO [T23] leaf pattern=009369???? got=4 saved=4
2026-05-23 14:17:37,098 INFO [T15] leaf pattern=009382???? got=5 saved=5
2026-05-23 14:17:37,267 INFO [T12] leaf pattern=009381???? got=8 saved=8
2026-05-23 14:17:37,532 WARNING [T27] SSLError attempt=1/3 pattern=009362????: HTTPSConnectionPool(host='vietteltelecom.vn', port=443): Max retries exceeded with url: /api/get/sim (Caused by SSLError
2026-05-23 14:17:37,532 INFO [T27] rotate IP 77cbafda → 5adf46f0
2026-05-23 14:17:37,736 INFO [T8] leaf pattern=009383???? got=4 saved=4
2026-05-23 14:17:37,882 INFO [T30] leaf pattern=009384???? got=12 saved=12
2026-05-23 14:17:37,985 INFO [T28] leaf pattern=009385???? got=14 saved=14
2026-05-23 14:17:38,173 INFO [T29] D1N refreshed 63b76f881fdd846a…
2026-05-23 14:17:38,471 INFO [T9] leaf pattern=009386???? got=5 saved=5
2026-05-23 14:17:38,758 INFO [T13] leaf pattern=009388???? got=6 saved=6
2026-05-23 14:17:38,887 INFO [T26] D1N refreshed 5a8f19f7599263d6…
2026-05-23 14:17:39,010 INFO [T11] leaf pattern=009387???? got=10 saved=10
2026-05-23 14:17:39,077 INFO [T1] leaf pattern=009389???? got=8 saved=8
2026-05-23 14:17:39,127 INFO [T17] leaf pattern=009371???? got=11 saved=11
2026-05-23 14:17:39,225 INFO [T16] leaf pattern=009370???? got=10 saved=10
2026-05-23 14:17:39,601 INFO [T22] leaf pattern=009372???? got=9 saved=9
2026-05-23 14:17:39,722 INFO [T3] leaf pattern=009373???? got=4 saved=4
2026-05-23 14:17:39,795 INFO [T2] leaf pattern=009374???? got=9 saved=9
2026-05-23 14:17:39,892 INFO [T19] leaf pattern=009375???? got=5 saved=5
2026-05-23 14:17:40,062 INFO [T5] leaf pattern=009377???? got=5 saved=5
2026-05-23 14:17:40,141 INFO [T25] leaf pattern=009376???? got=11 saved=11
2026-05-23 14:17:40,294 INFO [T27] D1N refreshed 91cb2f6ef2a21c20…
2026-05-23 14:17:40,624 INFO [T6] leaf pattern=009379???? got=10 saved=10
2026-05-23 14:17:40,638 INFO [T7] leaf pattern=009350???? got=9 saved=9
2026-05-23 14:17:40,743 INFO [T21] leaf pattern=009351???? got=13 saved=13
2026-05-23 14:17:40,873 INFO [T14] leaf pattern=009353???? got=8 saved=8
2026-05-23 14:17:40,919 INFO [T23] leaf pattern=009354???? got=11 saved=11
2026-05-23 14:17:41,057 INFO [T24] leaf pattern=009378???? got=14 saved=14
2026-05-23 14:17:41,074 INFO [T15] leaf pattern=009355???? got=1 saved=1
2026-05-23 14:17:41,137 INFO [T20] leaf pattern=009352???? got=9 saved=9
2026-05-23 14:17:41,183 WARNING [T12] ec=1 rate limited, rotating IP
2026-05-23 14:17:41,183 INFO [T12] rotate IP b76c54f2 → 40fe938f
2026-05-23 14:17:41,777 INFO [T8] leaf pattern=009357???? got=4 saved=4
2026-05-23 14:17:41,871 INFO [T30] leaf pattern=009358???? got=7 saved=7
2026-05-23 14:17:42,017 INFO [T28] leaf pattern=009359???? got=10 saved=10
2026-05-23 14:17:42,500 INFO [T9] leaf pattern=009510???? got=6 saved=6
2026-05-23 14:17:42,940 INFO [T13] leaf pattern=009511???? got=1 saved=1
2026-05-23 14:17:43,007 INFO [T12] D1N refreshed 3ef69cc05f64c904…
2026-05-23 14:17:43,058 INFO [T11] leaf pattern=009512???? got=8 saved=8
2026-05-23 14:17:43,090 INFO [T1] leaf pattern=009513???? got=7 saved=7
2026-05-23 14:17:43,174 INFO [T17] leaf pattern=009514???? got=14 saved=14
2026-05-23 14:17:43,399 INFO [T16] leaf pattern=009515???? got=7 saved=7
2026-05-23 14:17:43,589 INFO [T29] leaf pattern=009364???? got=10 saved=10
2026-05-23 14:17:43,672 INFO [T3] leaf pattern=009517???? got=15 saved=15
2026-05-23 14:17:43,697 INFO [T22] leaf pattern=009516???? got=12 saved=12
2026-05-23 14:17:43,843 INFO [T2] leaf pattern=009518???? got=14 saved=14
2026-05-23 14:17:43,945 INFO [T19] leaf pattern=009519???? got=10 saved=10
2026-05-23 14:17:44,096 INFO [T25] leaf pattern=009531???? got=7 saved=7
2026-05-23 14:17:44,157 INFO [T5] leaf pattern=009530???? got=4 saved=4
2026-05-23 14:17:44,373 INFO [T4] leaf pattern=009317???? got=8 saved=8
2026-05-23 14:17:44,635 INFO [T6] leaf pattern=009532???? got=8 saved=8
2026-05-23 14:17:44,698 INFO [T7] leaf pattern=009533???? got=11 saved=11
2026-05-23 14:17:44,767 INFO [T10] leaf pattern=009380???? got=3 saved=3
2026-05-23 14:17:44,794 INFO [T21] leaf pattern=009534???? got=9 saved=9
2026-05-23 14:17:44,877 INFO [T23] leaf pattern=009536???? got=8 saved=8
2026-05-23 14:17:44,941 INFO [T14] leaf pattern=009535???? got=13 saved=13
2026-05-23 14:17:45,077 INFO [T15] leaf pattern=009538???? got=15 saved=15
2026-05-23 14:17:45,087 INFO [T18] leaf pattern=009328???? got=10 saved=10
2026-05-23 14:17:45,124 INFO [T20] leaf pattern=009539???? got=6 saved=6
2026-05-23 14:17:45,371 INFO [T24] leaf pattern=009537???? got=12 saved=12
2026-05-23 14:17:45,416 INFO [T26] leaf pattern=009360???? got=10 saved=10
2026-05-23 14:17:45,794 INFO [T27] leaf pattern=009362???? got=8 saved=8
2026-05-23 14:17:45,812 INFO [T8] leaf pattern=009500???? got=7 saved=7
2026-05-23 14:17:46,058 INFO [T30] leaf pattern=009501???? got=15 saved=15
2026-05-23 14:17:46,073 INFO [T28] leaf pattern=009502???? got=14 saved=14
2026-05-23 14:17:46,552 INFO [T9] leaf pattern=009503???? got=12 saved=12
2026-05-23 14:17:47,055 INFO [T1] leaf pattern=009506???? got=8 saved=8
2026-05-23 14:17:47,142 INFO [T11] leaf pattern=009505???? got=6 saved=6
2026-05-23 14:17:47,202 INFO [T17] leaf pattern=009507???? got=9 saved=9
2026-05-23 14:17:49,621 INFO [T16] leaf pattern=009508???? got=11 saved=11
2026-05-23 14:17:49,654 INFO [T2] leaf pattern=009522???? got=2 saved=2
2026-05-23 14:17:49,683 INFO [T5] leaf pattern=009525???? got=4 saved=4
2026-05-23 14:17:49,698 INFO [T24] leaf pattern=009576???? got=28 saved=28
2026-05-23 14:17:49,920 INFO [T4] leaf pattern=009526???? got=10 saved=10
2026-05-23 14:17:49,928 INFO [T21] leaf pattern=009570???? got=14 saved=14
2026-05-23 14:17:50,095 INFO [T14] leaf pattern=009572???? got=13 saved=13
2026-05-23 14:17:50,186 INFO [T20] leaf pattern=009575???? got=22 saved=22
2026-05-23 14:17:50,192 INFO [T13] leaf pattern=009504???? got=17 saved=17
2026-05-23 14:17:50,197 INFO [T15] leaf pattern=009573???? got=21 saved=21
2026-05-23 14:17:50,204 INFO [T10] leaf pattern=009529???? got=10 saved=10
2026-05-23 14:17:50,297 INFO [T29] leaf pattern=009509???? got=7 saved=7
2026-05-23 14:17:50,301 INFO [T3] leaf pattern=009520???? got=14 saved=14
2026-05-23 14:17:50,306 INFO [T22] leaf pattern=009521???? got=12 saved=12
2026-05-23 14:17:50,343 INFO [T18] leaf pattern=009574???? got=19 saved=19
2026-05-23 14:17:50,360 INFO [T26] leaf pattern=009577???? got=14 saved=14
2026-05-23 14:17:50,378 INFO [T23] leaf pattern=009571???? got=18 saved=18
2026-05-23 14:17:50,423 INFO [T12] leaf pattern=009356???? got=6 saved=6
2026-05-23 14:17:50,440 INFO [T25] leaf pattern=009524???? got=19 saved=19
2026-05-23 14:17:50,470 INFO [T7] leaf pattern=009528???? got=8 saved=8
2026-05-23 14:17:50,484 INFO [T6] leaf pattern=009527???? got=10 saved=10
2026-05-23 14:17:50,498 INFO [T19] leaf pattern=009523???? got=7 saved=7
2026-05-23 14:17:50,639 INFO [T9] leaf pattern=009592???? got=17 saved=17
2026-05-23 14:17:50,709 INFO [T30] leaf pattern=009590???? got=26 saved=26
2026-05-23 14:17:50,876 INFO [T8] leaf pattern=009579???? got=23 saved=23
2026-05-23 14:17:50,913 INFO [T28] leaf pattern=009591???? got=21 saved=21
2026-05-23 14:17:51,044 INFO [T1] leaf pattern=009593???? got=19 saved=19
2026-05-23 14:17:51,162 INFO [T27] leaf pattern=009578???? got=27 saved=27
2026-05-23 14:17:51,280 INFO [T11] leaf pattern=009594???? got=27 saved=27
2026-05-23 14:17:51,350 INFO [T17] leaf pattern=009595???? got=4 saved=4
2026-05-23 14:17:53,659 INFO [T5] leaf pattern=009598???? got=4 saved=4
2026-05-23 14:17:53,712 INFO [T24] leaf pattern=009599???? got=4 saved=4
2026-05-23 14:17:53,785 INFO [T2] leaf pattern=009597???? got=18 saved=18
2026-05-23 14:17:53,891 INFO [T21] leaf pattern=009551???? got=6 saved=6
2026-05-23 14:17:53,920 INFO [T4] leaf pattern=009550???? got=7 saved=7
2026-05-23 14:17:53,980 INFO [T16] leaf pattern=009596???? got=17 saved=17
2026-05-23 14:17:54,086 INFO [T20] leaf pattern=009553???? got=7 saved=7
2026-05-23 14:17:54,090 INFO [T15] leaf pattern=009555???? got=0 saved=0
2026-05-23 14:17:54,120 INFO [T10] leaf pattern=009556???? got=7 saved=7
2026-05-23 14:17:54,208 INFO [T14] leaf pattern=009552???? got=14 saved=14
2026-05-23 14:17:54,253 INFO [T29] leaf pattern=009557???? got=9 saved=9
2026-05-23 14:17:54,280 INFO [T18] leaf pattern=002900???? got=0 saved=0
2026-05-23 14:17:54,291 INFO [T3] leaf pattern=009558???? got=18 saved=18
2026-05-23 14:17:54,333 INFO [T23] leaf pattern=002902???? got=2 saved=2
2026-05-23 14:17:54,381 INFO [T26] leaf pattern=002901???? got=6 saved=6
2026-05-23 14:17:54,406 INFO [T7] leaf pattern=002905???? got=7 saved=7
2026-05-23 14:17:54,433 INFO [T25] leaf pattern=002904???? got=8 saved=8
2026-05-23 14:17:54,517 INFO [T19] leaf pattern=002907???? got=4 saved=4
2026-05-23 14:17:54,527 INFO [T6] leaf pattern=002906???? got=7 saved=7
2026-05-23 14:17:54,553 INFO [T12] leaf pattern=002903???? got=5 saved=5
2026-05-23 14:17:54,685 INFO [T9] leaf pattern=002908???? got=5 saved=5
2026-05-23 14:17:54,691 INFO [T22] leaf pattern=009559???? got=11 saved=11
2026-05-23 14:17:54,696 INFO [T30] leaf pattern=002909???? got=2 saved=2
2026-05-23 14:17:54,815 INFO [T8] leaf pattern=009560???? got=21 saved=21
2026-05-23 14:17:54,975 INFO [T28] leaf pattern=009561???? got=23 saved=23
2026-05-23 14:17:55,129 INFO [T1] leaf pattern=009562???? got=10 saved=10
2026-05-23 14:17:55,176 INFO [T27] leaf pattern=009563???? got=22 saved=22
2026-05-23 14:17:55,310 INFO [T17] leaf pattern=009565???? got=13 saved=13
2026-05-23 14:17:55,320 INFO [T11] leaf pattern=009564???? got=22 saved=22
2026-05-23 14:17:56,226 INFO [T13] leaf pattern=009554???? got=11 saved=11
2026-05-23 14:17:57,783 INFO [T5] leaf pattern=009566???? got=3 saved=3
2026-05-23 14:17:57,832 INFO [T2] leaf pattern=009568???? got=8 saved=8
2026-05-23 14:17:57,895 INFO [T21] leaf pattern=009569???? got=22 saved=22
2026-05-23 14:17:57,966 INFO [T24] leaf pattern=009567???? got=9 saved=9
2026-05-23 14:17:57,982 INFO [T4] leaf pattern=009580???? got=25 saved=25
2026-05-23 14:17:58,066 INFO [T16] leaf pattern=009581???? got=28 saved=28
2026-05-23 14:17:58,133 INFO [T15] expand pattern=009583???? got=31 ≥ 30 → split into 10 children
2026-05-23 14:17:58,141 INFO [T20] leaf pattern=009582???? got=25 saved=25
2026-05-23 14:17:58,157 INFO [T10] expand pattern=009584???? got=36 ≥ 30 → split into 10 children
2026-05-23 14:17:58,249 INFO [T29] leaf pattern=009586???? got=13 saved=13
2026-05-23 14:17:58,268 INFO [T18] leaf pattern=009587???? got=15 saved=15
2026-05-23 14:17:58,284 INFO [T23] leaf pattern=009589???? got=14 saved=14
2026-05-23 14:17:58,381 INFO [T3] leaf pattern=009588???? got=12 saved=12
2026-05-23 14:17:58,442 INFO [T7] leaf pattern=009541???? got=6 saved=6
2026-05-23 14:17:58,465 INFO [T6] leaf pattern=009544???? got=11 saved=11
2026-05-23 14:17:58,487 INFO [T14] leaf pattern=009585???? got=28 saved=28
2026-05-23 14:17:58,495 INFO [T25] leaf pattern=009542???? got=11 saved=11
2026-05-23 14:17:58,521 INFO [T19] leaf pattern=009543???? got=10 saved=10
2026-05-23 14:17:58,616 INFO [T30] leaf pattern=009547???? got=13 saved=13
2026-05-23 14:17:58,663 INFO [T9] leaf pattern=009546???? got=17 saved=17
2026-05-23 14:17:58,697 INFO [T12] leaf pattern=009545???? got=13 saved=13
2026-05-23 14:17:58,774 INFO [T22] leaf pattern=009548???? got=15 saved=15
2026-05-23 14:17:58,790 INFO [T8] leaf pattern=009549???? got=11 saved=11
2026-05-23 14:17:59,120 INFO [T27] leaf pattern=002912???? got=4 saved=4
2026-05-23 14:17:59,194 INFO [T28] leaf pattern=002910???? got=6 saved=6
2026-05-23 14:17:59,264 INFO [T1] leaf pattern=002911???? got=6 saved=6
2026-05-23 14:17:59,310 INFO [T17] leaf pattern=002913???? got=10 saved=10
2026-05-23 14:17:59,319 INFO [T11] leaf pattern=002914???? got=7 saved=7
2026-05-23 14:17:59,374 INFO [T26] leaf pattern=009540???? got=14 saved=14
2026-05-23 14:18:00,221 INFO [T13] leaf pattern=002915???? got=6 saved=6
2026-05-23 14:18:01,800 INFO [T5] leaf pattern=002916???? got=3 saved=3
2026-05-23 14:18:01,860 INFO [T2] leaf pattern=002917???? got=6 saved=6
2026-05-23 14:18:01,915 INFO [T21] leaf pattern=002918???? got=7 saved=7
2026-05-23 14:18:02,010 INFO [T24] leaf pattern=002919???? got=10 saved=10
2026-05-23 14:18:02,046 INFO [T4] leaf pattern=002930???? got=10 saved=10
2026-05-23 14:18:02,120 INFO [T16] leaf pattern=002931???? got=9 saved=9
2026-05-23 14:18:02,153 INFO [T10] leaf pattern=002934???? got=7 saved=7
2026-05-23 14:18:02,210 INFO [T15] leaf pattern=002932???? got=4 saved=4
2026-05-23 14:18:02,232 INFO [T18] leaf pattern=002936???? got=10 saved=10
2026-05-23 14:18:02,245 INFO [T23] leaf pattern=002937???? got=11 saved=11
2026-05-23 14:18:02,263 INFO [T29] leaf pattern=002935???? got=9 saved=9
2026-05-23 14:18:02,346 INFO [T20] leaf pattern=002933???? got=5 saved=5
2026-05-23 14:18:02,363 INFO [T3] leaf pattern=002938???? got=14 saved=14
2026-05-23 14:18:02,420 INFO [T7] leaf pattern=002939???? got=4 saved=4
2026-05-23 14:18:02,560 INFO [T6] leaf pattern=002940???? got=8 saved=8
2026-05-23 14:18:02,630 INFO [T30] leaf pattern=002944???? got=13 saved=13
2026-05-23 14:18:02,634 INFO [T14] leaf pattern=002941???? got=12 saved=12
2026-05-23 14:18:02,651 INFO [T9] leaf pattern=002945???? got=4 saved=4
2026-05-23 14:18:02,668 INFO [T12] leaf pattern=002946???? got=5 saved=5
2026-05-23 14:18:02,676 INFO [T19] leaf pattern=002943???? got=12 saved=12
2026-05-23 14:18:02,862 INFO [T22] leaf pattern=002947???? got=7 saved=7
2026-05-23 14:18:02,893 INFO [T8] leaf pattern=002948???? got=5 saved=5
2026-05-23 14:18:02,912 INFO [T25] leaf pattern=002942???? got=13 saved=13
2026-05-23 14:18:03,189 INFO [T27] leaf pattern=002949???? got=8 saved=8
2026-05-23 14:18:03,219 INFO [T28] leaf pattern=002920???? got=8 saved=8
2026-05-23 14:18:03,277 INFO [T1] leaf pattern=002921???? got=6 saved=6
2026-05-23 14:18:03,457 INFO [T11] leaf pattern=002923???? got=7 saved=7
2026-05-23 14:18:03,623 INFO [T26] leaf pattern=002924???? got=16 saved=16
2026-05-23 14:18:04,216 INFO [T13] leaf pattern=002925???? got=8 saved=8
2026-05-23 14:18:04,284 INFO [T17] leaf pattern=002922???? got=6 saved=6
2026-05-23 14:18:05,779 INFO [T5] leaf pattern=002926???? got=7 saved=7
2026-05-23 14:18:05,932 INFO [T21] leaf pattern=002928???? got=8 saved=8
2026-05-23 14:18:06,033 INFO [T24] leaf pattern=002929???? got=1 saved=1
2026-05-23 14:18:06,092 INFO [T2] leaf pattern=002927???? got=11 saved=11
2026-05-23 14:18:06,118 INFO [T4] leaf pattern=002960???? got=12 saved=12
2026-05-23 14:18:06,138 INFO [T16] leaf pattern=002961???? got=14 saved=14
2026-05-23 14:18:06,153 INFO [T10] leaf pattern=002962???? got=14 saved=14
2026-05-23 14:18:06,200 INFO [T29] leaf pattern=002966???? got=6 saved=6
2026-05-23 14:18:06,208 INFO [T18] leaf pattern=002964???? got=20 saved=20
2026-05-23 14:18:06,225 INFO [T15] leaf pattern=002963???? got=16 saved=16
2026-05-23 14:18:06,385 INFO [T23] leaf pattern=002965???? got=19 saved=19
2026-05-23 14:18:06,389 INFO [T3] leaf pattern=002968???? got=3 saved=3
2026-05-23 14:18:06,441 INFO [T20] leaf pattern=002967???? got=15 saved=15
2026-05-23 14:18:06,487 INFO [T6] leaf pattern=002950???? got=7 saved=7
2026-05-23 14:18:06,573 INFO [T30] leaf pattern=002951???? got=16 saved=16
2026-05-23 14:18:06,671 INFO [T7] leaf pattern=002969???? got=6 saved=6
2026-05-23 14:18:06,691 INFO [T19] leaf pattern=002955???? got=14 saved=14
2026-05-23 14:18:06,710 INFO [T14] leaf pattern=002952???? got=9 saved=9
2026-05-23 14:18:06,717 INFO [T9] leaf pattern=002953???? got=23 saved=23
2026-05-23 14:18:06,899 INFO [T8] leaf pattern=002957???? got=13 saved=13
2026-05-23 14:18:07,128 INFO [T22] leaf pattern=002956???? got=18 saved=18
2026-05-23 14:18:07,195 INFO [T27] leaf pattern=002959???? got=8 saved=8
2026-05-23 14:18:07,281 INFO [T1] leaf pattern=002971???? got=5 saved=5
2026-05-23 14:18:07,286 INFO [T28] leaf pattern=002970???? got=6 saved=6
2026-05-23 14:18:07,564 INFO [T12] leaf pattern=002954???? got=22 saved=22
2026-05-23 14:18:07,623 INFO [T26] leaf pattern=002973???? got=18 saved=18
2026-05-23 14:18:07,947 INFO [T25] leaf pattern=002958???? got=10 saved=10
2026-05-23 14:18:08,243 INFO [T17] leaf pattern=002975???? got=13 saved=13
2026-05-23 14:18:08,926 INFO [T13] leaf pattern=002974???? got=12 saved=12
2026-05-23 14:18:09,904 INFO [T5] leaf pattern=002976???? got=17 saved=17
2026-05-23 14:18:10,093 INFO [T24] leaf pattern=002978???? got=7 saved=7
2026-05-23 14:18:10,132 INFO [T10] leaf pattern=002982???? got=5 saved=5
2026-05-23 14:18:10,189 INFO [T16] leaf pattern=002981???? got=7 saved=7
2026-05-23 14:18:10,277 INFO [T29] leaf pattern=002983???? got=9 saved=9
2026-05-23 14:18:10,290 INFO [T18] leaf pattern=002984???? got=19 saved=19
2026-05-23 14:18:10,302 INFO [T15] leaf pattern=002985???? got=26 saved=26
2026-05-23 14:18:10,306 INFO [T2] leaf pattern=002979???? got=5 saved=5
2026-05-23 14:18:10,378 INFO [T23] leaf pattern=002986???? got=20 saved=20
2026-05-23 14:18:10,390 INFO [T3] leaf pattern=002987???? got=23 saved=23
2026-05-23 14:18:10,419 INFO [T20] leaf pattern=002988???? got=9 saved=9
2026-05-23 14:18:10,500 WARNING [T9] ec=1 rate limited, rotating IP
2026-05-23 14:18:10,500 INFO [T9] rotate IP 57680e89 → 5f760ee7
2026-05-23 14:18:10,555 INFO [T30] leaf pattern=009710???? got=26 saved=26
2026-05-23 14:18:10,604 INFO [T6] leaf pattern=002989???? got=5 saved=5
2026-05-23 14:18:10,698 INFO [T7] leaf pattern=009711???? got=20 saved=20
2026-05-23 14:18:10,784 INFO [T14] leaf pattern=009713???? got=22 saved=22
2026-05-23 14:18:10,933 INFO [T8] leaf pattern=009715???? got=20 saved=20
2026-05-23 14:18:11,286 INFO [T22] leaf pattern=009716???? got=26 saved=26
2026-05-23 14:18:11,313 INFO [T27] leaf pattern=009717???? got=20 saved=20
2026-05-23 14:18:11,346 INFO [T1] leaf pattern=009718???? got=25 saved=25
2026-05-23 14:18:11,489 INFO [T19] D1N refreshed bdc0be965eb8b69e…
2026-05-23 14:18:11,565 INFO [T12] leaf pattern=009700???? got=2 saved=2
2026-05-23 14:18:11,685 INFO [T26] leaf pattern=009701???? got=8 saved=8
2026-05-23 14:18:12,029 INFO [T25] leaf pattern=009702???? got=6 saved=6
2026-05-23 14:18:12,481 INFO [T9] D1N refreshed e1ad7ab8e1c1d9e5…
2026-05-23 14:18:12,692 INFO [T17] leaf pattern=009703???? got=11 saved=11
2026-05-23 14:18:12,971 INFO [T13] leaf pattern=009704???? got=15 saved=15
2026-05-23 14:18:13,049 INFO [T4] leaf pattern=002980???? got=11 saved=11
2026-05-23 14:18:13,289 INFO [T21] leaf pattern=002977???? got=7 saved=7
2026-05-23 14:18:13,342 INFO [T11] leaf pattern=002972???? got=3 saved=3
2026-05-23 14:18:13,347 INFO [T28] leaf pattern=009719???? got=25 saved=25
2026-05-23 14:18:13,940 INFO [T5] leaf pattern=009705???? got=13 saved=13
2026-05-23 14:18:14,060 INFO [T24] leaf pattern=009706???? got=11 saved=11
2026-05-23 14:18:14,129 INFO [T10] leaf pattern=009707???? got=6 saved=6
2026-05-23 14:18:14,300 INFO [T29] leaf pattern=009709???? got=5 saved=5
2026-05-23 14:18:14,321 INFO [T18] leaf pattern=002990???? got=6 saved=6
2026-05-23 14:18:14,330 INFO [T20] leaf pattern=002995???? got=3 saved=3
2026-05-23 14:18:14,346 INFO [T16] leaf pattern=009708???? got=12 saved=12
2026-05-23 14:18:14,370 INFO [T2] leaf pattern=002992???? got=5 saved=5
2026-05-23 14:18:14,414 INFO [T23] leaf pattern=002993???? got=3 saved=3
2026-05-23 14:18:14,441 INFO [T3] leaf pattern=002994???? got=8 saved=8
2026-05-23 14:18:14,537 INFO [T30] leaf pattern=002996???? got=11 saved=11
2026-05-23 14:18:14,557 INFO [T15] leaf pattern=002991???? got=7 saved=7
2026-05-23 14:18:14,615 INFO [T6] leaf pattern=002997???? got=10 saved=10
2026-05-23 14:18:14,657 INFO [T7] leaf pattern=002998???? got=8 saved=8
2026-05-23 14:18:14,798 INFO [T14] leaf pattern=002999???? got=0 saved=0
2026-05-23 14:18:15,187 INFO [T8] leaf pattern=009720???? got=15 saved=15
2026-05-23 14:18:15,310 INFO [T27] leaf pattern=009722???? got=10 saved=10
2026-05-23 14:18:15,331 INFO [T1] leaf pattern=009723???? got=20 saved=20
2026-05-23 14:18:15,403 INFO [T22] leaf pattern=009721???? got=25 saved=25
2026-05-23 14:18:15,519 INFO [T12] leaf pattern=009724???? got=29 saved=29
2026-05-23 14:18:15,670 INFO [T26] leaf pattern=009725???? got=24 saved=24
2026-05-23 14:18:16,099 INFO [T25] leaf pattern=009726???? got=21 saved=21
2026-05-23 14:18:16,605 INFO [T19] leaf pattern=009712???? got=24 saved=24
2026-05-23 14:18:16,749 INFO [T17] leaf pattern=009727???? got=20 saved=20
2026-05-23 14:18:17,081 INFO [T4] leaf pattern=009729???? got=27 saved=27
2026-05-23 14:18:17,339 INFO [T21] leaf pattern=009730???? got=24 saved=24
2026-05-23 14:18:17,453 INFO [T11] leaf pattern=009731???? got=22 saved=22
2026-05-23 14:18:17,488 INFO [T13] leaf pattern=009728???? got=29 saved=29
2026-05-23 14:18:17,526 INFO [T28] leaf pattern=009732???? got=24 saved=24
2026-05-23 14:18:17,817 INFO [T9] expand pattern=009714???? got=31 ≥ 30 → split into 10 children
2026-05-23 14:18:18,085 INFO [T10] leaf pattern=009735???? got=26 saved=26
2026-05-23 14:18:18,124 INFO [T24] leaf pattern=009734???? got=27 saved=27
2026-05-23 14:18:18,129 INFO [T5] leaf pattern=009733???? got=20 saved=20
2026-05-23 14:18:18,349 INFO [T2] expand pattern=009740???? got=30 ≥ 30 → split into 10 children
2026-05-23 14:18:18,361 INFO [T29] leaf pattern=009736???? got=29 saved=29
2026-05-23 14:18:18,370 INFO [T20] expand pattern=009738???? got=30 ≥ 30 → split into 10 children
2026-05-23 14:18:18,454 INFO [T3] leaf pattern=009742???? got=24 saved=24
2026-05-23 14:18:18,459 INFO [T16] leaf pattern=009739???? got=25 saved=25
2026-05-23 14:18:18,464 INFO [T23] leaf pattern=009741???? got=23 saved=23
2026-05-23 14:18:18,500 INFO [T30] leaf pattern=009743???? got=22 saved=22
2026-05-23 14:18:18,595 INFO [T15] leaf pattern=009744???? got=22 saved=22
2026-05-23 14:18:18,616 INFO [T6] leaf pattern=009745???? got=20 saved=20
2026-05-23 14:18:18,647 INFO [T18] leaf pattern=009737???? got=24 saved=24
2026-05-23 14:18:18,681 INFO [T7] leaf pattern=009746???? got=24 saved=24
2026-05-23 14:18:18,879 INFO [T14] leaf pattern=009747???? got=18 saved=18
2026-05-23 14:18:19,195 INFO [T8] leaf pattern=009748???? got=20 saved=20
2026-05-23 14:18:19,299 INFO [T1] leaf pattern=009750???? got=13 saved=13
2026-05-23 14:18:19,325 INFO [T27] leaf pattern=009749???? got=24 saved=24
2026-05-23 14:18:19,537 INFO [T22] leaf pattern=009751???? got=20 saved=20
2026-05-23 14:18:19,546 INFO [T12] leaf pattern=009752???? got=19 saved=19
2026-05-23 14:18:19,669 INFO [T26] leaf pattern=009753???? got=26 saved=26
2026-05-23 14:18:20,174 INFO [T25] leaf pattern=009754???? got=25 saved=25
2026-05-23 14:18:20,697 INFO [T17] leaf pattern=009756???? got=20 saved=20
2026-05-23 14:18:21,071 INFO [T4] leaf pattern=009757???? got=20 saved=20
2026-05-23 14:18:21,436 INFO [T11] leaf pattern=009759???? got=18 saved=18
2026-05-23 14:18:21,558 INFO [T28] leaf pattern=009771???? got=19 saved=19
2026-05-23 14:18:22,026 INFO [T9] leaf pattern=009772???? got=16 saved=16
2026-05-23 14:18:22,092 INFO [T13] leaf pattern=009770???? got=15 saved=15
2026-05-23 14:18:22,100 INFO [T10] leaf pattern=009773???? got=15 saved=15
2026-05-23 14:18:22,143 INFO [T24] leaf pattern=009774???? got=25 saved=25
2026-05-23 14:18:22,156 INFO [T21] leaf pattern=009758???? got=21 saved=21
2026-05-23 14:18:22,168 INFO [T5] leaf pattern=009775???? got=15 saved=15
2026-05-23 14:18:22,372 INFO [T3] leaf pattern=009779???? got=9 saved=9
2026-05-23 14:18:22,396 INFO [T20] leaf pattern=009778???? got=18 saved=18
2026-05-23 14:18:22,457 INFO [T23] leaf pattern=009611???? got=10 saved=10
2026-05-23 14:18:22,570 INFO [T16] leaf pattern=009610???? got=18 saved=18
2026-05-23 14:18:22,589 INFO [T2] leaf pattern=009776???? got=17 saved=17
2026-05-23 14:18:22,607 INFO [T6] leaf pattern=009614???? got=25 saved=25
2026-05-23 14:18:22,629 INFO [T18] leaf pattern=009615???? got=19 saved=19
2026-05-23 14:18:22,843 INFO [T14] leaf pattern=009617???? got=23 saved=23
2026-05-23 14:18:23,162 INFO [T8] leaf pattern=009618???? got=19 saved=19
2026-05-23 14:18:23,265 INFO [T1] leaf pattern=009619???? got=23 saved=23
2026-05-23 14:18:23,583 INFO [T12] leaf pattern=009762???? got=18 saved=18
2026-05-23 14:18:23,600 INFO [T19] leaf pattern=009755???? got=14 saved=14
2026-05-23 14:18:23,640 INFO [T22] leaf pattern=009761???? got=17 saved=17
2026-05-23 14:18:23,686 INFO [T27] leaf pattern=009760???? got=16 saved=16
2026-05-23 14:18:23,744 INFO [T26] leaf pattern=009763???? got=21 saved=21
2026-05-23 14:18:23,883 INFO [T30] leaf pattern=009612???? got=12 saved=12
2026-05-23 14:18:24,253 INFO [T25] leaf pattern=009764???? got=22 saved=22
2026-05-23 14:18:24,712 INFO [T17] leaf pattern=009765???? got=19 saved=19
2026-05-23 14:18:25,357 INFO [T4] leaf pattern=009766???? got=16 saved=16
2026-05-23 14:18:25,611 INFO [T11] leaf pattern=009767???? got=15 saved=15
2026-05-23 14:18:25,623 INFO [T28] leaf pattern=009768???? got=17 saved=17
2026-05-23 14:18:26,112 INFO [T10] leaf pattern=009791???? got=7 saved=7
2026-05-23 14:18:26,127 INFO [T13] leaf pattern=009790???? got=8 saved=8
2026-05-23 14:18:26,391 INFO [T3] leaf pattern=009795???? got=10 saved=10
2026-05-23 14:18:26,490 INFO [T23] leaf pattern=009797???? got=3 saved=3
2026-05-23 14:18:26,507 INFO [T5] leaf pattern=009794???? got=9 saved=9
2026-05-23 14:18:26,560 INFO [T2] leaf pattern=009799???? got=0 saved=0
2026-05-23 14:18:26,645 INFO [T16] leaf pattern=009798???? got=4 saved=4
2026-05-23 14:18:26,706 INFO [T20] leaf pattern=009796???? got=8 saved=8
2026-05-23 14:18:26,910 INFO [T14] leaf pattern=009602???? got=13 saved=13
2026-05-23 14:18:27,002 INFO [T24] leaf pattern=009792???? got=6 saved=6
2026-05-23 14:18:27,182 INFO [T8] leaf pattern=009603???? got=5 saved=5
2026-05-23 14:18:27,775 INFO [T26] leaf pattern=009609???? got=10 saved=10
2026-05-23 14:18:27,794 INFO [T1] leaf pattern=009604???? got=12 saved=12
2026-05-23 14:18:27,888 INFO [T30] leaf pattern=009780???? got=26 saved=26
2026-05-23 14:18:27,921 INFO [T22] leaf pattern=009607???? got=13 saved=13
2026-05-23 14:18:28,108 INFO [T19] leaf pattern=009606???? got=11 saved=11
2026-05-23 14:18:28,667 INFO [T17] leaf pattern=009782???? got=26 saved=26
2026-05-23 14:18:28,750 INFO [T25] leaf pattern=009781???? got=29 saved=29
2026-05-23 14:18:29,448 INFO [T4] leaf pattern=009783???? got=16 saved=16
2026-05-23 14:18:29,688 INFO [T28] leaf pattern=009785???? got=21 saved=21
2026-05-23 14:18:30,435 INFO [T23] leaf pattern=009789???? got=12 saved=12
2026-05-23 14:18:30,540 INFO [T3] leaf pattern=009788???? got=9 saved=9
2026-05-23 14:18:30,593 INFO [T2] leaf pattern=009691???? got=16 saved=16
2026-05-23 14:18:30,690 INFO [T16] leaf pattern=009692???? got=23 saved=23
2026-05-23 14:18:30,767 INFO [T5] leaf pattern=009690???? got=13 saved=13
2026-05-23 14:18:30,896 INFO [T14] leaf pattern=009694???? got=22 saved=22
2026-05-23 14:18:31,393 INFO [T24] leaf pattern=009695???? got=12 saved=12
2026-05-23 14:18:31,515 INFO [T18] leaf pattern=009601???? got=4 saved=4
2026-05-23 14:18:31,732 INFO [T1] leaf pattern=009698???? got=14 saved=14
2026-05-23 14:18:31,913 INFO [T15] leaf pattern=009613???? got=22 saved=22
2026-05-23 14:18:32,039 INFO [T29] leaf pattern=009777???? got=3 saved=3
2026-05-23 14:18:32,137 INFO [T6] leaf pattern=009600???? got=4 saved=4
2026-05-23 14:18:32,140 INFO [T21] leaf pattern=009793???? got=5 saved=5
2026-05-23 14:18:32,162 INFO [T19] leaf pattern=009651???? got=24 saved=24
2026-05-23 14:18:32,171 INFO [T22] leaf pattern=009650???? got=16 saved=16
2026-05-23 14:18:32,187 INFO [T9] leaf pattern=009769???? got=27 saved=27
2026-05-23 14:18:32,204 INFO [T12] leaf pattern=009605???? got=15 saved=15
2026-05-23 14:18:32,255 INFO [T7] leaf pattern=009616???? got=17 saved=17
2026-05-23 14:18:32,369 INFO [T8] leaf pattern=009696???? got=5 saved=5
2026-05-23 14:18:32,411 INFO [T13] leaf pattern=009787???? got=13 saved=13
2026-05-23 14:18:32,732 INFO [T25] leaf pattern=009653???? got=16 saved=16
2026-05-23 14:18:33,468 INFO [T4] leaf pattern=009654???? got=27 saved=27
2026-05-23 14:18:33,755 INFO [T28] leaf pattern=009655???? got=9 saved=9
2026-05-23 14:18:34,577 INFO [T23] leaf pattern=009656???? got=19 saved=19
2026-05-23 14:18:34,713 INFO [T3] leaf pattern=009657???? got=19 saved=19
2026-05-23 14:18:34,978 INFO [T2] leaf pattern=009658???? got=22 saved=22
2026-05-23 14:18:35,056 INFO [T5] leaf pattern=009620???? got=18 saved=18
2026-05-23 14:18:35,423 INFO [T14] leaf pattern=009621???? got=21 saved=21
2026-05-23 14:18:35,477 INFO [T18] leaf pattern=009623???? got=15 saved=15
2026-05-23 14:18:35,955 INFO [T15] leaf pattern=009625???? got=19 saved=19
2026-05-23 14:18:36,068 INFO [T19] leaf pattern=009629???? got=23 saved=23
2026-05-23 14:18:36,075 INFO [T29] leaf pattern=009626???? got=19 saved=19
2026-05-23 14:18:36,095 INFO [T21] leaf pattern=009628???? got=18 saved=18
2026-05-23 14:18:36,134 INFO [T6] leaf pattern=009627???? got=21 saved=21
2026-05-23 14:18:36,212 INFO [T12] leaf pattern=009662???? got=18 saved=18
2026-05-23 14:18:36,240 INFO [T22] leaf pattern=009660???? got=14 saved=14
2026-05-23 14:18:36,314 INFO [T7] leaf pattern=009663???? got=10 saved=10
2026-05-23 14:18:36,319 INFO [T9] leaf pattern=009661???? got=12 saved=12
2026-05-23 14:18:36,407 INFO [T8] leaf pattern=009664???? got=18 saved=18
2026-05-23 14:18:36,433 INFO [T13] leaf pattern=009665???? got=12 saved=12
2026-05-23 14:18:36,714 INFO [T25] leaf pattern=009666???? got=2 saved=2
2026-05-23 14:18:37,525 INFO [T4] leaf pattern=009667???? got=15 saved=15
2026-05-23 14:18:38,102 INFO [T28] leaf pattern=009668???? got=7 saved=7
2026-05-23 14:18:38,593 INFO [T23] leaf pattern=009669???? got=8 saved=8
2026-05-23 14:18:39,038 INFO [T2] leaf pattern=009801???? got=8 saved=8
2026-05-23 14:18:39,515 INFO [T18] leaf pattern=009804???? got=10 saved=10
2026-05-23 14:18:39,549 INFO [T5] leaf pattern=009802???? got=5 saved=5
2026-05-23 14:18:40,058 INFO [T29] leaf pattern=009807???? got=4 saved=4
2026-05-23 14:18:40,082 INFO [T21] leaf pattern=009808???? got=4 saved=4
2026-05-23 14:18:40,121 INFO [T6] leaf pattern=009809???? got=9 saved=9
2026-05-23 14:18:40,198 INFO [T12] leaf pattern=009670???? got=26 saved=26
2026-05-23 14:18:40,334 INFO [T7] leaf pattern=009672???? got=21 saved=21
2026-05-23 14:18:40,346 INFO [T22] leaf pattern=009671???? got=21 saved=21
2026-05-23 14:18:40,393 INFO [T9] expand pattern=009673???? got=30 ≥ 30 → split into 10 children
2026-05-23 14:18:40,407 INFO [T8] leaf pattern=009674???? got=23 saved=23
2026-05-23 14:18:40,436 INFO [T13] leaf pattern=009675???? got=18 saved=18
2026-05-23 14:18:40,752 INFO [T25] leaf pattern=009676???? got=17 saved=17
2026-05-23 14:18:41,544 INFO [T4] leaf pattern=009677???? got=17 saved=17
2026-05-23 14:18:41,687 WARNING [T27] ReadTimeout attempt=1/3 pattern=009608????: HTTPSConnectionPool(host='vietteltelecom.vn', port=443): Read timed out. (read timeout=15)
2026-05-23 14:18:41,688 INFO [T27] rotate IP 5adf46f0 → 492bfe05
2026-05-23 14:18:42,561 INFO [T19] leaf pattern=009806???? got=17 saved=17
2026-05-23 14:18:42,603 INFO [T23] leaf pattern=009679???? got=21 saved=21
2026-05-23 14:18:43,171 INFO [T2] leaf pattern=009630???? got=19 saved=19
2026-05-23 14:18:43,242 INFO [T10] leaf pattern=009786???? got=17 saved=17
2026-05-23 14:18:43,568 INFO [T5] leaf pattern=009632???? got=21 saved=21
2026-05-23 14:18:43,615 WARNING [T11] ReadTimeout attempt=1/3 pattern=009784????: HTTPSConnectionPool(host='vietteltelecom.vn', port=443): Read timed out. (read timeout=15)
2026-05-23 14:18:43,616 INFO [T11] rotate IP c7006074 → 0f55448f
2026-05-23 14:18:44,049 INFO [T14] leaf pattern=009803???? got=12 saved=12
2026-05-23 14:18:44,062 INFO [T29] leaf pattern=009633???? got=11 saved=11
2026-05-23 14:18:44,126 INFO [T30] leaf pattern=009699???? got=4 saved=4
2026-05-23 14:18:44,228 INFO [T6] leaf pattern=009635???? got=21 saved=21
2026-05-23 14:18:44,242 INFO [T21] leaf pattern=009634???? got=24 saved=24
2026-05-23 14:18:44,310 INFO [T20] leaf pattern=009693???? got=19 saved=19
2026-05-23 14:18:44,324 INFO [T12] leaf pattern=009636???? got=20 saved=20
2026-05-23 14:18:44,395 INFO [T27] D1N refreshed afe04b86032c9b92…
2026-05-23 14:18:44,437 INFO [T16] leaf pattern=009659???? got=18 saved=18
2026-05-23 14:18:44,505 INFO [T9] leaf pattern=009639???? got=21 saved=21
2026-05-23 14:18:44,513 INFO [T17] leaf pattern=009652???? got=18 saved=18
2026-05-23 14:18:44,565 INFO [T24] leaf pattern=009622???? got=13 saved=13
2026-05-23 14:18:44,593 INFO [T13] leaf pattern=009641???? got=27 saved=27
2026-05-23 14:18:44,653 INFO [T22] leaf pattern=009638???? got=27 saved=27
2026-05-23 14:18:44,732 INFO [T25] leaf pattern=009642???? got=26 saved=26
2026-05-23 14:18:44,747 INFO [T3] leaf pattern=009800???? got=6 saved=6
2026-05-23 14:18:44,765 INFO [T8] leaf pattern=009640???? got=29 saved=29
2026-05-23 14:18:44,853 ERROR [T7] fetch failed pattern=009637????: errorCode=500 msg=
2026-05-23 14:18:44,872 ERROR [T28] fetch failed pattern=009678????: errorCode=500 msg=
2026-05-23 14:18:44,886 ERROR [T18] fetch failed pattern=009631????: errorCode=500 msg=
2026-05-23 14:18:45,069 ERROR [T1] fetch failed pattern=009624????: errorCode=500 msg=
2026-05-23 14:18:45,192 ERROR [T26] fetch failed pattern=009697????: errorCode=500 msg=
2026-05-23 14:18:45,204 ERROR [T15] fetch failed pattern=009805????: errorCode=500 msg=
2026-05-23 14:18:45,595 INFO [T4] leaf pattern=009643???? got=24 saved=24
2026-05-23 14:18:46,468 INFO [T11] D1N refreshed 732b99d5cd0a7698…
2026-05-23 14:18:46,555 INFO [T19] leaf pattern=009644???? got=25 saved=25
2026-05-23 14:18:47,120 INFO [T23] leaf pattern=009645???? got=25 saved=25
2026-05-23 14:18:47,194 INFO [T10] leaf pattern=009647???? got=24 saved=24
2026-05-23 14:18:47,236 INFO [T2] leaf pattern=009646???? got=21 saved=21
2026-05-23 14:18:47,612 INFO [T5] leaf pattern=009648???? got=26 saved=26
2026-05-23 14:18:48,123 INFO [T30] leaf pattern=009811???? got=10 saved=10
2026-05-23 14:18:48,153 INFO [T6] leaf pattern=009812???? got=15 saved=15
2026-05-23 14:18:48,175 INFO [T21] leaf pattern=009813???? got=17 saved=17
2026-05-23 14:18:48,255 INFO [T14] leaf pattern=009649???? got=26 saved=26
2026-05-23 14:18:48,342 INFO [T20] leaf pattern=009814???? got=21 saved=21
2026-05-23 14:18:48,368 INFO [T12] leaf pattern=009815???? got=22 saved=22
2026-05-23 14:18:48,438 INFO [T16] leaf pattern=009816???? got=19 saved=19
2026-05-23 14:18:48,456 INFO [T17] leaf pattern=009818???? got=8 saved=8
2026-05-23 14:18:48,570 INFO [T9] leaf pattern=009817???? got=22 saved=22
2026-05-23 14:18:48,597 INFO [T29] leaf pattern=009810???? got=19 saved=19
2026-05-23 14:18:48,747 INFO [T22] leaf pattern=009681???? got=24 saved=24
2026-05-23 14:18:48,752 INFO [T25] leaf pattern=009682???? got=22 saved=22
2026-05-23 14:18:48,827 INFO [T24] leaf pattern=009819???? got=18 saved=18
2026-05-23 14:18:48,841 INFO [T8] leaf pattern=009684???? got=27 saved=27
2026-05-23 14:18:48,850 INFO [T13] leaf pattern=009680???? got=19 saved=19
2026-05-23 14:18:48,858 INFO [T7] leaf pattern=009685???? got=24 saved=24
2026-05-23 14:18:48,882 INFO [T18] leaf pattern=009687???? got=16 saved=16
2026-05-23 14:18:48,918 INFO [T28] leaf pattern=009686???? got=10 saved=10
2026-05-23 14:18:49,040 INFO [T3] leaf pattern=009683???? got=26 saved=26
2026-05-23 14:18:49,065 INFO [T1] leaf pattern=009688???? got=13 saved=13
2026-05-23 14:18:49,192 INFO [T15] leaf pattern=009840???? got=26 saved=26
2026-05-23 14:18:49,316 INFO [T26] leaf pattern=009689???? got=17 saved=17
2026-05-23 14:18:49,629 INFO [T4] leaf pattern=009841???? got=24 saved=24
2026-05-23 14:18:49,917 INFO [T27] leaf pattern=009608???? got=7 saved=7
2026-05-23 14:18:50,579 INFO [T19] leaf pattern=009842???? got=26 saved=26
2026-05-23 14:18:51,112 INFO [T23] leaf pattern=009843???? got=19 saved=19
2026-05-23 14:18:51,273 INFO [T2] leaf pattern=009845???? got=19 saved=19
2026-05-23 14:18:51,386 INFO [T10] leaf pattern=009844???? got=13 saved=13
2026-05-23 14:18:51,650 INFO [T11] leaf pattern=009784???? got=29 saved=29
2026-05-23 14:18:51,743 INFO [T5] leaf pattern=009846???? got=18 saved=18
2026-05-23 14:18:52,117 INFO [T6] leaf pattern=009848???? got=18 saved=18
2026-05-23 14:18:52,186 INFO [T30] leaf pattern=009847???? got=15 saved=15
2026-05-23 14:18:52,245 INFO [T21] leaf pattern=009849???? got=21 saved=21
2026-05-23 14:18:52,324 INFO [T14] leaf pattern=009830???? got=9 saved=9
2026-05-23 14:18:52,332 INFO [T20] leaf pattern=009831???? got=12 saved=12
2026-05-23 14:18:52,389 INFO [T12] leaf pattern=009832???? got=14 saved=14
2026-05-23 14:18:52,526 INFO [T17] leaf pattern=009834???? got=14 saved=14
2026-05-23 14:18:52,566 INFO [T29] leaf pattern=009836???? got=21 saved=21
2026-05-23 14:18:52,634 INFO [T16] leaf pattern=009833???? got=16 saved=16
2026-05-23 14:18:52,667 INFO [T9] leaf pattern=009835???? got=17 saved=17
2026-05-23 14:18:52,770 INFO [T24] leaf pattern=009839???? got=9 saved=9
2026-05-23 14:18:52,808 INFO [T7] leaf pattern=009822???? got=8 saved=8
2026-05-23 14:18:52,816 INFO [T25] leaf pattern=009838???? got=18 saved=18
2026-05-23 14:18:52,918 INFO [T28] leaf pattern=009824???? got=26 saved=26
2026-05-23 14:18:53,002 INFO [T22] leaf pattern=009837???? got=14 saved=14
2026-05-23 14:18:53,022 INFO [T8] leaf pattern=009820???? got=17 saved=17
2026-05-23 14:18:53,072 INFO [T1] leaf pattern=009826???? got=9 saved=9
2026-05-23 14:18:53,103 INFO [T3] leaf pattern=009825???? got=14 saved=14
2026-05-23 14:18:53,188 INFO [T13] leaf pattern=009821???? got=14 saved=14
2026-05-23 14:18:53,318 INFO [T15] leaf pattern=009827???? got=10 saved=10
2026-05-23 14:18:53,323 INFO [T18] leaf pattern=009823???? got=6 saved=6
2026-05-23 14:18:53,496 INFO [T26] leaf pattern=009828???? got=6 saved=6
2026-05-23 14:18:53,962 INFO [T27] leaf pattern=009850???? got=17 saved=17
2026-05-23 14:18:54,112 INFO [T4] leaf pattern=009829???? got=18 saved=18
2026-05-23 14:18:54,806 INFO [T19] leaf pattern=009851???? got=15 saved=15
2026-05-23 14:18:55,077 INFO [T23] leaf pattern=009852???? got=11 saved=11
2026-05-23 14:18:55,330 INFO [T2] leaf pattern=009853???? got=20 saved=20
2026-05-23 14:18:55,566 INFO [T10] leaf pattern=009854???? got=23 saved=23
2026-05-23 14:18:55,663 INFO [T11] leaf pattern=009855???? got=9 saved=9
2026-05-23 14:18:55,815 INFO [T5] leaf pattern=009856???? got=12 saved=12
2026-05-23 14:18:56,156 INFO [T30] leaf pattern=009858???? got=13 saved=13
2026-05-23 14:18:56,173 INFO [T6] leaf pattern=009857???? got=17 saved=17
2026-05-23 14:18:56,255 INFO [T21] leaf pattern=009859???? got=19 saved=19
2026-05-23 14:18:56,418 INFO [T14] leaf pattern=009860???? got=13 saved=13
2026-05-23 14:18:56,424 INFO [T20] leaf pattern=009861???? got=15 saved=15
2026-05-23 14:18:56,541 INFO [T17] leaf pattern=009863???? got=19 saved=19
2026-05-23 14:18:56,577 INFO [T29] leaf pattern=009864???? got=24 saved=24
2026-05-23 14:18:56,694 INFO [T16] leaf pattern=009865???? got=17 saved=17
2026-05-23 14:18:56,761 INFO [T9] leaf pattern=009866???? got=8 saved=8
2026-05-23 14:18:56,766 INFO [T7] leaf pattern=009868???? got=2 saved=2
2026-05-23 14:18:56,815 INFO [T25] leaf pattern=009869???? got=9 saved=9
2026-05-23 14:18:56,987 INFO [T28] leaf pattern=009890???? got=16 saved=16
2026-05-23 14:18:57,047 INFO [T8] leaf pattern=009892???? got=7 saved=7
2026-05-23 14:18:57,060 INFO [T24] leaf pattern=009867???? got=6 saved=6
2026-05-23 14:18:57,089 INFO [T3] leaf pattern=009894???? got=20 saved=20
2026-05-23 14:18:57,182 INFO [T1] leaf pattern=009893???? got=10 saved=10
2026-05-23 14:18:57,196 INFO [T22] leaf pattern=009891???? got=11 saved=11
2026-05-23 14:18:57,222 INFO [T15] leaf pattern=009896???? got=3 saved=3
2026-05-23 14:18:57,328 INFO [T18] leaf pattern=009897???? got=10 saved=10
2026-05-23 14:18:57,527 INFO [T26] leaf pattern=009898???? got=3 saved=3
2026-05-23 14:18:57,756 INFO [T12] leaf pattern=009862???? got=16 saved=16
2026-05-23 14:18:57,925 INFO [T27] leaf pattern=009899???? got=4 saved=4
2026-05-23 14:18:58,034 INFO [T13] leaf pattern=009895???? got=12 saved=12
2026-05-23 14:18:58,103 INFO [T4] leaf pattern=009880???? got=11 saved=11
2026-05-23 14:18:58,829 INFO [T19] leaf pattern=009881???? got=7 saved=7
2026-05-23 14:18:59,053 INFO [T23] leaf pattern=009882???? got=9 saved=9
2026-05-23 14:18:59,372 INFO [T2] leaf pattern=009883???? got=12 saved=12
2026-05-23 14:18:59,526 INFO [T10] leaf pattern=009884???? got=18 saved=18
2026-05-23 14:18:59,687 INFO [T11] leaf pattern=009885???? got=12 saved=12
2026-05-23 14:18:59,929 INFO [T5] leaf pattern=009886???? got=13 saved=13
2026-05-23 14:19:00,120 INFO [T30] leaf pattern=009887???? got=10 saved=10
2026-05-23 14:19:00,242 INFO [T21] leaf pattern=009889???? got=3 saved=3
2026-05-23 14:19:00,280 INFO [T6] leaf pattern=009888???? got=0 saved=0
2026-05-23 14:19:00,396 INFO [T20] leaf pattern=004201???? got=8 saved=8
2026-05-23 14:19:00,445 INFO [T14] leaf pattern=004200???? got=1 saved=1
2026-05-23 14:19:00,641 INFO [T29] leaf pattern=004203???? got=8 saved=8
2026-05-23 14:19:00,741 INFO [T16] leaf pattern=004204???? got=8 saved=8
2026-05-23 14:19:00,760 INFO [T9] leaf pattern=004205???? got=13 saved=13
2026-05-23 14:19:00,764 INFO [T7] leaf pattern=004206???? got=10 saved=10
2026-05-23 14:19:00,888 INFO [T25] leaf pattern=004207???? got=11 saved=11
2026-05-23 14:19:01,000 INFO [T28] leaf pattern=004208???? got=6 saved=6
2026-05-23 14:19:01,024 INFO [T3] leaf pattern=004221???? got=5 saved=5
2026-05-23 14:19:01,039 INFO [T17] leaf pattern=004202???? got=5 saved=5
2026-05-23 14:19:01,062 INFO [T8] leaf pattern=004209???? got=12 saved=12
2026-05-23 14:19:01,183 INFO [T1] leaf pattern=004222???? got=0 saved=0
2026-05-23 14:19:01,200 INFO [T15] leaf pattern=004224???? got=5 saved=5
2026-05-23 14:19:01,263 INFO [T24] leaf pattern=004220???? got=7 saved=7
2026-05-23 14:19:01,377 INFO [T22] leaf pattern=004223???? got=8 saved=8
2026-05-23 14:19:01,391 INFO [T18] leaf pattern=004225???? got=14 saved=14
2026-05-23 14:19:01,624 INFO [T26] leaf pattern=004226???? got=4 saved=4
2026-05-23 14:19:01,946 INFO [T12] leaf pattern=004227???? got=6 saved=6
2026-05-23 14:19:02,016 INFO [T27] leaf pattern=004228???? got=5 saved=5
2026-05-23 14:19:02,068 INFO [T13] leaf pattern=004229???? got=8 saved=8
2026-05-23 14:19:02,115 INFO [T4] leaf pattern=004210???? got=10 saved=10
2026-05-23 14:19:02,867 INFO [T19] leaf pattern=004211???? got=1 saved=1
2026-05-23 14:19:03,059 INFO [T23] leaf pattern=004212???? got=4 saved=4
2026-05-23 14:19:03,445 INFO [T2] leaf pattern=004213???? got=10 saved=10
2026-05-23 14:19:03,532 INFO [T10] leaf pattern=004214???? got=16 saved=16
2026-05-23 14:19:03,812 INFO [T11] leaf pattern=004215???? got=18 saved=18
2026-05-23 14:19:04,087 INFO [T30] leaf pattern=004217???? got=13 saved=13
2026-05-23 14:19:04,138 INFO [T5] leaf pattern=004216???? got=6 saved=6
2026-05-23 14:19:04,300 INFO [T6] leaf pattern=004219???? got=7 saved=7
2026-05-23 14:19:04,412 INFO [T21] leaf pattern=004218???? got=15 saved=15
2026-05-23 14:19:04,481 INFO [T20] leaf pattern=004230???? got=11 saved=11
2026-05-23 14:19:04,653 INFO [T29] leaf pattern=004232???? got=8 saved=8
2026-05-23 14:19:04,828 INFO [T9] leaf pattern=004234???? got=6 saved=6
2026-05-23 14:19:04,873 INFO [T16] leaf pattern=004233???? got=5 saved=5
2026-05-23 14:19:04,892 INFO [T25] leaf pattern=004236???? got=8 saved=8
2026-05-23 14:19:04,904 INFO [T7] leaf pattern=004235???? got=13 saved=13
2026-05-23 14:19:04,963 INFO [T14] leaf pattern=004231???? got=13 saved=13
2026-05-23 14:19:05,021 INFO [T3] leaf pattern=004238???? got=11 saved=11
2026-05-23 14:19:05,038 INFO [T28] leaf pattern=004237???? got=8 saved=8
2026-05-23 14:19:05,050 INFO [T8] leaf pattern=009870???? got=21 saved=21
2026-05-23 14:19:05,064 INFO [T17] leaf pattern=004239???? got=7 saved=7
2026-05-23 14:19:05,124 INFO [T1] leaf pattern=009871???? got=21 saved=21
2026-05-23 14:19:05,141 INFO [T15] leaf pattern=009872???? got=18 saved=18
2026-05-23 14:19:05,273 INFO [T24] leaf pattern=009873???? got=23 saved=23
2026-05-23 14:19:05,372 INFO [T18] leaf pattern=009875???? got=21 saved=21
2026-05-23 14:19:05,508 INFO [T22] leaf pattern=009874???? got=14 saved=14
2026-05-23 14:19:05,688 INFO [T26] leaf pattern=009876???? got=7 saved=7
2026-05-23 14:19:06,000 INFO [T12] leaf pattern=009877???? got=10 saved=10
2026-05-23 14:19:06,074 INFO [T13] leaf pattern=009879???? got=20 saved=20
2026-05-23 14:19:06,237 INFO [T4] leaf pattern=004250???? got=9 saved=9
2026-05-23 14:19:06,824 INFO [T19] leaf pattern=004251???? got=7 saved=7
2026-05-23 14:19:07,003 INFO [T23] leaf pattern=004252???? got=7 saved=7
2026-05-23 14:19:07,011 INFO [T27] leaf pattern=009878???? got=19 saved=19
2026-05-23 14:19:07,494 INFO [T10] leaf pattern=004254???? got=7 saved=7
2026-05-23 14:19:07,509 INFO [T2] leaf pattern=004253???? got=10 saved=10
2026-05-23 14:19:07,843 INFO [T11] leaf pattern=004255???? got=2 saved=2
2026-05-23 14:19:08,071 INFO [T30] leaf pattern=004256???? got=1 saved=1
2026-05-23 14:19:08,229 INFO [T5] leaf pattern=004257???? got=5 saved=5
2026-05-23 14:19:08,425 INFO [T21] leaf pattern=004259???? got=9 saved=9
2026-05-23 14:19:08,484 INFO [T6] leaf pattern=004258???? got=5 saved=5
2026-05-23 14:19:08,597 INFO [T20] leaf pattern=004240???? got=1 saved=1
2026-05-23 14:19:08,892 INFO [T25] leaf pattern=004244???? got=4 saved=4
2026-05-23 14:19:08,913 INFO [T7] leaf pattern=004245???? got=11 saved=11
2026-05-23 14:19:08,956 INFO [T29] leaf pattern=004241???? got=7 saved=7
2026-05-23 14:19:09,078 INFO [T17] leaf pattern=004280???? got=11 saved=11
2026-05-23 14:19:09,082 INFO [T8] leaf pattern=004249???? got=10 saved=10
2026-05-23 14:19:09,085 INFO [T28] leaf pattern=004248???? got=7 saved=7
2026-05-23 14:19:09,090 INFO [T3] leaf pattern=004247???? got=5 saved=5
2026-05-23 14:19:09,152 INFO [T14] leaf pattern=004246???? got=9 saved=9
2026-05-23 14:19:09,198 INFO [T9] leaf pattern=004242???? got=1 saved=1
2026-05-23 14:19:09,203 INFO [T15] leaf pattern=004282???? got=8 saved=8
2026-05-23 14:19:09,209 INFO [T16] leaf pattern=004243???? got=7 saved=7
2026-05-23 14:19:09,213 INFO [T1] leaf pattern=004281???? got=9 saved=9
2026-05-23 14:19:09,302 INFO [T24] leaf pattern=004283???? got=7 saved=7
2026-05-23 14:19:09,383 INFO [T18] leaf pattern=004284???? got=15 saved=15
2026-05-23 14:19:09,593 INFO [T22] leaf pattern=004285???? got=10 saved=10
2026-05-23 14:19:09,681 INFO [T26] leaf pattern=004286???? got=5 saved=5
2026-05-23 14:19:10,277 INFO [T4] leaf pattern=004289???? got=19 saved=19
2026-05-23 14:19:10,326 INFO [T13] leaf pattern=004288???? got=5 saved=5
2026-05-23 14:19:10,760 INFO [T19] leaf pattern=004260???? got=9 saved=9
2026-05-23 14:19:11,037 INFO [T27] leaf pattern=004262???? got=4 saved=4
2026-05-23 14:19:11,383 INFO [T23] leaf pattern=004261???? got=14 saved=14
2026-05-23 14:19:11,424 INFO [T12] leaf pattern=004287???? got=9 saved=9
2026-05-23 14:19:11,494 INFO [T10] leaf pattern=004263???? got=6 saved=6
2026-05-23 14:19:11,532 INFO [T2] leaf pattern=004264???? got=11 saved=11
2026-05-23 14:19:11,834 INFO [T11] leaf pattern=004265???? got=10 saved=10
2026-05-23 14:19:12,058 INFO [T30] leaf pattern=004266???? got=8 saved=8
2026-05-23 14:19:12,247 INFO [T5] leaf pattern=004267???? got=6 saved=6
2026-05-23 14:19:12,472 INFO [T21] leaf pattern=004268???? got=7 saved=7
2026-05-23 14:19:12,694 INFO [T6] leaf pattern=004269???? got=6 saved=6
2026-05-23 14:19:12,927 INFO [T25] leaf pattern=004291???? got=9 saved=9
2026-05-23 14:19:13,011 INFO [T8] leaf pattern=004295???? got=13 saved=13
2026-05-23 14:19:13,024 INFO [T20] leaf pattern=004290???? got=7 saved=7
2026-05-23 14:19:13,060 INFO [T7] leaf pattern=004292???? got=9 saved=9
2026-05-23 14:19:13,092 INFO [T17] leaf pattern=004294???? got=6 saved=6
2026-05-23 14:19:13,104 INFO [T1] leaf pattern=009952???? got=8 saved=8
2026-05-23 14:19:13,110 INFO [T28] leaf pattern=004296???? got=8 saved=8
2026-05-23 14:19:13,124 INFO [T29] leaf pattern=004293???? got=9 saved=9
2026-05-23 14:19:13,141 INFO [T3] leaf pattern=004297???? got=12 saved=12
2026-05-23 14:19:13,180 INFO [T16] leaf pattern=009951???? got=4 saved=4
2026-05-23 14:19:13,196 INFO [T14] leaf pattern=004298???? got=12 saved=12
2026-05-23 14:19:13,223 INFO [T15] leaf pattern=009950???? got=10 saved=10
2026-05-23 14:19:13,227 INFO [T9] leaf pattern=004299???? got=1 saved=1
2026-05-23 14:19:13,285 INFO [T24] leaf pattern=009953???? got=14 saved=14
2026-05-23 14:19:13,363 INFO [T18] leaf pattern=009954???? got=8 saved=8
2026-05-23 14:19:13,794 INFO [T26] leaf pattern=009956???? got=2 saved=2
2026-05-23 14:19:14,030 INFO [T22] leaf pattern=009955???? got=0 saved=0
2026-05-23 14:19:14,289 INFO [T4] leaf pattern=009957???? got=3 saved=3
2026-05-23 14:19:14,743 INFO [T19] leaf pattern=009959???? got=4 saved=4
2026-05-23 14:19:15,053 INFO [T27] leaf pattern=004270???? got=13 saved=13
2026-05-23 14:19:15,345 INFO [T23] leaf pattern=004271???? got=11 saved=11
2026-05-23 14:19:15,369 INFO [T13] leaf pattern=009958???? got=3 saved=3
2026-05-23 14:19:15,532 INFO [T10] leaf pattern=004273???? got=11 saved=11
2026-05-23 14:19:15,606 INFO [T2] leaf pattern=004274???? got=10 saved=10
2026-05-23 14:19:15,619 INFO [T12] leaf pattern=004272???? got=8 saved=8
2026-05-23 14:19:15,935 INFO [T11] leaf pattern=004275???? got=11 saved=11
2026-05-23 14:19:16,034 INFO [T30] leaf pattern=004276???? got=11 saved=11
2026-05-23 14:19:16,321 INFO [T5] leaf pattern=004277???? got=3 saved=3
2026-05-23 14:19:16,390 INFO [T21] leaf pattern=004278???? got=12 saved=12
2026-05-23 14:19:16,673 INFO [T6] leaf pattern=004279???? got=15 saved=15
2026-05-23 14:19:16,935 INFO [T25] leaf pattern=009940???? got=11 saved=11
2026-05-23 14:19:17,009 INFO [T20] leaf pattern=009942???? got=10 saved=10
2026-05-23 14:19:17,014 INFO [T8] leaf pattern=009941???? got=13 saved=13
2026-05-23 14:19:17,088 INFO [T29] leaf pattern=009947???? got=22 saved=22
2026-05-23 14:19:17,099 INFO [T7] leaf pattern=009943???? got=10 saved=10
2026-05-23 14:19:17,115 INFO [T17] leaf pattern=009944???? got=3 saved=3
2026-05-23 14:19:17,133 INFO [T3] leaf pattern=009948???? got=22 saved=22
2026-05-23 14:19:17,147 INFO [T28] leaf pattern=009946???? got=13 saved=13
2026-05-23 14:19:17,191 INFO [T15] leaf pattern=009431???? got=11 saved=11
2026-05-23 14:19:17,229 INFO [T16] leaf pattern=009949???? got=10 saved=10
2026-05-23 14:19:17,262 INFO [T1] leaf pattern=009945???? got=12 saved=12
2026-05-23 14:19:17,296 INFO [T14] leaf pattern=009430???? got=8 saved=8
2026-05-23 14:19:17,313 INFO [T24] leaf pattern=009433???? got=8 saved=8
2026-05-23 14:19:17,393 INFO [T18] leaf pattern=009434???? got=12 saved=12
2026-05-23 14:19:17,413 INFO [T9] leaf pattern=009432???? got=13 saved=13
2026-05-23 14:19:17,910 INFO [T26] leaf pattern=009435???? got=16 saved=16
2026-05-23 14:19:18,063 INFO [T22] leaf pattern=009436???? got=16 saved=16
2026-05-23 14:19:18,311 INFO [T4] leaf pattern=009437???? got=10 saved=10
2026-05-23 14:19:18,700 INFO [T19] leaf pattern=009438???? got=6 saved=6
2026-05-23 14:19:19,049 INFO [T27] leaf pattern=009439???? got=10 saved=10
2026-05-23 14:19:19,325 INFO [T23] leaf pattern=009420???? got=7 saved=7
2026-05-23 14:19:19,350 INFO [T13] leaf pattern=009421???? got=9 saved=9
2026-05-23 14:19:19,489 INFO [T10] leaf pattern=009422???? got=6 saved=6
2026-05-23 14:19:19,588 INFO [T2] leaf pattern=009423???? got=11 saved=11
2026-05-23 14:19:19,643 INFO [T12] leaf pattern=009424???? got=11 saved=11
2026-05-23 14:19:19,974 INFO [T11] leaf pattern=009425???? got=11 saved=11
2026-05-23 14:19:20,011 INFO [T30] leaf pattern=009426???? got=8 saved=8
2026-05-23 14:19:20,425 INFO [T5] leaf pattern=009427???? got=10 saved=10
2026-05-23 14:19:20,467 INFO [T21] leaf pattern=009428???? got=8 saved=8
2026-05-23 14:19:20,680 INFO [T6] leaf pattern=009429???? got=13 saved=13
2026-05-23 14:19:20,905 INFO [T20] leaf pattern=009411???? got=4 saved=4
2026-05-23 14:19:20,993 INFO [T29] leaf pattern=009413???? got=14 saved=14
2026-05-23 14:19:21,033 INFO [T25] leaf pattern=009410???? got=10 saved=10
2026-05-23 14:19:21,054 INFO [T17] leaf pattern=009415???? got=10 saved=10
2026-05-23 14:19:21,075 INFO [T7] leaf pattern=009414???? got=19 saved=19
2026-05-23 14:19:21,156 INFO [T3] leaf pattern=009416???? got=19 saved=19
2026-05-23 14:19:21,161 INFO [T15] leaf pattern=009418???? got=13 saved=13
2026-05-23 14:19:21,205 INFO [T28] leaf pattern=009417???? got=8 saved=8
2026-05-23 14:19:21,247 INFO [T1] leaf pattern=009970???? got=5 saved=5
2026-05-23 14:19:21,294 INFO [T8] leaf pattern=009412???? got=9 saved=9
2026-05-23 14:19:21,311 INFO [T24] leaf pattern=009972???? got=3 saved=3
2026-05-23 14:19:21,334 INFO [T14] leaf pattern=009971???? got=9 saved=9
2026-05-23 14:19:21,366 INFO [T18] leaf pattern=009973???? got=9 saved=9
2026-05-23 14:19:21,490 INFO [T9] leaf pattern=009974???? got=6 saved=6
2026-05-23 14:19:21,554 INFO [T16] leaf pattern=009419???? got=8 saved=8
2026-05-23 14:19:21,916 INFO [T26] leaf pattern=009975???? got=7 saved=7
2026-05-23 14:19:22,079 INFO [T22] leaf pattern=009976???? got=2 saved=2
2026-05-23 14:19:22,365 INFO [T4] leaf pattern=009977???? got=0 saved=0
2026-05-23 14:19:22,690 INFO [T19] leaf pattern=009978???? got=6 saved=6
2026-05-23 14:19:23,039 INFO [T27] leaf pattern=009979???? got=4 saved=4
2026-05-23 14:19:23,249 INFO [T23] leaf pattern=009400???? got=7 saved=7
2026-05-23 14:19:23,445 INFO [T13] leaf pattern=009401???? got=17 saved=17
2026-05-23 14:19:23,611 INFO [T2] leaf pattern=009403???? got=23 saved=23
2026-05-23 14:19:23,634 INFO [T12] leaf pattern=009404???? got=7 saved=7
2026-05-23 14:19:23,759 INFO [T10] leaf pattern=009402???? got=16 saved=16
2026-05-23 14:19:24,011 INFO [T30] leaf pattern=009406???? got=12 saved=12
2026-05-23 14:19:24,032 INFO [T11] leaf pattern=009405???? got=7 saved=7
2026-05-23 14:19:24,500 INFO [T5] leaf pattern=009407???? got=18 saved=18
2026-05-23 14:19:24,505 INFO [T21] leaf pattern=009408???? got=12 saved=12
2026-05-23 14:19:24,669 WARNING [T20] ec=1 rate limited, rotating IP
2026-05-23 14:19:24,669 INFO [T20] rotate IP d00f8c73 → f1d4f676
2026-05-23 14:19:24,814 INFO [T6] leaf pattern=009409???? got=9 saved=9
2026-05-23 14:19:24,946 INFO [T29] leaf pattern=009461???? got=20 saved=20
2026-05-23 14:19:25,000 INFO [T17] leaf pattern=009463???? got=20 saved=20
2026-05-23 14:19:25,064 INFO [T25] leaf pattern=009462???? got=20 saved=20
2026-05-23 14:19:25,077 INFO [T7] leaf pattern=009464???? got=23 saved=23
2026-05-23 14:19:25,135 INFO [T3] leaf pattern=009465???? got=17 saved=17
2026-05-23 14:19:25,215 INFO [T15] leaf pattern=009466???? got=7 saved=7
2026-05-23 14:19:25,228 INFO [T1] leaf pattern=009468???? got=8 saved=8
2026-05-23 14:19:25,236 INFO [T28] leaf pattern=009467???? got=17 saved=17
2026-05-23 14:19:25,313 INFO [T8] expand pattern=009469???? got=30 ≥ 30 → split into 10 children
2026-05-23 14:19:25,327 INFO [T24] leaf pattern=009450???? got=16 saved=16
2026-05-23 14:19:25,340 INFO [T18] leaf pattern=009452???? got=10 saved=10
2026-05-23 14:19:25,486 INFO [T14] leaf pattern=009451???? got=6 saved=6
2026-05-23 14:19:25,947 INFO [T26] leaf pattern=009455???? got=5 saved=5
2026-05-23 14:19:25,959 INFO [T16] leaf pattern=009454???? got=17 saved=17
2026-05-23 14:19:26,033 INFO [T9] leaf pattern=009453???? got=14 saved=14
2026-05-23 14:19:26,103 INFO [T22] leaf pattern=009456???? got=7 saved=7
2026-05-23 14:19:26,368 INFO [T4] leaf pattern=009457???? got=15 saved=15
2026-05-23 14:19:26,631 INFO [T19] leaf pattern=009458???? got=17 saved=17
2026-05-23 14:19:26,724 INFO [T20] D1N refreshed 3ccbf249d24a4731…
2026-05-23 14:19:27,309 INFO [T23] leaf pattern=009470???? got=25 saved=25
2026-05-23 14:19:27,491 INFO [T13] leaf pattern=009471???? got=26 saved=26
2026-05-23 14:19:27,571 INFO [T27] leaf pattern=009459???? got=12 saved=12
2026-05-23 14:19:27,611 INFO [T2] leaf pattern=009472???? got=28 saved=28
2026-05-23 14:19:27,679 INFO [T12] leaf pattern=009473???? got=28 saved=28
2026-05-23 14:19:27,732 INFO [T10] leaf pattern=009474???? got=28 saved=28
2026-05-23 14:19:27,987 INFO [T30] expand pattern=009475???? got=32 ≥ 30 → split into 10 children
2026-05-23 14:19:28,081 INFO [T11] leaf pattern=009476???? got=29 saved=29
2026-05-23 14:19:28,473 INFO [T21] leaf pattern=009478???? got=23 saved=23
2026-05-23 14:19:28,619 INFO [T5] leaf pattern=009477???? got=13 saved=13
2026-05-23 14:19:28,822 INFO [T6] leaf pattern=009479???? got=25 saved=25
2026-05-23 14:19:28,950 INFO [T17] leaf pattern=009481???? got=18 saved=18
2026-05-23 14:19:28,968 INFO [T29] leaf pattern=009480???? got=21 saved=21
2026-05-23 14:19:29,072 INFO [T25] leaf pattern=009482???? got=15 saved=15
2026-05-23 14:19:29,168 INFO [T15] expand pattern=009485???? got=36 ≥ 30 → split into 10 children
2026-05-23 14:19:29,241 INFO [T3] leaf pattern=009484???? got=25 saved=25
2026-05-23 14:19:29,256 INFO [T1] leaf pattern=009486???? got=23 saved=23
2026-05-23 14:19:29,280 INFO [T24] leaf pattern=009489???? got=25 saved=25
2026-05-23 14:19:29,290 INFO [T28] leaf pattern=009487???? got=27 saved=27
2026-05-23 14:19:29,360 INFO [T18] leaf pattern=009440???? got=13 saved=13
2026-05-23 14:19:29,423 INFO [T8] leaf pattern=009488???? got=20 saved=20
2026-05-23 14:19:29,447 INFO [T7] expand pattern=009483???? got=32 ≥ 30 → split into 10 children
2026-05-23 14:19:29,589 INFO [T14] leaf pattern=009441???? got=22 saved=22
2026-05-23 14:19:29,962 INFO [T16] leaf pattern=009443???? got=15 saved=15
2026-05-23 14:19:30,024 INFO [T26] leaf pattern=009442???? got=18 saved=18
2026-05-23 14:19:30,043 INFO [T9] leaf pattern=009444???? got=1 saved=1
2026-05-23 14:19:30,132 INFO [T22] leaf pattern=009445???? got=8 saved=8
2026-05-23 14:19:30,577 INFO [T19] leaf pattern=009447???? got=7 saved=7
2026-05-23 14:19:30,604 INFO [T4] leaf pattern=009446???? got=11 saved=11
2026-05-23 14:19:31,507 INFO [T23] leaf pattern=009448???? got=8 saved=8
2026-05-23 14:19:31,522 INFO [T13] leaf pattern=009449???? got=6 saved=6
2026-05-23 14:19:31,609 INFO [T27] leaf pattern=004300???? got=4 saved=4
2026-05-23 14:19:31,674 INFO [T12] leaf pattern=004302???? got=12 saved=12
2026-05-23 14:19:31,708 INFO [T10] leaf pattern=004303???? got=4 saved=4
2026-05-23 14:19:32,017 INFO [T2] leaf pattern=004301???? got=10 saved=10
2026-05-23 14:19:32,039 INFO [T30] leaf pattern=004304???? got=6 saved=6
2026-05-23 14:19:32,101 INFO [T11] leaf pattern=004305???? got=8 saved=8
2026-05-23 14:19:32,277 INFO [T20] leaf pattern=009460???? got=21 saved=21
2026-05-23 14:19:32,501 INFO [T21] leaf pattern=004306???? got=7 saved=7
2026-05-23 14:19:32,733 INFO [T5] leaf pattern=004307???? got=5 saved=5
2026-05-23 14:19:32,871 INFO [T6] leaf pattern=004308???? got=4 saved=4
2026-05-23 14:19:32,931 INFO [T17] leaf pattern=004309???? got=7 saved=7
2026-05-23 14:19:32,961 INFO [T29] leaf pattern=009490???? got=20 saved=20
2026-05-23 14:19:33,075 INFO [T25] leaf pattern=009491???? got=25 saved=25
2026-05-23 14:19:33,136 INFO [T15] leaf pattern=009492???? got=8 saved=8
2026-05-23 14:19:33,300 INFO [T24] leaf pattern=009495???? got=8 saved=8
2026-05-23 14:19:33,313 INFO [T18] leaf pattern=009497???? got=3 saved=3
2026-05-23 14:19:33,427 INFO [T7] leaf pattern=009499???? got=2 saved=2
2026-05-23 14:19:33,466 INFO [T3] leaf pattern=009493???? got=8 saved=8
2026-05-23 14:19:33,476 INFO [T8] leaf pattern=009498???? got=13 saved=13
2026-05-23 14:19:33,528 INFO [T1] leaf pattern=009494???? got=2 saved=2
2026-05-23 14:19:33,579 INFO [T28] leaf pattern=009496???? got=13 saved=13
2026-05-23 14:19:33,675 INFO [T14] leaf pattern=004320???? got=5 saved=5
2026-05-23 14:19:34,038 INFO [T26] leaf pattern=004322???? got=0 saved=0
2026-05-23 14:19:34,068 INFO [T16] leaf pattern=004321???? got=6 saved=6
2026-05-23 14:19:34,101 INFO [T9] leaf pattern=004323???? got=1 saved=1
2026-05-23 14:19:34,272 INFO [T22] leaf pattern=004324???? got=1 saved=1
2026-05-23 14:19:34,596 INFO [T19] leaf pattern=004325???? got=1 saved=1
2026-05-23 14:19:34,609 INFO [T4] leaf pattern=004326???? got=4 saved=4
2026-05-23 14:19:35,456 INFO [T23] leaf pattern=004327???? got=9 saved=9
2026-05-23 14:19:35,583 INFO [T27] leaf pattern=004329???? got=6 saved=6
2026-05-23 14:19:35,610 INFO [T12] leaf pattern=004330???? got=5 saved=5
2026-05-23 14:19:35,656 INFO [T13] leaf pattern=004328???? got=9 saved=9
2026-05-23 14:19:35,698 INFO [T10] leaf pattern=004331???? got=6 saved=6
2026-05-23 14:19:36,070 INFO [T2] leaf pattern=004332???? got=5 saved=5
2026-05-23 14:19:36,133 INFO [T30] leaf pattern=004333???? got=0 saved=0
2026-05-23 14:19:36,149 INFO [T11] leaf pattern=004334???? got=3 saved=3
2026-05-23 14:19:36,524 INFO [T21] leaf pattern=004336???? got=7 saved=7
2026-05-23 14:19:36,696 INFO [T5] leaf pattern=004337???? got=12 saved=12
2026-05-23 14:19:36,860 INFO [T17] leaf pattern=004339???? got=9 saved=9
2026-05-23 14:19:36,877 INFO [T6] leaf pattern=004338???? got=10 saved=10
2026-05-23 14:19:36,928 INFO [T29] leaf pattern=004310???? got=4 saved=4
2026-05-23 14:19:37,055 INFO [T25] leaf pattern=004311???? got=0 saved=0
2026-05-23 14:19:37,251 INFO [T15] leaf pattern=004312???? got=8 saved=8
2026-05-23 14:19:37,347 INFO [T24] leaf pattern=004313???? got=1 saved=1
2026-05-23 14:19:37,365 INFO [T20] leaf pattern=004335???? got=10 saved=10
2026-05-23 14:19:37,390 INFO [T18] leaf pattern=004314???? got=6 saved=6
2026-05-23 14:19:37,406 INFO [T3] leaf pattern=004316???? got=4 saved=4
2026-05-23 14:19:37,433 INFO [T8] leaf pattern=004317???? got=4 saved=4
2026-05-23 14:19:37,540 INFO [T7] leaf pattern=004315???? got=9 saved=9
2026-05-23 14:19:37,599 INFO [T28] leaf pattern=004319???? got=8 saved=8
2026-05-23 14:19:37,666 INFO [T1] leaf pattern=004318???? got=3 saved=3
2026-05-23 14:19:37,701 INFO [T14] leaf pattern=004350???? got=8 saved=8
2026-05-23 14:19:38,078 INFO [T16] leaf pattern=004352???? got=7 saved=7
2026-05-23 14:19:38,086 INFO [T26] leaf pattern=004351???? got=5 saved=5
2026-05-23 14:19:38,190 INFO [T9] leaf pattern=004353???? got=6 saved=6
2026-05-23 14:19:38,370 INFO [T22] leaf pattern=004354???? got=7 saved=7
2026-05-23 14:19:38,561 INFO [T19] leaf pattern=004355???? got=9 saved=9
2026-05-23 14:19:38,692 INFO [T4] leaf pattern=004356???? got=16 saved=16
2026-05-23 14:19:39,439 INFO [T23] leaf pattern=004357???? got=11 saved=11
2026-05-23 14:19:39,598 INFO [T27] leaf pattern=004358???? got=14 saved=14
2026-05-23 14:19:39,667 INFO [T10] leaf pattern=004361???? got=5 saved=5
2026-05-23 14:19:39,673 INFO [T12] leaf pattern=004359???? got=7 saved=7
2026-05-23 14:19:40,094 INFO [T2] leaf pattern=004362???? got=6 saved=6
2026-05-23 14:19:40,145 INFO [T30] leaf pattern=004363???? got=13 saved=13
2026-05-23 14:19:40,238 INFO [T11] leaf pattern=004364???? got=11 saved=11
2026-05-23 14:19:40,325 INFO [T13] leaf pattern=004360???? got=7 saved=7
2026-05-23 14:19:40,521 INFO [T21] leaf pattern=004365???? got=4 saved=4
2026-05-23 14:19:40,740 INFO [T5] leaf pattern=004366???? got=4 saved=4
2026-05-23 14:19:40,852 INFO [T17] leaf pattern=004367???? got=15 saved=15
2026-05-23 14:19:40,872 INFO [T6] leaf pattern=004368???? got=3 saved=3
2026-05-23 14:19:40,960 INFO [T29] leaf pattern=004369???? got=13 saved=13
2026-05-23 14:19:41,094 INFO [T25] leaf pattern=004370???? got=8 saved=8
2026-05-23 14:19:41,222 INFO [T15] leaf pattern=004371???? got=8 saved=8
2026-05-23 14:19:41,346 INFO [T18] leaf pattern=004374???? got=13 saved=13
2026-05-23 14:19:41,396 INFO [T3] leaf pattern=004375???? got=8 saved=8
2026-05-23 14:19:41,419 INFO [T8] leaf pattern=004376???? got=4 saved=4
2026-05-23 14:19:41,423 INFO [T24] leaf pattern=004372???? got=12 saved=12
2026-05-23 14:19:41,476 INFO [T20] leaf pattern=004373???? got=5 saved=5
2026-05-23 14:19:41,531 INFO [T7] leaf pattern=004377???? got=10 saved=10
2026-05-23 14:19:41,627 INFO [T1] leaf pattern=004379???? got=7 saved=7
2026-05-23 14:19:41,633 INFO [T28] leaf pattern=004378???? got=12 saved=12
2026-05-23 14:19:41,758 INFO [T14] leaf pattern=004340???? got=6 saved=6
2026-05-23 14:19:42,049 INFO [T26] leaf pattern=004342???? got=8 saved=8
2026-05-23 14:19:42,122 INFO [T16] leaf pattern=004341???? got=3 saved=3
2026-05-23 14:19:42,416 INFO [T9] leaf pattern=004343???? got=3 saved=3
2026-05-23 14:19:42,463 INFO [T22] leaf pattern=004344???? got=5 saved=5
2026-05-23 14:19:42,517 INFO [T19] leaf pattern=004345???? got=3 saved=3
2026-05-23 14:19:42,684 INFO [T4] leaf pattern=004346???? got=8 saved=8
2026-05-23 14:19:43,326 INFO [T23] leaf pattern=004347???? got=5 saved=5
2026-05-23 14:19:43,649 INFO [T27] leaf pattern=004348???? got=8 saved=8
2026-05-23 14:19:43,672 INFO [T12] leaf pattern=004390???? got=8 saved=8
2026-05-23 14:19:43,686 INFO [T10] leaf pattern=004349???? got=11 saved=11
2026-05-23 14:19:44,096 INFO [T30] leaf pattern=004392???? got=9 saved=9
2026-05-23 14:19:44,193 INFO [T2] leaf pattern=004391???? got=6 saved=6
2026-05-23 14:19:44,437 INFO [T11] leaf pattern=004393???? got=5 saved=5
2026-05-23 14:19:44,562 INFO [T21] leaf pattern=004395???? got=11 saved=11
2026-05-23 14:19:44,708 INFO [T5] leaf pattern=004396???? got=3 saved=3
2026-05-23 14:19:44,930 INFO [T6] leaf pattern=004398???? got=10 saved=10
2026-05-23 14:19:45,090 INFO [T13] D1N refreshed 3346506a40b7eed7…
2026-05-23 14:19:45,161 INFO [T25] leaf pattern=004380???? got=5 saved=5
2026-05-23 14:19:45,203 INFO [T15] leaf pattern=004381???? got=13 saved=13
2026-05-23 14:19:45,368 INFO [T29] leaf pattern=004399???? got=2 saved=2
2026-05-23 14:19:45,381 INFO [T3] leaf pattern=004383???? got=5 saved=5
2026-05-23 14:19:45,418 INFO [T24] leaf pattern=004385???? got=10 saved=10
2026-05-23 14:19:45,435 INFO [T8] leaf pattern=004384???? got=8 saved=8
2026-05-23 14:19:45,577 INFO [T20] leaf pattern=004386???? got=5 saved=5
2026-05-23 14:19:45,617 INFO [T1] leaf pattern=004388???? got=3 saved=3
2026-05-23 14:19:45,627 INFO [T17] D1N refreshed 2be6758ef2aa4a59…
2026-05-23 14:19:45,664 INFO [T28] leaf pattern=004389???? got=9 saved=9
2026-05-23 14:19:45,771 INFO [T7] leaf pattern=004387???? got=6 saved=6
2026-05-23 14:19:46,054 INFO [T26] leaf pattern=004401???? got=6 saved=6
2026-05-23 14:19:46,177 INFO [T16] leaf pattern=004402???? got=4 saved=4
2026-05-23 14:19:46,242 INFO [T18] D1N refreshed ea138c89653af5e8…
2026-05-23 14:19:46,438 INFO [T9] leaf pattern=004403???? got=9 saved=9
2026-05-23 14:19:46,691 INFO [T4] leaf pattern=004406???? got=8 saved=8
2026-05-23 14:19:46,720 INFO [T14] D1N refreshed 072ecbc675f0719d…
2026-05-23 14:19:46,778 INFO [T19] leaf pattern=004405???? got=7 saved=7
2026-05-23 14:19:47,243 INFO [T22] D1N refreshed 05657c9d519ef23f…
2026-05-23 14:19:47,288 INFO [T23] leaf pattern=004407???? got=13 saved=13
2026-05-23 14:19:47,645 INFO [T27] leaf pattern=004408???? got=9 saved=9
2026-05-23 14:19:47,666 INFO [T12] leaf pattern=004409???? got=11 saved=11
2026-05-23 14:19:47,683 INFO [T10] leaf pattern=004410???? got=11 saved=11
2026-05-23 14:19:48,076 INFO [T30] leaf pattern=004411???? got=3 saved=3
2026-05-23 14:19:48,301 INFO [T2] leaf pattern=004412???? got=5 saved=5
2026-05-23 14:19:48,580 INFO [T21] leaf pattern=004414???? got=4 saved=4
2026-05-23 14:19:48,711 INFO [T5] leaf pattern=004415???? got=5 saved=5
2026-05-23 14:19:48,884 INFO [T6] leaf pattern=004416???? got=10 saved=10
2026-05-23 14:19:48,894 INFO [T11] leaf pattern=004413???? got=6 saved=6
2026-05-23 14:19:49,161 INFO [T25] leaf pattern=004417???? got=11 saved=11
2026-05-23 14:19:49,187 INFO [T15] leaf pattern=004418???? got=7 saved=7
2026-05-23 14:19:49,304 INFO [T3] leaf pattern=004430???? got=5 saved=5
2026-05-23 14:19:49,365 INFO [T8] leaf pattern=004432???? got=8 saved=8
2026-05-23 14:19:49,404 INFO [T29] leaf pattern=004419???? got=12 saved=12
2026-05-23 14:19:49,535 INFO [T24] leaf pattern=004431???? got=4 saved=4
2026-05-23 14:19:49,673 INFO [T20] leaf pattern=004433???? got=2 saved=2
2026-05-23 14:19:49,687 INFO [T28] leaf pattern=004435???? got=8 saved=8
2026-05-23 14:19:49,695 INFO [T1] leaf pattern=004434???? got=5 saved=5
2026-05-23 14:19:49,743 INFO [T7] leaf pattern=004436???? got=4 saved=4
2026-05-23 14:19:50,170 INFO [T16] leaf pattern=004438???? got=1 saved=1
2026-05-23 14:19:50,225 INFO [T13] leaf pattern=004394???? got=7 saved=7
2026-05-23 14:19:50,238 INFO [T26] leaf pattern=004437???? got=8 saved=8
2026-05-23 14:19:50,484 INFO [T9] leaf pattern=004439???? got=14 saved=14
2026-05-23 14:19:50,715 INFO [T4] leaf pattern=004420???? got=13 saved=13
2026-05-23 14:19:50,748 INFO [T19] leaf pattern=004421???? got=9 saved=9
2026-05-23 14:19:51,288 INFO [T23] leaf pattern=004422???? got=1 saved=1
2026-05-23 14:19:51,634 INFO [T27] leaf pattern=004423???? got=10 saved=10
2026-05-23 14:19:51,668 INFO [T10] leaf pattern=004425???? got=8 saved=8
2026-05-23 14:19:51,799 INFO [T17] leaf pattern=004397???? got=11 saved=11
2026-05-23 14:19:51,846 INFO [T12] leaf pattern=004424???? got=9 saved=9
2026-05-23 14:19:52,041 INFO [T18] leaf pattern=004382???? got=12 saved=12
2026-05-23 14:19:52,045 INFO [T30] leaf pattern=004426???? got=8 saved=8
2026-05-23 14:19:52,141 INFO [T14] leaf pattern=004400???? got=2 saved=2
2026-05-23 14:19:52,459 INFO [T2] leaf pattern=004427???? got=10 saved=10
2026-05-23 14:19:52,474 INFO [T22] leaf pattern=004404???? got=4 saved=4
2026-05-23 14:19:52,519 INFO [T21] leaf pattern=004428???? got=9 saved=9
2026-05-23 14:19:52,694 INFO [T5] leaf pattern=004429???? got=8 saved=8
2026-05-23 14:19:52,911 INFO [T6] leaf pattern=004470???? got=17 saved=17
2026-05-23 14:19:52,916 INFO [T11] leaf pattern=004471???? got=10 saved=10
2026-05-23 14:19:53,180 INFO [T15] leaf pattern=004473???? got=11 saved=11
2026-05-23 14:19:53,193 INFO [T25] leaf pattern=004472???? got=11 saved=11
2026-05-23 14:19:53,315 INFO [T3] leaf pattern=004474???? got=11 saved=11
2026-05-23 14:19:53,391 INFO [T29] leaf pattern=004476???? got=12 saved=12
2026-05-23 14:19:53,404 INFO [T8] leaf pattern=004475???? got=15 saved=15
2026-05-23 14:19:53,496 INFO [T24] leaf pattern=004477???? got=6 saved=6
2026-05-23 14:19:53,684 INFO [T1] leaf pattern=004460???? got=10 saved=10
2026-05-23 14:19:53,695 INFO [T20] leaf pattern=004478???? got=11 saved=11
2026-05-23 14:19:53,783 INFO [T7] leaf pattern=004461???? got=10 saved=10
2026-05-23 14:19:53,989 INFO [T28] leaf pattern=004479???? got=14 saved=14
2026-05-23 14:19:54,194 INFO [T16] leaf pattern=004462???? got=13 saved=13
2026-05-23 14:19:54,247 INFO [T13] leaf pattern=004463???? got=21 saved=21
2026-05-23 14:19:54,279 INFO [T26] leaf pattern=004464???? got=12 saved=12
2026-05-23 14:19:54,546 INFO [T9] leaf pattern=004465???? got=12 saved=12
2026-05-23 14:19:54,731 INFO [T19] leaf pattern=004467???? got=11 saved=11
2026-05-23 14:19:54,771 INFO [T4] leaf pattern=004466???? got=3 saved=3
2026-05-23 14:19:55,265 INFO [T23] leaf pattern=004468???? got=11 saved=11
2026-05-23 14:19:55,666 INFO [T10] leaf pattern=004490???? got=8 saved=8
2026-05-23 14:19:55,701 INFO [T27] leaf pattern=004469???? got=12 saved=12
2026-05-23 14:19:55,790 INFO [T17] leaf pattern=004491???? got=8 saved=8
2026-05-23 14:19:55,973 INFO [T12] leaf pattern=004492???? got=8 saved=8
2026-05-23 14:19:56,005 INFO [T30] leaf pattern=004494???? got=5 saved=5
2026-05-23 14:19:56,064 INFO [T18] leaf pattern=004493???? got=10 saved=10
2026-05-23 14:19:56,194 INFO [T14] leaf pattern=004495???? got=8 saved=8
2026-05-23 14:19:56,446 INFO [T22] leaf pattern=004497???? got=8 saved=8
2026-05-23 14:19:56,474 INFO [T21] leaf pattern=004498???? got=15 saved=15
2026-05-23 14:19:56,493 INFO [T2] leaf pattern=004496???? got=8 saved=8
2026-05-23 14:19:56,907 INFO [T11] leaf pattern=004451???? got=11 saved=11
2026-05-23 14:19:56,945 INFO [T6] leaf pattern=004450???? got=12 saved=12
2026-05-23 14:19:56,965 INFO [T5] leaf pattern=004499???? got=1 saved=1
2026-05-23 14:19:57,164 INFO [T15] leaf pattern=004452???? got=12 saved=12
2026-05-23 14:19:57,198 INFO [T25] leaf pattern=004453???? got=6 saved=6
2026-05-23 14:19:57,394 INFO [T29] leaf pattern=004455???? got=0 saved=0
2026-05-23 14:19:57,413 INFO [T3] leaf pattern=004454???? got=10 saved=10
2026-05-23 14:19:57,463 INFO [T24] leaf pattern=004457???? got=11 saved=11
2026-05-23 14:19:57,509 INFO [T8] leaf pattern=004456???? got=5 saved=5
2026-05-23 14:19:57,691 INFO [T20] leaf pattern=004459???? got=11 saved=11
2026-05-23 14:19:57,725 INFO [T1] leaf pattern=004458???? got=11 saved=11
2026-05-23 14:19:57,810 INFO [T7] leaf pattern=004600???? got=5 saved=5
2026-05-23 14:19:58,033 INFO [T28] leaf pattern=004601???? got=17 saved=17
2026-05-23 14:19:58,284 INFO [T13] leaf pattern=004603???? got=7 saved=7
2026-05-23 14:19:58,297 INFO [T16] leaf pattern=004602???? got=9 saved=9
2026-05-23 14:19:58,320 INFO [T26] leaf pattern=004604???? got=14 saved=14
2026-05-23 14:19:58,598 INFO [T9] leaf pattern=004605???? got=15 saved=15
2026-05-23 14:19:58,723 INFO [T19] leaf pattern=004606???? got=11 saved=11
2026-05-23 14:19:58,803 INFO [T4] leaf pattern=004607???? got=11 saved=11
2026-05-23 14:19:59,368 INFO [T23] leaf pattern=004608???? got=13 saved=13
2026-05-23 14:19:59,731 INFO [T10] leaf pattern=004609???? got=11 saved=11
2026-05-23 14:19:59,768 INFO [T27] leaf pattern=004610???? got=13 saved=13
2026-05-23 14:19:59,806 INFO [T17] leaf pattern=004611???? got=7 saved=7
2026-05-23 14:19:59,975 INFO [T12] leaf pattern=004612???? got=9 saved=9
2026-05-23 14:20:00,250 INFO [T30] leaf pattern=004613???? got=11 saved=11
2026-05-23 14:20:00,278 INFO [T14] leaf pattern=004615???? got=7 saved=7
2026-05-23 14:20:00,445 INFO [T21] leaf pattern=004617???? got=14 saved=14
2026-05-23 14:20:00,508 INFO [T22] leaf pattern=004616???? got=13 saved=13
2026-05-23 14:20:00,522 INFO [T2] leaf pattern=004618???? got=9 saved=9
2026-05-23 14:20:00,567 INFO [T18] leaf pattern=004614???? got=9 saved=9
2026-05-23 14:20:00,874 INFO [T6] leaf pattern=004620???? got=14 saved=14
2026-05-23 14:20:00,974 INFO [T5] leaf pattern=004621???? got=11 saved=11
2026-05-23 14:20:00,982 INFO [T11] leaf pattern=004619???? got=9 saved=9
2026-05-23 14:20:01,188 INFO [T25] leaf pattern=004623???? got=7 saved=7
2026-05-23 14:20:01,419 INFO [T3] leaf pattern=004625???? got=10 saved=10
2026-05-23 14:20:01,460 INFO [T29] leaf pattern=004624???? got=11 saved=11
2026-05-23 14:20:01,486 INFO [T24] leaf pattern=004626???? got=5 saved=5
2026-05-23 14:20:01,558 INFO [T15] leaf pattern=004622???? got=6 saved=6
2026-05-23 14:20:01,563 INFO [T8] leaf pattern=004627???? got=9 saved=9
2026-05-23 14:20:01,713 INFO [T1] leaf pattern=004629???? got=9 saved=9
2026-05-23 14:20:01,888 INFO [T7] leaf pattern=004630???? got=16 saved=16
2026-05-23 14:20:01,892 INFO [T20] leaf pattern=004628???? got=8 saved=8
2026-05-23 14:20:02,326 INFO [T16] leaf pattern=004633???? got=5 saved=5
2026-05-23 14:20:02,359 INFO [T13] leaf pattern=004632???? got=6 saved=6
2026-05-23 14:20:02,371 INFO [T28] leaf pattern=004631???? got=8 saved=8
2026-05-23 14:20:02,416 INFO [T26] leaf pattern=004634???? got=5 saved=5
2026-05-23 14:20:02,690 INFO [T9] leaf pattern=004635???? got=6 saved=6
2026-05-23 14:20:02,710 INFO [T19] leaf pattern=004636???? got=4 saved=4
2026-05-23 14:20:02,886 INFO [T4] leaf pattern=004637???? got=14 saved=14
2026-05-23 14:20:03,390 INFO [T23] leaf pattern=004638???? got=8 saved=8
2026-05-23 14:20:03,693 INFO [T10] leaf pattern=004639???? got=13 saved=13
2026-05-23 14:20:03,752 INFO [T27] leaf pattern=004480???? got=11 saved=11
2026-05-23 14:20:03,873 INFO [T17] leaf pattern=004481???? got=13 saved=13
2026-05-23 14:20:04,014 INFO [T12] leaf pattern=004482???? got=15 saved=15
2026-05-23 14:20:04,330 INFO [T14] leaf pattern=004484???? got=14 saved=14
2026-05-23 14:20:04,374 INFO [T30] leaf pattern=004483???? got=12 saved=12
2026-05-23 14:20:04,442 INFO [T21] leaf pattern=004485???? got=8 saved=8
2026-05-23 14:20:04,551 INFO [T2] leaf pattern=004487???? got=4 saved=4
2026-05-23 14:20:04,633 INFO [T22] leaf pattern=004486???? got=6 saved=6
2026-05-23 14:20:04,722 INFO [T18] leaf pattern=004488???? got=0 saved=0
2026-05-23 14:20:04,880 INFO [T6] leaf pattern=004489???? got=10 saved=10
2026-05-23 14:20:05,007 INFO [T11] leaf pattern=004641???? got=14 saved=14
2026-05-23 14:20:05,039 INFO [T5] leaf pattern=004640???? got=18 saved=18
2026-05-23 14:20:05,210 INFO [T25] leaf pattern=004642???? got=9 saved=9
2026-05-23 14:20:05,469 INFO [T3] leaf pattern=004643???? got=12 saved=12
2026-05-23 14:20:05,536 INFO [T8] leaf pattern=004647???? got=11 saved=11
2026-05-23 14:20:05,587 INFO [T24] leaf pattern=004645???? got=10 saved=10
2026-05-23 14:20:05,652 INFO [T29] leaf pattern=004644???? got=17 saved=17
2026-05-23 14:20:05,736 INFO [T1] leaf pattern=004648???? got=13 saved=13
2026-05-23 14:20:05,758 INFO [T15] leaf pattern=004646???? got=13 saved=13
2026-05-23 14:20:05,844 INFO [T20] leaf pattern=004650???? got=16 saved=16
2026-05-23 14:20:05,869 INFO [T7] leaf pattern=004649???? got=17 saved=17
2026-05-23 14:20:06,354 INFO [T16] leaf pattern=004651???? got=19 saved=19
2026-05-23 14:20:06,417 INFO [T13] leaf pattern=004652???? got=11 saved=11
2026-05-23 14:20:06,486 INFO [T26] leaf pattern=004654???? got=13 saved=13
2026-05-23 14:20:06,697 INFO [T19] leaf pattern=004656???? got=6 saved=6
2026-05-23 14:20:06,783 INFO [T9] leaf pattern=004655???? got=12 saved=12
2026-05-23 14:20:06,936 INFO [T4] leaf pattern=004657???? got=20 saved=20
2026-05-23 14:20:07,466 INFO [T23] leaf pattern=004658???? got=12 saved=12
2026-05-23 14:20:07,478 INFO [T28] leaf pattern=004653???? got=16 saved=16
2026-05-23 14:20:07,669 INFO [T10] leaf pattern=004659???? got=10 saved=10
2026-05-23 14:20:07,785 INFO [T27] leaf pattern=004660???? got=15 saved=15
2026-05-23 14:20:07,872 INFO [T17] leaf pattern=004661???? got=12 saved=12
2026-05-23 14:20:08,012 INFO [T12] leaf pattern=004662???? got=12 saved=12
2026-05-23 14:20:08,340 INFO [T14] leaf pattern=004663???? got=4 saved=4
2026-05-23 14:20:08,360 INFO [T30] leaf pattern=004664???? got=7 saved=7
2026-05-23 14:20:08,464 INFO [T21] leaf pattern=004665???? got=9 saved=9
2026-05-23 14:20:08,524 INFO [T2] leaf pattern=004666???? got=0 saved=0
2026-05-23 14:20:08,664 INFO [T22] leaf pattern=004667???? got=7 saved=7
2026-05-23 14:20:08,907 INFO [T6] leaf pattern=004669???? got=21 saved=21
2026-05-23 14:20:08,969 INFO [T18] leaf pattern=004668???? got=11 saved=11
2026-05-23 14:20:08,984 INFO [T11] leaf pattern=004700???? got=9 saved=9
2026-05-23 14:20:09,150 INFO [T5] leaf pattern=004701???? got=12 saved=12
2026-05-23 14:20:09,340 INFO [T25] leaf pattern=004702???? got=4 saved=4
2026-05-23 14:20:09,521 INFO [T3] leaf pattern=004703???? got=16 saved=16
2026-05-23 14:20:09,541 INFO [T8] leaf pattern=004704???? got=8 saved=8
2026-05-23 14:20:09,612 INFO [T24] leaf pattern=004705???? got=10 saved=10
2026-05-23 14:20:09,729 INFO [T29] leaf pattern=004706???? got=8 saved=8
2026-05-23 14:20:09,799 INFO [T1] leaf pattern=004707???? got=6 saved=6
2026-05-23 14:20:09,804 INFO [T15] leaf pattern=004708???? got=12 saved=12
2026-05-23 14:20:09,879 INFO [T20] leaf pattern=004709???? got=10 saved=10
2026-05-23 14:20:09,906 INFO [T7] leaf pattern=004690???? got=4 saved=4
2026-05-23 14:20:10,380 INFO [T13] leaf pattern=004692???? got=11 saved=11
2026-05-23 14:20:10,399 INFO [T16] leaf pattern=004691???? got=8 saved=8
2026-05-23 14:20:10,543 INFO [T26] leaf pattern=004693???? got=13 saved=13
2026-05-23 14:20:10,702 INFO [T19] leaf pattern=004694???? got=11 saved=11
2026-05-23 14:20:11,062 INFO [T9] leaf pattern=004695???? got=9 saved=9
2026-05-23 14:20:11,074 INFO [T4] leaf pattern=004696???? got=10 saved=10
2026-05-23 14:20:11,401 INFO [T23] leaf pattern=004697???? got=9 saved=9
2026-05-23 14:20:11,422 INFO [T28] leaf pattern=004698???? got=16 saved=16
2026-05-23 14:20:11,674 INFO [T10] leaf pattern=004699???? got=4 saved=4
2026-05-23 14:20:11,840 INFO [T27] leaf pattern=004720???? got=7 saved=7
2026-05-23 14:20:11,892 INFO [T17] leaf pattern=004721???? got=8 saved=8
2026-05-23 14:20:12,223 INFO [T12] leaf pattern=004722???? got=4 saved=4
2026-05-23 14:20:12,314 INFO [T14] leaf pattern=004723???? got=3 saved=3
2026-05-23 14:20:12,324 INFO [T30] leaf pattern=004724???? got=11 saved=11
2026-05-23 14:20:12,441 INFO [T21] leaf pattern=004725???? got=8 saved=8
2026-05-23 14:20:12,570 INFO [T2] leaf pattern=004726???? got=6 saved=6
2026-05-23 14:20:12,781 INFO [T22] leaf pattern=004727???? got=4 saved=4
2026-05-23 14:20:12,864 INFO [T6] leaf pattern=004728???? got=10 saved=10
2026-05-23 14:20:13,013 INFO [T11] leaf pattern=004680???? got=5 saved=5
2026-05-23 14:20:13,086 INFO [T18] leaf pattern=004729???? got=10 saved=10
2026-05-23 14:20:13,255 INFO [T5] leaf pattern=004681???? got=15 saved=15
2026-05-23 14:20:13,379 INFO [T25] leaf pattern=004682???? got=5 saved=5
2026-05-23 14:20:13,778 INFO [T15] leaf pattern=004688???? got=4 saved=4
2026-05-23 14:20:13,814 INFO [T1] leaf pattern=004687???? got=15 saved=15
2026-05-23 14:20:13,872 INFO [T29] leaf pattern=004686???? got=9 saved=9
2026-05-23 14:20:13,921 INFO [T3] leaf pattern=004683???? got=11 saved=11
2026-05-23 14:20:13,940 INFO [T24] leaf pattern=004685???? got=6 saved=6
2026-05-23 14:20:14,012 INFO [T20] leaf pattern=004689???? got=4 saved=4
2026-05-23 14:20:14,261 INFO [T8] leaf pattern=004684???? got=13 saved=13
2026-05-23 14:20:14,286 INFO [T7] leaf pattern=004670???? got=23 saved=23
2026-05-23 14:20:14,410 INFO [T16] leaf pattern=004672???? got=15 saved=15
2026-05-23 14:20:14,546 INFO [T26] leaf pattern=004673???? got=10 saved=10
2026-05-23 14:20:14,607 INFO [T13] leaf pattern=004671???? got=12 saved=12
2026-05-23 14:20:14,685 INFO [T19] leaf pattern=004674???? got=14 saved=14
2026-05-23 14:20:15,064 INFO [T4] leaf pattern=004676???? got=5 saved=5
2026-05-23 14:20:15,125 INFO [T9] leaf pattern=004675???? got=11 saved=11
2026-05-23 14:20:15,338 INFO [T23] leaf pattern=004677???? got=3 saved=3
2026-05-23 14:20:15,474 INFO [T28] leaf pattern=004678???? got=4 saved=4
2026-05-23 14:20:15,696 INFO [T10] leaf pattern=004679???? got=9 saved=9
2026-05-23 14:20:15,854 INFO [T17] leaf pattern=004761???? got=13 saved=13
2026-05-23 14:20:15,907 INFO [T27] leaf pattern=004760???? got=13 saved=13
2026-05-23 14:20:16,358 INFO [T30] leaf pattern=004764???? got=14 saved=14
2026-05-23 14:20:16,377 INFO [T12] leaf pattern=004762???? got=13 saved=13
2026-05-23 14:20:16,392 INFO [T14] leaf pattern=004763???? got=7 saved=7
2026-05-23 14:20:16,478 INFO [T21] leaf pattern=004765???? got=10 saved=10
2026-05-23 14:20:16,684 INFO [T2] leaf pattern=004766???? got=6 saved=6
2026-05-23 14:20:16,798 INFO [T22] leaf pattern=004767???? got=3 saved=3
2026-05-23 14:20:16,876 INFO [T6] leaf pattern=004768???? got=5 saved=5
2026-05-23 14:20:17,015 INFO [T18] leaf pattern=004750???? got=10 saved=10
2026-05-23 14:20:17,050 INFO [T11] leaf pattern=004769???? got=21 saved=21
2026-05-23 14:20:17,353 INFO [T5] leaf pattern=004751???? got=15 saved=15
2026-05-23 14:20:17,373 INFO [T25] leaf pattern=004752???? got=15 saved=15
2026-05-23 14:20:17,757 INFO [T1] leaf pattern=004754???? got=8 saved=8
2026-05-23 14:20:17,874 INFO [T29] leaf pattern=004755???? got=11 saved=11
2026-05-23 14:20:17,886 INFO [T3] leaf pattern=004756???? got=11 saved=11
2026-05-23 14:20:17,912 INFO [T15] leaf pattern=004753???? got=9 saved=9
2026-05-23 14:20:17,929 INFO [T24] leaf pattern=004757???? got=10 saved=10
2026-05-23 14:20:18,062 INFO [T20] leaf pattern=004758???? got=12 saved=12
2026-05-23 14:20:18,213 INFO [T8] leaf pattern=004759???? got=10 saved=10
2026-05-23 14:20:18,293 INFO [T7] leaf pattern=004740???? got=18 saved=18
2026-05-23 14:20:18,440 INFO [T16] leaf pattern=004741???? got=11 saved=11
2026-05-23 14:20:18,636 INFO [T13] leaf pattern=004743???? got=18 saved=18
2026-05-23 14:20:18,656 INFO [T26] leaf pattern=004742???? got=14 saved=14
2026-05-23 14:20:18,725 INFO [T19] leaf pattern=004744???? got=11 saved=11
2026-05-23 14:20:19,074 INFO [T4] leaf pattern=004745???? got=13 saved=13
2026-05-23 14:20:19,257 INFO [T9] leaf pattern=004746???? got=15 saved=15
2026-05-23 14:20:19,305 INFO [T23] leaf pattern=004747???? got=3 saved=3
2026-05-23 14:20:19,649 INFO [T28] leaf pattern=004748???? got=8 saved=8
2026-05-23 14:20:19,677 INFO [T10] leaf pattern=004749???? got=21 saved=21
2026-05-23 14:20:20,013 INFO [T27] leaf pattern=004771???? got=17 saved=17
2026-05-23 14:20:20,113 INFO [T17] leaf pattern=004770???? got=19 saved=19
2026-05-23 14:20:20,413 INFO [T21] leaf pattern=004775???? got=9 saved=9
2026-05-23 14:20:20,448 INFO [T12] leaf pattern=004773???? got=5 saved=5
2026-05-23 14:20:20,563 INFO [T30] leaf pattern=004772???? got=12 saved=12
2026-05-23 14:20:20,714 INFO [T2] leaf pattern=004776???? got=3 saved=3
2026-05-23 14:20:20,814 INFO [T22] leaf pattern=004777???? got=0 saved=0
2026-05-23 14:20:20,954 INFO [T6] leaf pattern=004778???? got=5 saved=5
2026-05-23 14:20:21,040 INFO [T11] leaf pattern=004780???? got=11 saved=11
2026-05-23 14:20:21,204 INFO [T18] leaf pattern=004779???? got=7 saved=7
2026-05-23 14:20:21,336 INFO [T5] leaf pattern=004781???? got=14 saved=14
2026-05-23 14:20:21,385 INFO [T25] leaf pattern=004782???? got=6 saved=6
2026-05-23 14:20:21,439 INFO [T14] leaf pattern=004774???? got=5 saved=5
2026-05-23 14:20:21,765 INFO [T1] leaf pattern=004783???? got=8 saved=8
2026-05-23 14:20:21,838 INFO [T3] leaf pattern=004785???? got=13 saved=13
2026-05-23 14:20:22,015 INFO [T15] leaf pattern=004786???? got=4 saved=4
2026-05-23 14:20:22,086 INFO [T20] leaf pattern=004788???? got=6 saved=6
2026-05-23 14:20:22,149 INFO [T29] leaf pattern=004784???? got=10 saved=10
2026-05-23 14:20:22,208 INFO [T8] leaf pattern=004789???? got=5 saved=5
2026-05-23 14:20:22,269 INFO [T24] leaf pattern=004787???? got=7 saved=7
2026-05-23 14:20:22,331 INFO [T7] leaf pattern=004730???? got=9 saved=9
2026-05-23 14:20:22,524 INFO [T16] leaf pattern=004731???? got=12 saved=12
2026-05-23 14:20:22,636 INFO [T26] leaf pattern=004733???? got=5 saved=5
2026-05-23 14:20:22,679 INFO [T13] leaf pattern=004732???? got=13 saved=13
2026-05-23 14:20:22,695 INFO [T19] leaf pattern=004734???? got=8 saved=8
2026-05-23 14:20:23,322 INFO [T4] leaf pattern=004735???? got=17 saved=17
2026-05-23 14:20:23,334 INFO [T9] leaf pattern=004736???? got=5 saved=5
2026-05-23 14:20:23,351 INFO [T23] leaf pattern=004737???? got=7 saved=7
2026-05-23 14:20:23,709 INFO [T10] leaf pattern=004739???? got=16 saved=16
2026-05-23 14:20:23,956 INFO [T28] leaf pattern=004738???? got=14 saved=14
2026-05-23 14:20:24,069 INFO [T27] leaf pattern=004810???? got=14 saved=14
2026-05-23 14:20:24,105 INFO [T17] leaf pattern=004811???? got=6 saved=6
2026-05-23 14:20:24,385 INFO [T21] leaf pattern=004812???? got=8 saved=8
2026-05-23 14:20:24,654 INFO [T30] leaf pattern=004814???? got=13 saved=13
2026-05-23 14:20:24,670 INFO [T12] leaf pattern=004813???? got=5 saved=5
2026-05-23 14:20:24,685 INFO [T2] leaf pattern=004815???? got=11 saved=11
2026-05-23 14:20:24,847 INFO [T22] leaf pattern=004816???? got=3 saved=3
2026-05-23 14:20:25,059 INFO [T11] leaf pattern=004818???? got=6 saved=6
2026-05-23 14:20:25,180 INFO [T6] leaf pattern=004817???? got=7 saved=7
2026-05-23 14:20:25,335 INFO [T18] leaf pattern=004819???? got=5 saved=5
2026-05-23 14:20:25,458 INFO [T14] leaf pattern=004792???? got=5 saved=5
2026-05-23 14:20:25,476 INFO [T25] leaf pattern=004791???? got=8 saved=8
2026-05-23 14:20:25,480 INFO [T5] leaf pattern=004790???? got=6 saved=6
2026-05-23 14:20:25,803 INFO [T3] leaf pattern=004794???? got=15 saved=15
2026-05-23 14:20:25,823 INFO [T1] leaf pattern=004793???? got=8 saved=8
2026-05-23 14:20:26,049 INFO [T15] leaf pattern=004795???? got=10 saved=10
2026-05-23 14:20:26,335 INFO [T20] leaf pattern=004796???? got=12 saved=12
2026-05-23 14:20:26,351 INFO [T8] leaf pattern=004798???? got=11 saved=11
2026-05-23 14:20:26,368 INFO [T24] leaf pattern=004799???? got=6 saved=6
2026-05-23 14:20:26,379 INFO [T7] leaf pattern=004800???? got=4 saved=4
2026-05-23 14:20:26,431 INFO [T29] leaf pattern=004797???? got=14 saved=14
2026-05-23 14:20:26,638 INFO [T13] leaf pattern=004803???? got=10 saved=10
2026-05-23 14:20:26,702 INFO [T16] leaf pattern=004801???? got=9 saved=9
2026-05-23 14:20:26,732 INFO [T19] leaf pattern=004804???? got=9 saved=9
2026-05-23 14:20:26,831 INFO [T26] leaf pattern=004802???? got=8 saved=8
2026-05-23 14:20:27,396 INFO [T9] leaf pattern=004806???? got=6 saved=6
2026-05-23 14:20:27,424 INFO [T4] leaf pattern=004805???? got=9 saved=9
2026-05-23 14:20:27,437 INFO [T23] leaf pattern=004807???? got=9 saved=9
2026-05-23 14:20:27,651 INFO [T10] leaf pattern=004808???? got=8 saved=8
2026-05-23 14:20:28,037 INFO [T28] leaf pattern=004809???? got=2 saved=2
2026-05-23 14:20:28,063 INFO [T17] leaf pattern=004841???? got=12 saved=12
2026-05-23 14:20:28,082 INFO [T27] leaf pattern=004840???? got=16 saved=16
2026-05-23 14:20:28,329 INFO [T21] leaf pattern=004842???? got=13 saved=13
2026-05-23 14:20:28,643 INFO [T12] leaf pattern=004844???? got=6 saved=6
2026-05-23 14:20:28,842 INFO [T2] leaf pattern=004845???? got=15 saved=15
2026-05-23 14:20:28,852 INFO [T30] leaf pattern=004843???? got=17 saved=17
2026-05-23 14:20:28,918 INFO [T22] leaf pattern=004846???? got=14 saved=14
2026-05-23 14:20:29,068 INFO [T11] leaf pattern=004847???? got=13 saved=13
2026-05-23 14:20:29,173 INFO [T6] leaf pattern=004848???? got=7 saved=7
2026-05-23 14:20:29,405 INFO [T25] leaf pattern=004821???? got=8 saved=8
2026-05-23 14:20:29,424 INFO [T18] leaf pattern=004849???? got=12 saved=12
2026-05-23 14:20:29,531 INFO [T14] leaf pattern=004820???? got=7 saved=7
2026-05-23 14:20:29,553 INFO [T5] leaf pattern=004822???? got=3 saved=3
2026-05-23 14:20:29,791 INFO [T1] leaf pattern=004824???? got=14 saved=14
2026-05-23 14:20:29,825 INFO [T3] leaf pattern=004823???? got=5 saved=5
2026-05-23 14:20:30,044 INFO [T15] leaf pattern=004825???? got=13 saved=13
2026-05-23 14:20:30,378 INFO [T29] leaf pattern=004870???? got=17 saved=17
2026-05-23 14:20:30,402 INFO [T8] leaf pattern=004827???? got=7 saved=7
2026-05-23 14:20:30,419 INFO [T24] leaf pattern=004828???? got=11 saved=11
2026-05-23 14:20:30,428 INFO [T20] leaf pattern=004826???? got=8 saved=8
2026-05-23 14:20:30,482 INFO [T7] leaf pattern=004829???? got=17 saved=17
2026-05-23 14:20:30,632 INFO [T13] leaf pattern=004871???? got=15 saved=15
2026-05-23 14:20:30,754 INFO [T19] leaf pattern=004873???? got=10 saved=10
2026-05-23 14:20:30,807 INFO [T16] leaf pattern=004872???? got=12 saved=12
2026-05-23 14:20:30,888 INFO [T26] leaf pattern=004874???? got=11 saved=11
2026-05-23 14:20:31,425 INFO [T23] leaf pattern=004877???? got=1 saved=1
2026-05-23 14:20:31,442 INFO [T4] leaf pattern=004876???? got=8 saved=8
2026-05-23 14:20:31,473 INFO [T9] leaf pattern=004875???? got=8 saved=8
2026-05-23 14:20:31,690 INFO [T10] leaf pattern=004878???? got=2 saved=2
2026-05-23 14:20:32,023 INFO [T28] leaf pattern=004879???? got=5 saved=5
2026-05-23 14:20:32,068 INFO [T27] leaf pattern=004851???? got=14 saved=14
2026-05-23 14:20:32,218 INFO [T17] leaf pattern=004850???? got=13 saved=13
2026-05-23 14:20:32,653 INFO [T21] leaf pattern=004852???? got=10 saved=10
2026-05-23 14:20:32,718 INFO [T12] leaf pattern=004853???? got=13 saved=13
2026-05-23 14:20:32,747 INFO [T30] leaf pattern=004855???? got=3 saved=3
2026-05-23 14:20:32,853 INFO [T2] leaf pattern=004854???? got=12 saved=12
2026-05-23 14:20:33,149 INFO [T11] leaf pattern=004857???? got=14 saved=14
2026-05-23 14:20:33,211 INFO [T6] leaf pattern=004858???? got=13 saved=13
2026-05-23 14:20:33,452 INFO [T25] leaf pattern=004859???? got=11 saved=11
2026-05-23 14:20:33,505 INFO [T14] leaf pattern=004831???? got=13 saved=13
2026-05-23 14:20:33,632 INFO [T5] leaf pattern=004832???? got=11 saved=11
2026-05-23 14:20:33,775 INFO [T1] leaf pattern=004833???? got=1 saved=1
2026-05-23 14:20:33,801 INFO [T3] leaf pattern=004834???? got=5 saved=5
2026-05-23 14:20:33,813 INFO [T18] leaf pattern=004830???? got=5 saved=5
2026-05-23 14:20:33,898 INFO [T22] leaf pattern=004856???? got=15 saved=15
2026-05-23 14:20:34,120 INFO [T15] leaf pattern=004835???? got=6 saved=6
2026-05-23 14:20:34,346 INFO [T29] leaf pattern=004836???? got=12 saved=12
2026-05-23 14:20:34,449 INFO [T8] leaf pattern=004837???? got=8 saved=8
2026-05-23 14:20:34,454 INFO [T24] leaf pattern=004838???? got=7 saved=7
2026-05-23 14:20:34,459 INFO [T7] leaf pattern=004860???? got=15 saved=15
2026-05-23 14:20:34,627 INFO [T20] leaf pattern=004839???? got=15 saved=15
2026-05-23 14:20:34,903 INFO [T19] leaf pattern=004862???? got=12 saved=12
2026-05-23 14:20:34,917 INFO [T16] leaf pattern=004863???? got=8 saved=8
2026-05-23 14:20:34,936 INFO [T26] leaf pattern=004864???? got=15 saved=15
2026-05-23 14:20:35,057 INFO [T13] leaf pattern=004861???? got=18 saved=18
2026-05-23 14:20:35,394 INFO [T23] leaf pattern=004865???? got=11 saved=11
2026-05-23 14:20:35,458 INFO [T4] leaf pattern=004866???? got=3 saved=3
2026-05-23 14:20:35,533 INFO [T9] leaf pattern=004867???? got=10 saved=10
2026-05-23 14:20:35,779 INFO [T10] leaf pattern=004868???? got=6 saved=6
2026-05-23 14:20:36,022 INFO [T28] leaf pattern=004869???? got=18 saved=18
2026-05-23 14:20:36,145 INFO [T27] leaf pattern=004880???? got=4 saved=4
2026-05-23 14:20:36,220 INFO [T17] leaf pattern=004881???? got=8 saved=8
2026-05-23 14:20:36,658 INFO [T21] leaf pattern=004882???? got=6 saved=6
2026-05-23 14:20:36,791 INFO [T30] leaf pattern=004884???? got=6 saved=6
2026-05-23 14:20:36,800 INFO [T12] leaf pattern=004883???? got=8 saved=8
2026-05-23 14:20:36,857 INFO [T2] leaf pattern=004885???? got=12 saved=12
2026-05-23 14:20:37,208 INFO [T11] leaf pattern=004886???? got=7 saved=7
2026-05-23 14:20:37,237 INFO [T6] leaf pattern=004887???? got=3 saved=3
2026-05-23 14:20:37,506 INFO [T25] leaf pattern=004888???? got=0 saved=0
2026-05-23 14:20:37,512 INFO [T14] leaf pattern=004889???? got=5 saved=5
2026-05-23 14:20:37,770 INFO [T1] leaf pattern=004711???? got=3 saved=3
2026-05-23 14:20:37,791 INFO [T5] leaf pattern=004710???? got=13 saved=13
2026-05-23 14:20:37,807 INFO [T3] leaf pattern=004712???? got=14 saved=14
2026-05-23 14:20:37,812 INFO [T18] leaf pattern=004713???? got=7 saved=7
2026-05-23 14:20:37,938 INFO [T22] leaf pattern=004714???? got=11 saved=11
2026-05-23 14:20:38,140 INFO [T15] leaf pattern=004715???? got=10 saved=10
2026-05-23 14:20:38,404 INFO [T8] leaf pattern=004717???? got=13 saved=13
2026-05-23 14:20:38,445 INFO [T7] leaf pattern=004719???? got=14 saved=14
2026-05-23 14:20:38,465 INFO [T24] leaf pattern=004718???? got=17 saved=17
2026-05-23 14:20:38,527 INFO [T29] leaf pattern=004716???? got=16 saved=16
2026-05-23 14:20:38,607 INFO [T20] leaf pattern=004910???? got=12 saved=12
2026-05-23 14:20:38,913 INFO [T26] leaf pattern=004913???? got=12 saved=12
2026-05-23 14:20:38,987 INFO [T19] leaf pattern=004911???? got=5 saved=5
2026-05-23 14:20:39,049 INFO [T13] leaf pattern=004914???? got=5 saved=5
2026-05-23 14:20:39,131 INFO [T16] leaf pattern=004912???? got=6 saved=6
2026-05-23 14:20:39,391 INFO [T23] leaf pattern=004915???? got=8 saved=8
2026-05-23 14:20:39,522 INFO [T4] leaf pattern=004916???? got=14 saved=14
2026-05-23 14:20:39,543 INFO [T9] leaf pattern=004917???? got=9 saved=9
2026-05-23 14:20:39,792 INFO [T10] leaf pattern=004918???? got=11 saved=11
2026-05-23 14:20:40,159 INFO [T27] leaf pattern=004900???? got=5 saved=5
2026-05-23 14:20:40,185 INFO [T17] leaf pattern=004901???? got=15 saved=15
2026-05-23 14:20:40,193 INFO [T28] leaf pattern=004919???? got=7 saved=7
2026-05-23 14:20:40,825 INFO [T12] leaf pattern=004904???? got=21 saved=21
2026-05-23 14:20:40,843 INFO [T30] leaf pattern=004903???? got=16 saved=16
2026-05-23 14:20:40,953 INFO [T2] leaf pattern=004905???? got=14 saved=14
2026-05-23 14:20:41,118 INFO [T21] leaf pattern=004902???? got=15 saved=15
2026-05-23 14:20:41,254 INFO [T11] leaf pattern=004906???? got=18 saved=18
2026-05-23 14:20:41,279 INFO [T6] leaf pattern=004907???? got=14 saved=14
2026-05-23 14:20:41,498 INFO [T14] leaf pattern=004909???? got=9 saved=9
2026-05-23 14:20:41,510 INFO [T25] leaf pattern=004908???? got=22 saved=22
2026-05-23 14:20:41,787 INFO [T3] leaf pattern=004921???? got=12 saved=12
2026-05-23 14:20:41,886 INFO [T5] leaf pattern=004922???? got=7 saved=7
2026-05-23 14:20:41,970 INFO [T22] leaf pattern=004924???? got=8 saved=8
2026-05-23 14:20:42,015 INFO [T1] leaf pattern=004920???? got=7 saved=7
2026-05-23 14:20:42,159 INFO [T15] leaf pattern=004925???? got=12 saved=12
2026-05-23 14:20:42,397 INFO [T8] leaf pattern=004926???? got=7 saved=7
2026-05-23 14:20:42,429 INFO [T7] leaf pattern=004927???? got=11 saved=11
2026-05-23 14:20:42,448 INFO [T18] leaf pattern=004923???? got=8 saved=8
2026-05-23 14:20:42,585 INFO [T24] leaf pattern=004928???? got=19 saved=19
2026-05-23 14:20:42,624 INFO [T29] leaf pattern=004929???? got=15 saved=15
2026-05-23 14:20:42,817 INFO [T20] leaf pattern=004930???? got=6 saved=6
2026-05-23 14:20:42,938 INFO [T26] leaf pattern=004931???? got=6 saved=6
2026-05-23 14:20:43,109 INFO [T19] leaf pattern=004932???? got=11 saved=11
2026-05-23 14:20:43,187 INFO [T16] leaf pattern=004934???? got=2 saved=2
2026-05-23 14:20:43,357 INFO [T13] leaf pattern=004933???? got=5 saved=5
2026-05-23 14:20:43,518 INFO [T4] leaf pattern=004936???? got=13 saved=13
2026-05-23 14:20:43,605 INFO [T9] leaf pattern=004937???? got=11 saved=11
2026-05-23 14:20:43,615 INFO [T23] leaf pattern=004935???? got=12 saved=12
2026-05-23 14:20:43,789 INFO [T10] leaf pattern=004938???? got=6 saved=6
2026-05-23 14:20:44,186 INFO [T28] leaf pattern=004941???? got=8 saved=8
2026-05-23 14:20:44,234 INFO [T27] leaf pattern=004939???? got=10 saved=10
2026-05-23 14:20:44,303 INFO [T17] leaf pattern=004940???? got=16 saved=16
2026-05-23 14:20:44,807 INFO [T30] leaf pattern=004943???? got=16 saved=16
2026-05-23 14:20:44,822 INFO [T12] leaf pattern=004942???? got=16 saved=16
2026-05-23 14:20:45,105 INFO [T21] leaf pattern=004945???? got=11 saved=11
2026-05-23 14:20:45,153 INFO [T2] leaf pattern=004944???? got=7 saved=7
2026-05-23 14:20:45,254 INFO [T6] leaf pattern=004947???? got=18 saved=18
2026-05-23 14:20:45,309 INFO [T11] leaf pattern=004946???? got=17 saved=17
2026-05-23 14:20:45,514 INFO [T14] leaf pattern=004948???? got=16 saved=16
2026-05-23 14:20:45,527 INFO [T25] leaf pattern=004949???? got=6 saved=6
2026-05-23 14:20:45,816 INFO [T3] leaf pattern=004980???? got=10 saved=10
2026-05-23 14:20:45,981 INFO [T22] leaf pattern=004982???? got=9 saved=9
2026-05-23 14:20:46,001 INFO [T5] leaf pattern=004981???? got=7 saved=7
2026-05-23 14:20:46,029 INFO [T1] leaf pattern=004983???? got=8 saved=8
2026-05-23 14:20:46,183 INFO [T15] leaf pattern=004984???? got=7 saved=7
2026-05-23 14:20:46,373 INFO [T7] leaf pattern=004986???? got=7 saved=7
2026-05-23 14:20:46,481 INFO [T18] leaf pattern=004987???? got=4 saved=4
2026-05-23 14:20:46,496 INFO [T8] leaf pattern=004985???? got=17 saved=17
2026-05-23 14:20:46,585 INFO [T24] leaf pattern=004988???? got=0 saved=0
2026-05-23 14:20:46,908 INFO [T20] leaf pattern=004990???? got=11 saved=11
2026-05-23 14:20:47,048 INFO [T19] leaf pattern=004992???? got=12 saved=12
2026-05-23 14:20:47,331 INFO [T13] leaf pattern=004994???? got=7 saved=7
2026-05-23 14:20:47,408 WARNING [T26] SSLError attempt=1/3 pattern=004991????: HTTPSConnectionPool(host='vietteltelecom.vn', port=443): Max retries exceeded with url: /api/get/sim (Caused by SSLError
2026-05-23 14:20:47,409 INFO [T26] rotate IP 3161a91e → c98392b0
2026-05-23 14:20:47,589 INFO [T16] leaf pattern=004993???? got=2 saved=2
2026-05-23 14:20:47,607 INFO [T23] leaf pattern=004997???? got=8 saved=8
2026-05-23 14:20:47,700 INFO [T4] leaf pattern=004995???? got=8 saved=8
2026-05-23 14:20:47,706 INFO [T9] leaf pattern=004996???? got=11 saved=11
2026-05-23 14:20:47,798 INFO [T10] leaf pattern=004998???? got=10 saved=10
2026-05-23 14:20:48,249 INFO [T28] leaf pattern=004999???? got=0 saved=0
2026-05-23 14:20:48,262 INFO [T27] leaf pattern=008220???? got=7 saved=7
2026-05-23 14:20:48,443 INFO [T17] leaf pattern=008221???? got=4 saved=4
2026-05-23 14:20:48,831 INFO [T30] leaf pattern=008222???? got=0 saved=0
2026-05-23 14:20:49,054 INFO [T21] leaf pattern=008224???? got=16 saved=16
2026-05-23 14:20:49,261 INFO [T2] leaf pattern=008225???? got=6 saved=6
2026-05-23 14:20:49,282 INFO [T6] leaf pattern=008226???? got=9 saved=9
2026-05-23 14:20:49,357 INFO [T11] leaf pattern=008227???? got=5 saved=5
2026-05-23 14:20:49,509 INFO [T14] leaf pattern=008228???? got=10 saved=10
2026-05-23 14:20:49,531 INFO [T25] leaf pattern=008229???? got=13 saved=13
2026-05-23 14:20:49,538 INFO [T12] D1N refreshed 6800b3a54a01a852…
2026-05-23 14:20:49,988 INFO [T3] leaf pattern=008210???? got=22 saved=22
2026-05-23 14:20:50,016 INFO [T5] leaf pattern=008212???? got=14 saved=14
2026-05-23 14:20:50,028 INFO [T1] leaf pattern=008213???? got=22 saved=22
2026-05-23 14:20:50,053 INFO [T22] leaf pattern=008211???? got=12 saved=12
2026-05-23 14:20:50,363 INFO [T15] expand pattern=008214???? got=30 ≥ 30 → split into 10 children
2026-05-23 14:20:50,378 INFO [T7] leaf pattern=008215???? got=27 saved=27
2026-05-23 14:20:50,504 INFO [T18] leaf pattern=008216???? got=28 saved=28
2026-05-23 14:20:50,661 INFO [T24] leaf pattern=008218???? got=21 saved=21
2026-05-23 14:20:50,673 INFO [T8] leaf pattern=008217???? got=29 saved=29
2026-05-23 14:20:50,986 INFO [T20] leaf pattern=008219???? got=27 saved=27
2026-05-23 14:20:51,041 INFO [T19] leaf pattern=008240???? got=11 saved=11
2026-05-23 14:20:51,044 WARNING [T29] ConnectionError attempt=1/3 pattern=004989????: ('Connection aborted.', ConnectionResetError(10054, 'An existing connection was forcibly closed by the remote host', Non
2026-05-23 14:20:51,044 INFO [T29] rotate IP add763e4 → 97a7e538
2026-05-23 14:20:51,387 INFO [T13] leaf pattern=008241???? got=15 saved=15
2026-05-23 14:20:51,625 INFO [T23] leaf pattern=008243???? got=9 saved=9
2026-05-23 14:20:51,640 INFO [T16] leaf pattern=008242???? got=7 saved=7
2026-05-23 14:20:51,805 INFO [T4] leaf pattern=008244???? got=14 saved=14
2026-05-23 14:20:51,822 INFO [T9] leaf pattern=008245???? got=13 saved=13
2026-05-23 14:20:51,837 INFO [T10] leaf pattern=008246???? got=13 saved=13
2026-05-23 14:20:52,385 INFO [T28] leaf pattern=008247???? got=25 saved=25
2026-05-23 14:20:52,466 INFO [T17] leaf pattern=008249???? got=21 saved=21
2026-05-23 14:20:52,848 INFO [T30] leaf pattern=008230???? got=10 saved=10
2026-05-23 14:20:53,061 INFO [T21] leaf pattern=008231???? got=14 saved=14
2026-05-23 14:20:53,252 INFO [T27] leaf pattern=008248???? got=16 saved=16
2026-05-23 14:20:53,295 INFO [T2] leaf pattern=008232???? got=19 saved=19
2026-05-23 14:20:53,502 INFO [T6] leaf pattern=008233???? got=21 saved=21
2026-05-23 14:20:53,565 INFO [T11] leaf pattern=008234???? got=21 saved=21
2026-05-23 14:20:53,598 INFO [T14] leaf pattern=008235???? got=26 saved=26
2026-05-23 14:20:53,604 INFO [T25] leaf pattern=008236???? got=18 saved=18
2026-05-23 14:20:53,819 WARNING [T26] ConnectionError attempt=2/3 pattern=004991????: ('Connection aborted.', ConnectionResetError(10054, 'An existing connection was forcibly closed by the remote host', Non
2026-05-23 14:20:53,819 INFO [T26] rotate IP c98392b0 → f7514775
2026-05-23 14:20:53,872 INFO [T29] D1N refreshed d428d1f3de813db8…
2026-05-23 14:20:54,035 INFO [T3] leaf pattern=008237???? got=16 saved=16
2026-05-23 14:20:54,063 INFO [T1] leaf pattern=008239???? got=11 saved=11
2026-05-23 14:20:54,068 INFO [T22] leaf pattern=008250???? got=6 saved=6
2026-05-23 14:20:54,081 INFO [T5] leaf pattern=008238???? got=5 saved=5
2026-05-23 14:20:54,331 INFO [T15] leaf pattern=008251???? got=8 saved=8
2026-05-23 14:20:54,384 INFO [T7] leaf pattern=008252???? got=7 saved=7
2026-05-23 14:20:54,625 INFO [T18] leaf pattern=008253???? got=11 saved=11
2026-05-23 14:20:54,630 INFO [T8] leaf pattern=008255???? got=7 saved=7
2026-05-23 14:20:54,634 INFO [T12] leaf pattern=008223???? got=16 saved=16
2026-05-23 14:20:54,658 INFO [T24] leaf pattern=008254???? got=19 saved=19
2026-05-23 14:20:55,053 INFO [T19] leaf pattern=008257???? got=14 saved=14
2026-05-23 14:20:55,066 INFO [T20] leaf pattern=008256???? got=10 saved=10
2026-05-23 14:20:55,368 INFO [T13] leaf pattern=008258???? got=6 saved=6
2026-05-23 14:20:55,732 INFO [T16] leaf pattern=008270???? got=6 saved=6
2026-05-23 14:20:55,798 INFO [T4] leaf pattern=008271???? got=15 saved=15
2026-05-23 14:20:55,892 INFO [T10] leaf pattern=008273???? got=10 saved=10
2026-05-23 14:20:55,908 INFO [T9] leaf pattern=008272???? got=11 saved=11
2026-05-23 14:20:56,019 INFO [T23] leaf pattern=008259???? got=9 saved=9
2026-05-23 14:20:56,368 INFO [T28] leaf pattern=008274???? got=12 saved=12
2026-05-23 14:20:56,465 INFO [T17] leaf pattern=008275???? got=19 saved=19
2026-05-23 14:20:56,873 INFO [T30] leaf pattern=008276???? got=17 saved=17
2026-05-23 14:20:57,044 INFO [T21] leaf pattern=008277???? got=10 saved=10
2026-05-23 14:20:57,228 INFO [T27] leaf pattern=008278???? got=18 saved=18
2026-05-23 14:20:57,323 INFO [T2] leaf pattern=008279???? got=25 saved=25
2026-05-23 14:20:57,457 INFO [T6] leaf pattern=008280???? got=12 saved=12
2026-05-23 14:20:57,544 INFO [T14] leaf pattern=008282???? got=4 saved=4
2026-05-23 14:20:57,549 INFO [T26] D1N refreshed 82286df6ec3953da…
2026-05-23 14:20:57,567 INFO [T11] leaf pattern=008281???? got=9 saved=9
2026-05-23 14:20:57,947 INFO [T25] leaf pattern=008283???? got=14 saved=14
2026-05-23 14:20:57,996 INFO [T1] leaf pattern=008285???? got=15 saved=15
2026-05-23 14:20:58,011 INFO [T22] leaf pattern=008286???? got=24 saved=24
2026-05-23 14:20:58,068 INFO [T5] leaf pattern=008287???? got=26 saved=26
2026-05-23 14:20:58,083 INFO [T3] leaf pattern=008284???? got=16 saved=16
2026-05-23 14:20:58,331 INFO [T15] leaf pattern=008288???? got=9 saved=9
2026-05-23 14:20:58,360 INFO [T7] leaf pattern=008289???? got=27 saved=27
2026-05-23 14:20:58,575 INFO [T8] leaf pattern=008291???? got=27 saved=27
2026-05-23 14:20:58,634 INFO [T18] expand pattern=008290???? got=30 ≥ 30 → split into 10 children
2026-05-23 14:20:58,666 INFO [T24] leaf pattern=008293???? got=21 saved=21
2026-05-23 14:20:58,680 INFO [T12] leaf pattern=008292???? got=15 saved=15
2026-05-23 14:20:59,015 INFO [T19] leaf pattern=008294???? got=25 saved=25
2026-05-23 14:20:59,080 INFO [T29] leaf pattern=004989???? got=10 saved=10
2026-05-23 14:20:59,302 INFO [T20] leaf pattern=008295???? got=11 saved=11
2026-05-23 14:20:59,358 INFO [T13] leaf pattern=008296???? got=12 saved=12
2026-05-23 14:20:59,798 WARNING [T23] ec=1 rate limited, rotating IP
2026-05-23 14:20:59,798 INFO [T23] rotate IP 4eebc2f3 → 07f1bc61
2026-05-23 14:20:59,947 INFO [T10] leaf pattern=008299???? got=2 saved=2
2026-05-23 14:21:00,036 INFO [T4] leaf pattern=008298???? got=12 saved=12
2026-05-23 14:21:00,064 INFO [T16] leaf pattern=008297???? got=10 saved=10
2026-05-23 14:21:00,313 INFO [T9] leaf pattern=008200???? got=0 saved=0
2026-05-23 14:21:00,390 INFO [T28] leaf pattern=008202???? got=23 saved=23
2026-05-23 14:21:00,471 INFO [T17] leaf pattern=008203???? got=26 saved=26
2026-05-23 14:21:00,829 INFO [T30] leaf pattern=008204???? got=27 saved=27
2026-05-23 14:21:01,085 INFO [T21] leaf pattern=008205???? got=29 saved=29
2026-05-23 14:21:01,284 INFO [T27] leaf pattern=008206???? got=25 saved=25
2026-05-23 14:21:01,421 INFO [T2] leaf pattern=008207???? got=28 saved=28
2026-05-23 14:21:01,645 INFO [T6] leaf pattern=008208???? got=26 saved=26
2026-05-23 14:21:01,661 INFO [T14] leaf pattern=008209???? got=27 saved=27
2026-05-23 14:21:01,927 INFO [T25] leaf pattern=008261???? got=9 saved=9
2026-05-23 14:21:02,045 INFO [T1] leaf pattern=008262???? got=10 saved=10
2026-05-23 14:21:02,067 INFO [T22] leaf pattern=008263???? got=12 saved=12
2026-05-23 14:21:02,082 INFO [T3] leaf pattern=008265???? got=5 saved=5
2026-05-23 14:21:02,133 INFO [T5] leaf pattern=008264???? got=16 saved=16
2026-05-23 14:21:02,473 INFO [T15] leaf pattern=008266???? got=5 saved=5
2026-05-23 14:21:02,505 INFO [T7] leaf pattern=008267???? got=5 saved=5
2026-05-23 14:21:02,612 INFO [T8] leaf pattern=008268???? got=8 saved=8
2026-05-23 14:21:02,719 INFO [T12] leaf pattern=008301???? got=20 saved=20
2026-05-23 14:21:02,754 INFO [T18] leaf pattern=008269???? got=13 saved=13
2026-05-23 14:21:02,777 INFO [T11] leaf pattern=008260???? got=10 saved=10
2026-05-23 14:21:02,807 INFO [T24] leaf pattern=008300???? got=1 saved=1
2026-05-23 14:21:02,926 INFO [T26] leaf pattern=004991???? got=6 saved=6
2026-05-23 14:21:02,975 INFO [T19] leaf pattern=008302???? got=20 saved=20
2026-05-23 14:21:03,345 INFO [T13] leaf pattern=008305???? got=27 saved=27
2026-05-23 14:21:03,599 INFO [T20] leaf pattern=008304???? got=26 saved=26
2026-05-23 14:21:03,962 INFO [T10] leaf pattern=008306???? got=28 saved=28
2026-05-23 14:21:04,107 INFO [T4] expand pattern=008307???? got=32 ≥ 30 → split into 10 children
2026-05-23 14:21:04,149 INFO [T16] leaf pattern=008308???? got=23 saved=23
2026-05-23 14:21:04,347 INFO [T29] leaf pattern=008303???? got=7 saved=7
2026-05-23 14:21:04,476 INFO [T28] leaf pattern=008340???? got=27 saved=27
2026-05-23 14:21:04,550 INFO [T17] leaf pattern=008341???? got=27 saved=27
2026-05-23 14:21:04,581 INFO [T9] leaf pattern=008309???? got=13 saved=13
2026-05-23 14:21:04,815 INFO [T30] leaf pattern=008342???? got=22 saved=22
2026-05-23 14:21:05,213 WARNING [T23] ConnectionError attempt=1/3 pattern=008201????: ('Connection aborted.', ConnectionResetError(10054, 'An existing connection was forcibly closed by the remote host', Non
2026-05-23 14:21:05,213 INFO [T23] rotate IP 07f1bc61 → 514b66d4
2026-05-23 14:21:05,307 INFO [T27] leaf pattern=008344???? got=12 saved=12
2026-05-23 14:21:05,361 INFO [T21] leaf pattern=008343???? got=23 saved=23
2026-05-23 14:21:05,460 INFO [T2] leaf pattern=008345???? got=24 saved=24
2026-05-23 14:21:05,674 INFO [T14] leaf pattern=008347???? got=11 saved=11
2026-05-23 14:21:05,701 INFO [T6] leaf pattern=008346???? got=27 saved=27
2026-05-23 14:21:05,711 WARNING [T25] ec=1 rate limited, rotating IP
2026-05-23 14:21:05,711 INFO [T25] rotate IP a61cdaf8 → 2a15f6fc
2026-05-23 14:21:06,057 INFO [T1] leaf pattern=008349???? got=18 saved=18
2026-05-23 14:21:06,101 INFO [T3] leaf pattern=008321???? got=8 saved=8
2026-05-23 14:21:06,160 INFO [T22] leaf pattern=008320???? got=4 saved=4
2026-05-23 14:21:06,306 INFO [T5] leaf pattern=008322???? got=1 saved=1
2026-05-23 14:21:06,463 INFO [T15] leaf pattern=008323???? got=1 saved=1
2026-05-23 14:21:06,581 INFO [T8] leaf pattern=008325???? got=7 saved=7
2026-05-23 14:21:06,685 INFO [T7] leaf pattern=008324???? got=10 saved=10
2026-05-23 14:21:06,739 INFO [T12] leaf pattern=008326???? got=9 saved=9
2026-05-23 14:21:06,747 INFO [T11] leaf pattern=008328???? got=4 saved=4
2026-05-23 14:21:06,966 INFO [T18] leaf pattern=008327???? got=8 saved=8
2026-05-23 14:21:06,985 INFO [T26] leaf pattern=004950???? got=14 saved=14
2026-05-23 14:21:07,071 INFO [T24] leaf pattern=008329???? got=5 saved=5
2026-05-23 14:21:07,354 INFO [T19] leaf pattern=004951???? got=11 saved=11
2026-05-23 14:21:07,484 INFO [T13] leaf pattern=004952???? got=10 saved=10
2026-05-23 14:21:07,975 INFO [T10] leaf pattern=004954???? got=10 saved=10
2026-05-23 14:21:08,127 INFO [T20] leaf pattern=004953???? got=12 saved=12
2026-05-23 14:21:08,194 INFO [T4] leaf pattern=004955???? got=3 saved=3
2026-05-23 14:21:08,226 INFO [T16] leaf pattern=004956???? got=16 saved=16
2026-05-23 14:21:08,414 INFO [T29] leaf pattern=004957???? got=14 saved=14
2026-05-23 14:21:08,501 INFO [T28] leaf pattern=004958???? got=10 saved=10
2026-05-23 14:21:08,523 INFO [T17] leaf pattern=004959???? got=12 saved=12
2026-05-23 14:21:08,608 WARNING [T23] SSLError attempt=2/3 pattern=008201????: HTTPSConnectionPool(host='vietteltelecom.vn', port=443): Max retries exceeded with url: /api/get/sim (Caused by SSLError
2026-05-23 14:21:08,608 INFO [T23] rotate IP 514b66d4 → f5072c09
2026-05-23 14:21:08,664 INFO [T9] leaf pattern=004960???? got=11 saved=11
2026-05-23 14:21:08,833 INFO [T30] leaf pattern=004961???? got=12 saved=12
2026-05-23 14:21:09,339 INFO [T27] leaf pattern=004962???? got=10 saved=10
2026-05-23 14:21:09,452 INFO [T2] leaf pattern=004964???? got=14 saved=14
2026-05-23 14:21:09,736 INFO [T6] leaf pattern=004966???? got=14 saved=14
2026-05-23 14:21:09,886 INFO [T14] leaf pattern=004965???? got=14 saved=14
2026-05-23 14:21:10,028 INFO [T1] leaf pattern=004967???? got=17 saved=17
2026-05-23 14:21:10,089 INFO [T3] leaf pattern=004968???? got=8 saved=8
2026-05-23 14:21:10,320 INFO [T22] leaf pattern=004969???? got=16 saved=16
2026-05-23 14:21:10,355 WARNING [T8] ec=1 rate limited, rotating IP
2026-05-23 14:21:10,355 INFO [T8] rotate IP 6e66011b → 7b92c4a9
2026-05-23 14:21:10,404 INFO [T21] leaf pattern=004963???? got=17 saved=17
2026-05-23 14:21:10,413 INFO [T5] leaf pattern=008330???? got=4 saved=4
2026-05-23 14:21:10,438 INFO [T15] leaf pattern=008331???? got=5 saved=5
2026-05-23 14:21:10,657 INFO [T7] leaf pattern=008333???? got=0 saved=0
2026-05-23 14:21:10,724 INFO [T12] leaf pattern=008334???? got=4 saved=4
2026-05-23 14:21:10,978 INFO [T18] leaf pattern=008336???? got=4 saved=4
2026-05-23 14:21:11,013 INFO [T26] leaf pattern=008337???? got=8 saved=8
2026-05-23 14:21:11,033 INFO [T11] leaf pattern=008335???? got=12 saved=12
2026-05-23 14:21:11,133 WARNING [T25] ConnectionError attempt=1/3 pattern=008348????: ('Connection aborted.', ConnectionResetError(10054, 'An existing connection was forcibly closed by the remote host', Non
2026-05-23 14:21:11,133 INFO [T25] rotate IP 2a15f6fc → a6007e04
2026-05-23 14:21:11,173 INFO [T24] leaf pattern=008338???? got=3 saved=3
2026-05-23 14:21:11,511 INFO [T13] leaf pattern=008360???? got=18 saved=18
2026-05-23 14:21:11,693 INFO [T19] leaf pattern=008339???? got=20 saved=20
2026-05-23 14:21:12,009 INFO [T10] leaf pattern=008361???? got=19 saved=19
2026-05-23 14:21:12,070 INFO [T8] D1N refreshed b2feba9a6fc4af31…
2026-05-23 14:21:12,207 INFO [T20] leaf pattern=008362???? got=24 saved=24
2026-05-23 14:21:12,235 INFO [T16] leaf pattern=008364???? got=19 saved=19
2026-05-23 14:21:12,250 INFO [T4] leaf pattern=008363???? got=15 saved=15
2026-05-23 14:21:12,406 INFO [T29] leaf pattern=008365???? got=8 saved=8
2026-05-23 14:21:12,427 INFO [T23] D1N refreshed 7692ee8a1e955eaf…
2026-05-23 14:21:12,481 INFO [T17] leaf pattern=008367???? got=9 saved=9
2026-05-23 14:21:12,583 INFO [T28] leaf pattern=008366???? got=4 saved=4
2026-05-23 14:21:12,706 INFO [T9] leaf pattern=008368???? got=1 saved=1
2026-05-23 14:21:12,832 INFO [T30] leaf pattern=008369???? got=6 saved=6
2026-05-23 14:21:13,299 INFO [T27] leaf pattern=008370???? got=8 saved=8
2026-05-23 14:21:13,648 INFO [T2] leaf pattern=008371???? got=7 saved=7
2026-05-23 14:21:13,671 INFO [T6] leaf pattern=008372???? got=8 saved=8
2026-05-23 14:21:13,858 WARNING [T3] ec=1 rate limited, rotating IP
2026-05-23 14:21:13,858 INFO [T3] rotate IP ffedc150 → a941d9e3
2026-05-23 14:21:13,938 INFO [T25] D1N refreshed 114ccde7f0581766…
2026-05-23 14:21:14,049 INFO [T1] leaf pattern=008374???? got=16 saved=16
2026-05-23 14:21:14,189 WARNING [T5] ec=1 rate limited, rotating IP
2026-05-23 14:21:14,189 INFO [T5] rotate IP 9c230d15 → ad6b0d61
2026-05-23 14:21:14,219 INFO [T14] leaf pattern=008373???? got=6 saved=6
2026-05-23 14:21:14,331 INFO [T22] leaf pattern=008376???? got=8 saved=8
2026-05-23 14:21:14,387 INFO [T21] leaf pattern=008377???? got=5 saved=5
2026-05-23 14:21:14,563 INFO [T15] leaf pattern=008379???? got=10 saved=10
2026-05-23 14:21:14,759 INFO [T12] leaf pattern=008311???? got=3 saved=3
2026-05-23 14:21:14,771 INFO [T7] leaf pattern=008310???? got=20 saved=20
2026-05-23 14:21:15,027 INFO [T26] leaf pattern=008313???? got=8 saved=8
2026-05-23 14:21:15,048 INFO [T11] leaf pattern=008314???? got=9 saved=9
2026-05-23 14:21:15,066 INFO [T18] leaf pattern=008312???? got=14 saved=14
2026-05-23 14:21:15,257 INFO [T24] leaf pattern=008315???? got=5 saved=5
2026-05-23 14:21:15,499 INFO [T13] leaf pattern=008316???? got=8 saved=8
2026-05-23 14:21:15,612 INFO [T3] D1N refreshed 4ffad52e6ea296de…
2026-05-23 14:21:15,644 INFO [T19] leaf pattern=008317???? got=6 saved=6
2026-05-23 14:21:15,991 INFO [T5] D1N refreshed fbdadcd5c5c52b53…
2026-05-23 14:21:16,012 INFO [T10] leaf pattern=008318???? got=8 saved=8
2026-05-23 14:21:16,302 INFO [T20] leaf pattern=008319???? got=6 saved=6
2026-05-23 14:21:16,316 INFO [T4] leaf pattern=008351???? got=9 saved=9
2026-05-23 14:21:16,454 INFO [T29] leaf pattern=008352???? got=19 saved=19
2026-05-23 14:21:16,480 INFO [T16] leaf pattern=008350???? got=7 saved=7
2026-05-23 14:21:16,542 INFO [T17] leaf pattern=008353???? got=14 saved=14
2026-05-23 14:21:16,652 INFO [T28] leaf pattern=008354???? got=16 saved=16
2026-05-23 14:21:16,803 INFO [T9] leaf pattern=008355???? got=9 saved=9
2026-05-23 14:21:16,933 INFO [T30] leaf pattern=008356???? got=21 saved=21
2026-05-23 14:21:17,333 INFO [T27] leaf pattern=008357???? got=29 saved=29
2026-05-23 14:21:17,491 INFO [T8] leaf pattern=008332???? got=4 saved=4
2026-05-23 14:21:17,659 INFO [T2] leaf pattern=008358???? got=18 saved=18
2026-05-23 14:21:17,678 INFO [T23] leaf pattern=008201???? got=17 saved=17
2026-05-23 14:21:17,742 INFO [T6] leaf pattern=008359???? got=26 saved=26
2026-05-23 14:21:17,811 WARNING [T1] ec=1 rate limited, rotating IP
2026-05-23 14:21:17,812 INFO [T1] rotate IP ecc00040 → c6d053a4
2026-05-23 14:21:18,195 WARNING [T21] ec=1 rate limited, rotating IP
2026-05-23 14:21:18,195 INFO [T21] rotate IP f5b4b0c2 → d89d47e1
2026-05-23 14:21:18,323 INFO [T22] leaf pattern=004972???? got=13 saved=13
2026-05-23 14:21:18,597 INFO [T14] leaf pattern=004971???? got=11 saved=11
2026-05-23 14:21:18,817 INFO [T15] leaf pattern=004974???? got=10 saved=10
2026-05-23 14:21:18,829 INFO [T7] leaf pattern=004976???? got=10 saved=10
2026-05-23 14:21:18,843 INFO [T12] leaf pattern=004975???? got=6 saved=6
2026-05-23 14:21:19,049 INFO [T26] leaf pattern=004977???? got=3 saved=3
2026-05-23 14:21:19,063 INFO [T11] leaf pattern=004978???? got=4 saved=4
2026-05-23 14:21:19,077 INFO [T18] leaf pattern=004979???? got=7 saved=7
2026-05-23 14:21:19,146 WARNING [T24] ec=1 rate limited, rotating IP
2026-05-23 14:21:19,146 INFO [T24] rotate IP 836c72dd → 483d2d29
2026-05-23 14:21:19,229 INFO [T25] leaf pattern=008348???? got=13 saved=13
2026-05-23 14:21:19,669 INFO [T19] leaf pattern=008382???? got=13 saved=13
2026-05-23 14:21:19,683 INFO [T1] D1N refreshed aa1ee1c27f881529…
2026-05-23 14:21:19,943 INFO [T13] leaf pattern=008381???? got=5 saved=5
2026-05-23 14:21:20,038 INFO [T10] leaf pattern=008383???? got=3 saved=3
2026-05-23 14:21:20,223 INFO [T21] D1N refreshed 9d3cbb19ceb994a8…
2026-05-23 14:21:20,501 INFO [T20] leaf pattern=008384???? got=13 saved=13
2026-05-23 14:21:20,540 INFO [T16] leaf pattern=008387???? got=18 saved=18
2026-05-23 14:21:20,560 INFO [T17] leaf pattern=008388???? got=2 saved=2
2026-05-23 14:21:20,751 INFO [T28] leaf pattern=008389???? got=19 saved=19
2026-05-23 14:21:20,867 INFO [T24] D1N refreshed eeaa139961e23170…
2026-05-23 14:21:20,883 INFO [T9] leaf pattern=008390???? got=16 saved=16
2026-05-23 14:21:20,894 INFO [T3] leaf pattern=008375???? got=6 saved=6
2026-05-23 14:21:20,916 INFO [T30] leaf pattern=008391???? got=14 saved=14
2026-05-23 14:21:20,927 INFO [T29] leaf pattern=008386???? got=0 saved=0
2026-05-23 14:21:21,146 INFO [T5] leaf pattern=008378???? got=7 saved=7
2026-05-23 14:21:21,334 INFO [T27] leaf pattern=008392???? got=8 saved=8
2026-05-23 14:21:21,340 INFO [T4] leaf pattern=008385???? got=19 saved=19
2026-05-23 14:21:21,535 INFO [T8] leaf pattern=008393???? got=3 saved=3
2026-05-23 14:21:21,698 INFO [T2] leaf pattern=008394???? got=6 saved=6
2026-05-23 14:21:21,705 INFO [T6] leaf pattern=008396???? got=10 saved=10
2026-05-23 14:21:21,720 INFO [T23] leaf pattern=008395???? got=5 saved=5
2026-05-23 14:21:22,309 INFO [T22] leaf pattern=008397???? got=5 saved=5
2026-05-23 14:21:22,589 INFO [T14] leaf pattern=008398???? got=5 saved=5
2026-05-23 14:21:22,820 INFO [T15] leaf pattern=008399???? got=3 saved=3
2026-05-23 14:21:22,918 INFO [T12] leaf pattern=004891???? got=8 saved=8
2026-05-23 14:21:22,924 INFO [T7] leaf pattern=004890???? got=9 saved=9
2026-05-23 14:21:23,054 INFO [T18] leaf pattern=004894???? got=7 saved=7
2026-05-23 14:21:23,071 INFO [T26] leaf pattern=004892???? got=11 saved=11
2026-05-23 14:21:23,085 INFO [T11] leaf pattern=004893???? got=9 saved=9
2026-05-23 14:21:23,227 INFO [T25] leaf pattern=004895???? got=7 saved=7
2026-05-23 14:21:23,715 INFO [T19] leaf pattern=004896???? got=13 saved=13
2026-05-23 14:21:23,964 INFO [T13] leaf pattern=004897???? got=5 saved=5
2026-05-23 14:21:24,018 INFO [T10] leaf pattern=004898???? got=6 saved=6
2026-05-23 14:21:24,369 WARNING [T16] ec=1 rate limited, rotating IP
2026-05-23 14:21:24,369 INFO [T16] rotate IP a4925d17 → c4b2d384
2026-05-23 14:21:24,598 INFO [T20] leaf pattern=004899???? got=6 saved=6
2026-05-23 14:21:24,617 INFO [T17] leaf pattern=008401???? got=17 saved=17
2026-05-23 14:21:24,647 WARNING [T21] SSLError attempt=1/3 pattern=004973????: HTTPSConnectionPool(host='vietteltelecom.vn', port=443): Max retries exceeded with url: /api/get/sim (Caused by SSLError
2026-05-23 14:21:24,647 INFO [T21] rotate IP d89d47e1 → 5d6810fa
2026-05-23 14:21:24,709 INFO [T1] leaf pattern=004970???? got=13 saved=13
2026-05-23 14:21:24,784 INFO [T28] leaf pattern=008402???? got=12 saved=12
2026-05-23 14:21:24,919 INFO [T9] leaf pattern=008403???? got=22 saved=22
2026-05-23 14:21:24,963 INFO [T30] leaf pattern=008405???? got=20 saved=20
2026-05-23 14:21:25,002 INFO [T29] leaf pattern=008406???? got=13 saved=13
2026-05-23 14:21:25,024 INFO [T3] leaf pattern=008404???? got=15 saved=15
2026-05-23 14:21:25,347 INFO [T4] leaf pattern=008409???? got=16 saved=16
2026-05-23 14:21:25,399 INFO [T27] leaf pattern=008408???? got=11 saved=11
2026-05-23 14:21:25,522 WARNING [T2] ec=1 rate limited, rotating IP
2026-05-23 14:21:25,522 INFO [T2] rotate IP 1b4ed55a → c8281ff3
2026-05-23 14:21:25,550 INFO [T8] leaf pattern=008410???? got=11 saved=11
2026-05-23 14:21:25,647 INFO [T6] leaf pattern=008412???? got=9 saved=9
2026-05-23 14:21:25,694 INFO [T5] leaf pattern=008407???? got=13 saved=13
2026-05-23 14:21:25,802 INFO [T23] leaf pattern=008413???? got=19 saved=19
2026-05-23 14:21:25,953 INFO [T24] leaf pattern=008380???? got=3 saved=3
2026-05-23 14:21:26,265 INFO [T16] D1N refreshed beb17c1633375431…
2026-05-23 14:21:26,395 INFO [T22] leaf pattern=008414???? got=19 saved=19
2026-05-23 14:21:26,642 INFO [T14] leaf pattern=008415???? got=11 saved=11
2026-05-23 14:21:26,876 INFO [T15] leaf pattern=008416???? got=19 saved=19
2026-05-23 14:21:26,912 INFO [T12] leaf pattern=008417???? got=25 saved=25
2026-05-23 14:21:27,032 INFO [T7] leaf pattern=008418???? got=10 saved=10
2026-05-23 14:21:27,046 INFO [T26] leaf pattern=008430???? got=15 saved=15
2026-05-23 14:21:27,081 INFO [T18] leaf pattern=008419???? got=13 saved=13
2026-05-23 14:21:27,097 WARNING [T21] SSLError attempt=2/3 pattern=004973????: HTTPSConnectionPool(host='vietteltelecom.vn', port=443): Max retries exceeded with url: /api/get/sim (Caused by SSLError
2026-05-23 14:21:27,097 INFO [T21] rotate IP 5d6810fa → a969f435
2026-05-23 14:21:27,120 INFO [T11] leaf pattern=008431???? got=9 saved=9
2026-05-23 14:21:27,315 INFO [T25] leaf pattern=008432???? got=17 saved=17
2026-05-23 14:21:27,316 INFO [T2] D1N refreshed 6580f7248114e982…
2026-05-23 14:21:27,763 WARNING [T10] ec=1 rate limited, rotating IP
2026-05-23 14:21:27,763 INFO [T10] rotate IP 51c151ba → 6adb18d4
2026-05-23 14:21:28,017 INFO [T13] leaf pattern=008434???? got=11 saved=11
2026-05-23 14:21:28,200 INFO [T19] leaf pattern=008433???? got=7 saved=7
2026-05-23 14:21:28,608 INFO [T17] leaf pattern=008437???? got=13 saved=13
2026-05-23 14:21:28,685 INFO [T20] leaf pattern=008436???? got=8 saved=8
2026-05-23 14:21:28,745 INFO [T1] leaf pattern=008438???? got=10 saved=10
2026-05-23 14:21:28,930 INFO [T30] leaf pattern=008441???? got=15 saved=15
2026-05-23 14:21:28,937 INFO [T28] leaf pattern=008439???? got=12 saved=12
2026-05-23 14:21:29,020 INFO [T9] leaf pattern=008440???? got=8 saved=8
2026-05-23 14:21:29,064 INFO [T29] leaf pattern=008442???? got=12 saved=12
2026-05-23 14:21:29,103 INFO [T3] leaf pattern=008443???? got=12 saved=12
2026-05-23 14:21:29,360 INFO [T4] leaf pattern=008444???? got=0 saved=0
2026-05-23 14:21:29,437 INFO [T27] leaf pattern=008445???? got=7 saved=7
2026-05-23 14:21:29,571 INFO [T10] D1N refreshed 457ed004d237d871…
2026-05-23 14:21:29,588 INFO [T8] leaf pattern=008446???? got=16 saved=16
2026-05-23 14:21:29,780 INFO [T5] leaf pattern=008448???? got=2 saved=2
2026-05-23 14:21:29,973 INFO [T23] leaf pattern=008449???? got=15 saved=15
2026-05-23 14:21:29,987 INFO [T24] leaf pattern=008420???? got=10 saved=10
2026-05-23 14:21:30,474 INFO [T22] leaf pattern=008421???? got=16 saved=16
2026-05-23 14:21:30,613 INFO [T6] leaf pattern=008447???? got=7 saved=7
2026-05-23 14:21:30,621 INFO [T14] leaf pattern=008422???? got=8 saved=8
2026-05-23 14:21:30,849 WARNING [T21] D1N unresolved, rotating IP
2026-05-23 14:21:30,849 INFO [T21] rotate IP a969f435 → 0e54b4e9
2026-05-23 14:21:30,975 INFO [T15] leaf pattern=008423???? got=13 saved=13
2026-05-23 14:21:31,040 INFO [T7] leaf pattern=008425???? got=17 saved=17
2026-05-23 14:21:31,059 INFO [T18] leaf pattern=008427???? got=16 saved=16
2026-05-23 14:21:31,074 INFO [T12] leaf pattern=008424???? got=17 saved=17
2026-05-23 14:21:31,092 INFO [T26] leaf pattern=008426???? got=16 saved=16
2026-05-23 14:21:31,097 INFO [T11] leaf pattern=008428???? got=21 saved=21
2026-05-23 14:21:31,332 INFO [T25] leaf pattern=008429???? got=14 saved=14
2026-05-23 14:21:31,976 INFO [T16] leaf pattern=008400???? got=7 saved=7
2026-05-23 14:21:32,167 INFO [T19] leaf pattern=008451???? got=15 saved=15
2026-05-23 14:21:32,227 INFO [T13] leaf pattern=008450???? got=20 saved=20
2026-05-23 14:21:32,416 INFO [T2] leaf pattern=008411???? got=8 saved=8
2026-05-23 14:21:32,599 INFO [T17] leaf pattern=008452???? got=21 saved=21
2026-05-23 14:21:32,714 INFO [T1] leaf pattern=008454???? got=18 saved=18
2026-05-23 14:21:32,916 INFO [T30] leaf pattern=008455???? got=10 saved=10
2026-05-23 14:21:32,938 INFO [T20] leaf pattern=008453???? got=17 saved=17
2026-05-23 14:21:33,001 INFO [T28] leaf pattern=008456???? got=9 saved=9
2026-05-23 14:21:33,119 INFO [T29] leaf pattern=008458???? got=10 saved=10
2026-05-23 14:21:33,191 INFO [T21] D1N refreshed 88e7ee0f234aab88…
2026-05-23 14:21:33,371 INFO [T3] leaf pattern=008459???? got=16 saved=16
2026-05-23 14:21:33,406 INFO [T9] leaf pattern=008457???? got=18 saved=18
2026-05-23 14:21:33,519 INFO [T4] leaf pattern=008460???? got=17 saved=17
2026-05-23 14:21:33,567 INFO [T27] leaf pattern=008461???? got=12 saved=12
2026-05-23 14:21:33,627 INFO [T8] leaf pattern=008462???? got=18 saved=18
2026-05-23 14:21:33,773 INFO [T5] leaf pattern=008463???? got=17 saved=17
2026-05-23 14:21:33,861 INFO [T23] leaf pattern=008464???? got=12 saved=12
2026-05-23 14:21:33,989 INFO [T24] leaf pattern=008465???? got=15 saved=15
2026-05-23 14:21:34,451 INFO [T22] leaf pattern=008466???? got=6 saved=6
2026-05-23 14:21:34,637 INFO [T6] leaf pattern=008467???? got=17 saved=17
2026-05-23 14:21:34,704 INFO [T14] leaf pattern=008468???? got=14 saved=14
2026-05-23 14:21:34,732 INFO [T10] leaf pattern=008435???? got=11 saved=11
2026-05-23 14:21:34,938 INFO [T15] leaf pattern=008469???? got=20 saved=20
2026-05-23 14:21:35,023 INFO [T7] leaf pattern=008490???? got=19 saved=19
2026-05-23 14:21:35,080 INFO [T12] leaf pattern=008492???? got=11 saved=11
2026-05-23 14:21:35,142 INFO [T11] leaf pattern=008494???? got=17 saved=17
2026-05-23 14:21:35,162 INFO [T26] leaf pattern=008493???? got=11 saved=11
2026-05-23 14:21:35,176 INFO [T18] leaf pattern=008491???? got=10 saved=10
2026-05-23 14:21:35,517 INFO [T25] leaf pattern=008495???? got=10 saved=10
2026-05-23 14:21:36,142 INFO [T19] leaf pattern=008497???? got=14 saved=14
2026-05-23 14:21:36,255 INFO [T13] leaf pattern=008498???? got=12 saved=12
2026-05-23 14:21:36,261 INFO [T16] leaf pattern=008496???? got=20 saved=20
2026-05-23 14:21:36,441 INFO [T2] leaf pattern=008499???? got=7 saved=7
2026-05-23 14:21:36,586 INFO [T17] leaf pattern=008470???? got=14 saved=14
2026-05-23 14:21:36,672 INFO [T1] leaf pattern=008471???? got=19 saved=19
2026-05-23 14:21:36,829 WARNING [T28] ec=1 rate limited, rotating IP
2026-05-23 14:21:36,829 INFO [T28] rotate IP 0f72a5c6 → b75d5dc0
2026-05-23 14:21:36,941 INFO [T30] leaf pattern=008472???? got=19 saved=19
2026-05-23 14:21:36,985 INFO [T20] leaf pattern=008473???? got=13 saved=13
2026-05-23 14:21:37,153 INFO [T29] leaf pattern=008475???? got=15 saved=15
2026-05-23 14:21:37,436 INFO [T3] leaf pattern=008476???? got=23 saved=23
2026-05-23 14:21:37,463 INFO [T9] leaf pattern=008477???? got=7 saved=7
2026-05-23 14:21:37,593 INFO [T27] leaf pattern=008479???? got=16 saved=16
2026-05-23 14:21:37,599 INFO [T4] leaf pattern=008478???? got=11 saved=11
2026-05-23 14:21:37,731 INFO [T5] leaf pattern=008711???? got=1 saved=1
2026-05-23 14:21:37,871 INFO [T23] leaf pattern=008712???? got=7 saved=7
2026-05-23 14:21:37,918 INFO [T8] leaf pattern=008710???? got=10 saved=10
2026-05-23 14:21:37,978 INFO [T24] leaf pattern=008713???? got=7 saved=7
2026-05-23 14:21:38,465 INFO [T22] leaf pattern=008714???? got=18 saved=18
2026-05-23 14:21:38,539 INFO [T28] D1N refreshed e466957d1996c318…
2026-05-23 14:21:40,967 INFO [T1] leaf pattern=008480???? got=16 saved=16
2026-05-23 14:21:41,119 INFO [T2] leaf pattern=008728???? got=9 saved=9
2026-05-23 14:21:41,567 INFO [T15] leaf pattern=008718???? got=10 saved=10
2026-05-23 14:21:41,635 INFO [T16] leaf pattern=008727???? got=3 saved=3
2026-05-23 14:21:41,640 INFO [T25] leaf pattern=008724???? got=7 saved=7
2026-05-23 14:21:41,746 INFO [T6] leaf pattern=008715???? got=18 saved=18
2026-05-23 14:21:41,772 INFO [T17] leaf pattern=008729???? got=10 saved=10
2026-05-23 14:21:41,781 INFO [T13] leaf pattern=008726???? got=14 saved=14
2026-05-23 14:21:41,811 INFO [T18] leaf pattern=008723???? got=14 saved=14
2026-05-23 14:21:41,817 INFO [T20] leaf pattern=008482???? got=12 saved=12
2026-05-23 14:21:41,836 INFO [T3] leaf pattern=008484???? got=5 saved=5
2026-05-23 14:21:41,846 INFO [T12] leaf pattern=008720???? got=10 saved=10
2026-05-23 14:21:41,875 INFO [T5] leaf pattern=008488???? got=3 saved=3
2026-05-23 14:21:41,925 INFO [T19] leaf pattern=008725???? got=7 saved=7
2026-05-23 14:21:41,936 INFO [T14] leaf pattern=008716???? got=20 saved=20
2026-05-23 14:21:41,961 INFO [T26] leaf pattern=008722???? got=2 saved=2
2026-05-23 14:21:41,970 INFO [T10] leaf pattern=008717???? got=14 saved=14
2026-05-23 14:21:41,991 INFO [T23] leaf pattern=008489???? got=9 saved=9
2026-05-23 14:21:41,996 INFO [T11] leaf pattern=008721???? got=8 saved=8
2026-05-23 14:21:42,013 INFO [T30] leaf pattern=008481???? got=14 saved=14
2026-05-23 14:21:42,030 INFO [T9] leaf pattern=008485???? got=14 saved=14
2026-05-23 14:21:42,043 INFO [T29] leaf pattern=008483???? got=14 saved=14
2026-05-23 14:21:42,055 INFO [T7] leaf pattern=008719???? got=5 saved=5
2026-05-23 14:21:42,058 INFO [T4] leaf pattern=008486???? got=9 saved=9
2026-05-23 14:21:42,094 INFO [T24] leaf pattern=008701???? got=15 saved=15
2026-05-23 14:21:42,106 INFO [T21] leaf pattern=004973???? got=5 saved=5
2026-05-23 14:21:42,568 INFO [T8] leaf pattern=008700???? got=8 saved=8
2026-05-23 14:21:42,650 INFO [T22] leaf pattern=008702???? got=18 saved=18
2026-05-23 14:21:42,770 INFO [T27] leaf pattern=008487???? got=7 saved=7
2026-05-23 14:21:43,886 INFO [T28] leaf pattern=008474???? got=11 saved=11
2026-05-23 14:21:44,933 INFO [T1] leaf pattern=008703???? got=8 saved=8
2026-05-23 14:21:45,162 INFO [T2] leaf pattern=008704???? got=13 saved=13
2026-05-23 14:21:45,565 INFO [T16] leaf pattern=008706???? got=9 saved=9
2026-05-23 14:21:45,588 INFO [T15] leaf pattern=008705???? got=9 saved=9
2026-05-23 14:21:45,652 INFO [T25] leaf pattern=008707???? got=11 saved=11
2026-05-23 14:21:45,702 INFO [T6] leaf pattern=008708???? got=13 saved=13
2026-05-23 14:21:45,758 INFO [T12] leaf pattern=008734???? got=9 saved=9
2026-05-23 14:21:45,767 INFO [T18] leaf pattern=008731???? got=6 saved=6
2026-05-23 14:21:45,788 INFO [T17] leaf pattern=008709???? got=11 saved=11
2026-05-23 14:21:45,808 INFO [T13] leaf pattern=008730???? got=15 saved=15
2026-05-23 14:21:45,812 INFO [T20] leaf pattern=008732???? got=14 saved=14
2026-05-23 14:21:45,828 INFO [T3] leaf pattern=008733???? got=4 saved=4
2026-05-23 14:21:45,916 INFO [T5] leaf pattern=008735???? got=14 saved=14
2026-05-23 14:21:45,930 INFO [T19] leaf pattern=008736???? got=7 saved=7
2026-05-23 14:21:45,949 INFO [T14] leaf pattern=008737???? got=10 saved=10
2026-05-23 14:21:45,956 INFO [T26] leaf pattern=008738???? got=8 saved=8
2026-05-23 14:21:45,964 INFO [T30] leaf pattern=008752???? got=14 saved=14
2026-05-23 14:21:46,055 INFO [T24] leaf pattern=008757???? got=11 saved=11
2026-05-23 14:21:46,059 INFO [T11] leaf pattern=008751???? got=11 saved=11
2026-05-23 14:21:46,063 INFO [T7] leaf pattern=008755???? got=7 saved=7
2026-05-23 14:21:46,181 INFO [T10] leaf pattern=008739???? got=9 saved=9
2026-05-23 14:21:46,199 INFO [T4] leaf pattern=008756???? got=7 saved=7
2026-05-23 14:21:46,227 INFO [T23] leaf pattern=008750???? got=8 saved=8
2026-05-23 14:21:46,234 INFO [T29] leaf pattern=008754???? got=10 saved=10
2026-05-23 14:21:46,247 INFO [T9] leaf pattern=008753???? got=9 saved=9
2026-05-23 14:21:46,275 INFO [T21] leaf pattern=008758???? got=15 saved=15
2026-05-23 14:21:46,604 INFO [T8] leaf pattern=008759???? got=15 saved=15
2026-05-23 14:21:46,679 INFO [T22] leaf pattern=008760???? got=17 saved=17
2026-05-23 14:21:46,888 INFO [T27] leaf pattern=008761???? got=8 saved=8
2026-05-23 14:21:47,887 INFO [T28] leaf pattern=008762???? got=17 saved=17
2026-05-23 14:21:48,857 INFO [T1] leaf pattern=008763???? got=16 saved=16
2026-05-23 14:21:49,142 INFO [T2] leaf pattern=008764???? got=26 saved=26
2026-05-23 14:21:49,550 INFO [T15] leaf pattern=008766???? got=3 saved=3
2026-05-23 14:21:49,616 INFO [T16] leaf pattern=008765???? got=12 saved=12
2026-05-23 14:21:49,648 INFO [T25] leaf pattern=008767???? got=7 saved=7
2026-05-23 14:21:49,688 INFO [T6] leaf pattern=008768???? got=11 saved=11
2026-05-23 14:21:49,724 INFO [T17] leaf pattern=008771???? got=9 saved=9
2026-05-23 14:21:49,746 INFO [T12] leaf pattern=008769???? got=8 saved=8
2026-05-23 14:21:49,756 INFO [T18] leaf pattern=008770???? got=9 saved=9
2026-05-23 14:21:49,773 INFO [T13] leaf pattern=008772???? got=6 saved=6
2026-05-23 14:21:49,787 INFO [T3] leaf pattern=008774???? got=13 saved=13
2026-05-23 14:21:49,841 INFO [T20] leaf pattern=008773???? got=5 saved=5
2026-05-23 14:21:49,852 WARNING [T7] ec=1 rate limited, rotating IP
2026-05-23 14:21:49,852 INFO [T7] rotate IP c82634ee → ada248e9
2026-05-23 14:21:49,873 INFO [T26] leaf pattern=008778???? got=1 saved=1
2026-05-23 14:21:49,925 INFO [T19] leaf pattern=008776???? got=5 saved=5
2026-05-23 14:21:49,943 INFO [T30] leaf pattern=008779???? got=6 saved=6
2026-05-23 14:21:49,968 INFO [T14] leaf pattern=008777???? got=0 saved=0
2026-05-23 14:21:49,986 INFO [T11] leaf pattern=008741???? got=16 saved=16
2026-05-23 14:21:49,995 INFO [T5] leaf pattern=008775???? got=8 saved=8
2026-05-23 14:21:50,057 INFO [T24] leaf pattern=008740???? got=16 saved=16
2026-05-23 14:21:50,063 INFO [T10] leaf pattern=008743???? got=16 saved=16
2026-05-23 14:21:50,133 INFO [T4] leaf pattern=008744???? got=5 saved=5
2026-05-23 14:21:50,164 INFO [T23] leaf pattern=008745???? got=14 saved=14
2026-05-23 14:21:50,216 INFO [T9] leaf pattern=008747???? got=7 saved=7
2026-05-23 14:21:50,304 INFO [T21] leaf pattern=008748???? got=5 saved=5
2026-05-23 14:21:50,586 INFO [T8] leaf pattern=008749???? got=9 saved=9
2026-05-23 14:21:50,669 INFO [T22] leaf pattern=008780???? got=4 saved=4
2026-05-23 14:21:50,893 INFO [T27] leaf pattern=008781???? got=7 saved=7
2026-05-23 14:21:51,872 INFO [T7] D1N refreshed 81d219a0ce934253…
2026-05-23 14:21:51,976 INFO [T28] leaf pattern=008782???? got=7 saved=7
2026-05-23 14:21:53,203 INFO [T1] leaf pattern=008783???? got=7 saved=7
2026-05-23 14:21:53,218 INFO [T2] leaf pattern=008784???? got=14 saved=14
2026-05-23 14:21:53,479 WARNING [T6] ec=1 rate limited, rotating IP
2026-05-23 14:21:53,479 INFO [T6] rotate IP 94d4d579 → cc989ab1
2026-05-23 14:21:53,490 INFO [T15] leaf pattern=008785???? got=7 saved=7
2026-05-23 14:21:53,711 INFO [T12] leaf pattern=008790???? got=7 saved=7
2026-05-23 14:21:53,727 INFO [T25] leaf pattern=008787???? got=2 saved=2
2026-05-23 14:21:53,742 INFO [T17] leaf pattern=008789???? got=1 saved=1
2026-05-23 14:21:53,750 INFO [T3] leaf pattern=008793???? got=10 saved=10
2026-05-23 14:21:53,811 INFO [T18] leaf pattern=008791???? got=16 saved=16
2026-05-23 14:21:53,840 INFO [T20] leaf pattern=008794???? got=14 saved=14
2026-05-23 14:21:53,879 INFO [T26] leaf pattern=008795???? got=13 saved=13
2026-05-23 14:21:53,884 INFO [T19] leaf pattern=008796???? got=12 saved=12
2026-05-23 14:21:53,962 INFO [T30] leaf pattern=008797???? got=8 saved=8
2026-05-23 14:21:54,028 INFO [T24] leaf pattern=008601???? got=4 saved=4
2026-05-23 14:21:54,032 INFO [T14] leaf pattern=008798???? got=10 saved=10
2026-05-23 14:21:54,049 INFO [T10] leaf pattern=008602???? got=10 saved=10
2026-05-23 14:21:54,149 INFO [T4] leaf pattern=008603???? got=12 saved=12
2026-05-23 14:21:54,304 INFO [T5] leaf pattern=008600???? got=2 saved=2
2026-05-23 14:21:54,365 INFO [T9] leaf pattern=008605???? got=17 saved=17
2026-05-23 14:21:54,606 INFO [T23] leaf pattern=008604???? got=21 saved=21
2026-05-23 14:21:54,681 INFO [T8] leaf pattern=008607???? got=13 saved=13
2026-05-23 14:21:54,706 INFO [T22] leaf pattern=008608???? got=11 saved=11
2026-05-23 14:21:54,744 INFO [T29] leaf pattern=008746???? got=14 saved=14
2026-05-23 14:21:54,793 INFO [T21] leaf pattern=008606???? got=9 saved=9
2026-05-23 14:21:54,948 INFO [T27] leaf pattern=008609???? got=11 saved=11
2026-05-23 14:21:55,013 INFO [T16] leaf pattern=008786???? got=5 saved=5
2026-05-23 14:21:55,037 INFO [T13] leaf pattern=008792???? got=12 saved=12
2026-05-23 14:21:55,190 INFO [T11] leaf pattern=008799???? got=7 saved=7
2026-05-23 14:21:55,947 INFO [T6] D1N refreshed e7fe4a5c9fbbe151…
2026-05-23 14:21:55,998 INFO [T28] leaf pattern=008610???? got=15 saved=15
2026-05-23 14:21:56,993 INFO [T7] leaf pattern=008742???? got=7 saved=7
2026-05-23 14:21:57,201 INFO [T2] leaf pattern=008612???? got=11 saved=11
2026-05-23 14:21:57,500 INFO [T15] leaf pattern=008613???? got=6 saved=6
2026-05-23 14:21:57,604 INFO [T1] leaf pattern=008611???? got=3 saved=3
2026-05-23 14:21:57,704 INFO [T3] leaf pattern=008617???? got=12 saved=12
2026-05-23 14:21:57,786 INFO [T17] leaf pattern=008616???? got=9 saved=9
2026-05-23 14:21:57,815 INFO [T25] leaf pattern=008615???? got=10 saved=10
2026-05-23 14:21:57,871 INFO [T30] expand pattern=008622???? got=41 ≥ 30 → split into 10 children
2026-05-23 14:21:57,882 INFO [T26] expand pattern=008620???? got=40 ≥ 30 → split into 10 children
2026-05-23 14:21:57,894 INFO [T19] expand pattern=008621???? got=40 ≥ 30 → split into 10 children
2026-05-23 14:21:57,924 INFO [T18] leaf pattern=008618???? got=9 saved=9
2026-05-23 14:21:57,939 INFO [T12] leaf pattern=008614???? got=15 saved=15
2026-05-23 14:21:57,974 INFO [T24] expand pattern=008623???? got=41 ≥ 30 → split into 10 children
2026-05-23 14:21:57,987 INFO [T20] leaf pattern=008619???? got=12 saved=12
2026-05-23 14:21:58,074 INFO [T10] expand pattern=008625???? got=45 ≥ 30 → split into 10 children
2026-05-23 14:21:58,372 INFO [T4] expand pattern=008626???? got=39 ≥ 30 → split into 10 children
2026-05-23 14:21:58,456 INFO [T5] expand pattern=008627???? got=45 ≥ 30 → split into 10 children
2026-05-23 14:21:58,465 INFO [T9] expand pattern=008628???? got=45 ≥ 30 → split into 10 children
2026-05-23 14:21:58,476 INFO [T14] expand pattern=008624???? got=44 ≥ 30 → split into 10 children
2026-05-23 14:21:58,612 INFO [T23] expand pattern=008629???? got=47 ≥ 30 → split into 10 children
2026-05-23 14:21:58,701 INFO [T8] leaf pattern=008630???? got=10 saved=10
2026-05-23 14:21:58,720 INFO [T22] leaf pattern=008631???? got=8 saved=8
2026-05-23 14:21:58,739 INFO [T29] leaf pattern=008632???? got=9 saved=9
2026-05-23 14:21:58,858 INFO [T21] leaf pattern=008633???? got=3 saved=3
2026-05-23 14:21:59,038 INFO [T27] leaf pattern=008634???? got=8 saved=8
2026-05-23 14:21:59,087 INFO [T16] leaf pattern=008635???? got=8 saved=8
2026-05-23 14:21:59,100 INFO [T13] leaf pattern=008636???? got=2 saved=2
2026-05-23 14:21:59,301 INFO [T11] leaf pattern=008637???? got=3 saved=3
2026-05-23 14:22:00,026 INFO [T28] leaf pattern=008638???? got=3 saved=3
2026-05-23 14:22:01,042 INFO [T7] leaf pattern=008639???? got=3 saved=3
2026-05-23 14:22:01,338 INFO [T2] leaf pattern=008640???? got=17 saved=17
2026-05-23 14:22:01,493 INFO [T6] leaf pattern=008788???? got=4 saved=4
2026-05-23 14:22:01,521 INFO [T15] leaf pattern=008641???? got=12 saved=12
2026-05-23 14:22:01,628 INFO [T1] leaf pattern=008642???? got=10 saved=10
2026-05-23 14:22:01,759 INFO [T3] leaf pattern=008643???? got=8 saved=8
2026-05-23 14:22:01,776 INFO [T17] leaf pattern=008644???? got=8 saved=8
2026-05-23 14:22:01,851 INFO [T30] leaf pattern=008647???? got=12 saved=12
2026-05-23 14:22:01,941 INFO [T25] leaf pattern=008645???? got=5 saved=5
2026-05-23 14:22:01,957 INFO [T19] leaf pattern=008648???? got=13 saved=13
2026-05-23 14:22:01,972 INFO [T26] leaf pattern=008646???? got=12 saved=12
2026-05-23 14:22:01,989 INFO [T12] expand pattern=008670???? got=48 ≥ 30 → split into 10 children
2026-05-23 14:22:02,013 INFO [T18] leaf pattern=008649???? got=18 saved=18
2026-05-23 14:22:02,127 INFO [T24] expand pattern=008671???? got=46 ≥ 30 → split into 10 children
2026-05-23 14:22:02,251 INFO [T20] expand pattern=008672???? got=49 ≥ 30 → split into 10 children
2026-05-23 14:22:02,424 INFO [T5] expand pattern=008675???? got=46 ≥ 30 → split into 10 children
2026-05-23 14:22:02,436 INFO [T10] expand pattern=008673???? got=47 ≥ 30 → split into 10 children
2026-05-23 14:22:02,519 INFO [T14] expand pattern=008677???? got=47 ≥ 30 → split into 10 children
2026-05-23 14:22:02,533 INFO [T9] expand pattern=008676???? got=44 ≥ 30 → split into 10 children
2026-05-23 14:22:02,709 INFO [T22] expand pattern=008650???? got=43 ≥ 30 → split into 10 children
2026-05-23 14:22:02,730 INFO [T4] expand pattern=008674???? got=49 ≥ 30 → split into 10 children
2026-05-23 14:22:02,771 INFO [T29] expand pattern=008651???? got=47 ≥ 30 → split into 10 children
2026-05-23 14:22:02,874 INFO [T23] expand pattern=008678???? got=45 ≥ 30 → split into 10 children
2026-05-23 14:22:03,044 INFO [T27] expand pattern=008653???? got=43 ≥ 30 → split into 10 children
2026-05-23 14:22:03,099 INFO [T21] expand pattern=008652???? got=40 ≥ 30 → split into 10 children
2026-05-23 14:22:03,192 INFO [T16] expand pattern=008654???? got=46 ≥ 30 → split into 10 children
2026-05-23 14:22:03,202 INFO [T13] expand pattern=008655???? got=43 ≥ 30 → split into 10 children
2026-05-23 14:22:03,273 INFO [T11] expand pattern=008656???? got=41 ≥ 30 → split into 10 children
2026-05-23 14:22:03,647 INFO [T8] expand pattern=008679???? got=45 ≥ 30 → split into 10 children
2026-05-23 14:22:04,153 INFO [T28] expand pattern=008657???? got=46 ≥ 30 → split into 10 children
2026-05-23 14:22:05,114 INFO [T7] expand pattern=008658???? got=40 ≥ 30 → split into 10 children
2026-05-23 14:22:05,291 INFO [T2] expand pattern=008659???? got=46 ≥ 30 → split into 10 children
2026-05-23 14:22:05,485 INFO [T6] expand pattern=008680???? got=36 ≥ 30 → split into 10 children
2026-05-23 14:22:05,713 INFO [T1] leaf pattern=008682???? got=29 saved=29
2026-05-23 14:22:05,823 INFO [T15] expand pattern=008681???? got=33 ≥ 30 → split into 10 children
2026-05-23 14:22:05,855 INFO [T3] expand pattern=008683???? got=35 ≥ 30 → split into 10 children
2026-05-23 14:22:05,914 INFO [T30] expand pattern=008685???? got=41 ≥ 30 → split into 10 children
2026-05-23 14:22:05,944 INFO [T19] expand pattern=008687???? got=34 ≥ 30 → split into 10 children
2026-05-23 14:22:05,970 INFO [T26] leaf pattern=008688???? got=22 saved=22
2026-05-23 14:22:05,982 INFO [T18] expand pattern=008660???? got=35 ≥ 30 → split into 10 children
2026-05-23 14:22:05,994 INFO [T17] expand pattern=008684???? got=31 ≥ 30 → split into 10 children
2026-05-23 14:22:06,025 INFO [T25] leaf pattern=008686???? got=7 saved=7
2026-05-23 14:22:06,030 INFO [T12] expand pattern=008689???? got=31 ≥ 30 → split into 10 children
2026-05-23 14:22:06,124 INFO [T24] expand pattern=008661???? got=37 ≥ 30 → split into 10 children
2026-05-23 14:22:06,330 INFO [T20] expand pattern=008662???? got=39 ≥ 30 → split into 10 children
2026-05-23 14:22:06,469 INFO [T10] expand pattern=008664???? got=44 ≥ 30 → split into 10 children
2026-05-23 14:22:06,488 INFO [T5] expand pattern=008663???? got=40 ≥ 30 → split into 10 children
2026-05-23 14:22:06,549 INFO [T9] leaf pattern=008666???? got=5 saved=5
2026-05-23 14:22:06,623 INFO [T14] expand pattern=008665???? got=37 ≥ 30 → split into 10 children
2026-05-23 14:22:06,699 INFO [T22] expand pattern=008667???? got=36 ≥ 30 → split into 10 children
2026-05-23 14:22:06,783 INFO [T29] expand pattern=008669???? got=36 ≥ 30 → split into 10 children
2026-05-23 14:22:06,818 INFO [T4] leaf pattern=008668???? got=18 saved=18
2026-05-23 14:22:07,016 INFO [T23] leaf pattern=008900???? got=1 saved=1
2026-05-23 14:22:07,055 INFO [T27] leaf pattern=008901???? got=6 saved=6
2026-05-23 14:22:07,197 INFO [T16] leaf pattern=008903???? got=6 saved=6
2026-05-23 14:22:07,213 INFO [T11] leaf pattern=008905???? got=4 saved=4
2026-05-23 14:22:07,319 INFO [T13] leaf pattern=008904???? got=9 saved=9
2026-05-23 14:22:07,355 INFO [T21] leaf pattern=008902???? got=7 saved=7
2026-05-23 14:22:07,751 INFO [T8] leaf pattern=008906???? got=8 saved=8
2026-05-23 14:22:08,225 INFO [T28] leaf pattern=008907???? got=9 saved=9
2026-05-23 14:22:09,064 INFO [T7] leaf pattern=008908???? got=4 saved=4
2026-05-23 14:22:09,297 INFO [T2] leaf pattern=008909???? got=9 saved=9
2026-05-23 14:22:09,464 INFO [T6] leaf pattern=008920???? got=9 saved=9
2026-05-23 14:22:09,720 INFO [T1] leaf pattern=008921???? got=5 saved=5
2026-05-23 14:22:09,786 INFO [T15] leaf pattern=008922???? got=9 saved=9
2026-05-23 14:22:09,841 INFO [T3] leaf pattern=008923???? got=13 saved=13
2026-05-23 14:22:09,909 INFO [T30] leaf pattern=008924???? got=12 saved=12
2026-05-23 14:22:09,942 INFO [T12] expand pattern=008690???? got=41 ≥ 30 → split into 10 children
2026-05-23 14:22:09,969 INFO [T26] leaf pattern=008928???? got=9 saved=9
2026-05-23 14:22:09,988 INFO [T18] leaf pattern=008926???? got=20 saved=20
2026-05-23 14:22:10,003 INFO [T19] leaf pattern=008925???? got=14 saved=14
2026-05-23 14:22:10,018 INFO [T17] leaf pattern=008927???? got=12 saved=12
2026-05-23 14:22:10,114 INFO [T24] expand pattern=008691???? got=47 ≥ 30 → split into 10 children
2026-05-23 14:22:10,267 INFO [T25] leaf pattern=008929???? got=7 saved=7
2026-05-23 14:22:10,473 INFO [T20] expand pattern=008692???? got=42 ≥ 30 → split into 10 children
2026-05-23 14:22:10,491 INFO [T10] expand pattern=008693???? got=44 ≥ 30 → split into 10 children
2026-05-23 14:22:10,577 INFO [T5] expand pattern=008694???? got=48 ≥ 30 → split into 10 children
2026-05-23 14:22:10,625 INFO [T9] expand pattern=008695???? got=45 ≥ 30 → split into 10 children
2026-05-23 14:22:10,679 INFO [T14] expand pattern=008696???? got=38 ≥ 30 → split into 10 children
2026-05-23 14:22:10,812 INFO [T22] expand pattern=008697???? got=45 ≥ 30 → split into 10 children
2026-05-23 14:22:10,872 INFO [T4] expand pattern=008699???? got=36 ≥ 30 → split into 10 children
2026-05-23 14:22:10,881 INFO [T29] expand pattern=008698???? got=43 ≥ 30 → split into 10 children
2026-05-23 14:22:11,052 INFO [T27] leaf pattern=008941???? got=18 saved=18
2026-05-23 14:22:11,072 INFO [T23] leaf pattern=008940???? got=20 saved=20
2026-05-23 14:22:11,337 INFO [T13] leaf pattern=008944???? got=6 saved=6
2026-05-23 14:22:11,384 INFO [T21] leaf pattern=008945???? got=14 saved=14
2026-05-23 14:22:11,400 INFO [T11] leaf pattern=008943???? got=24 saved=24
2026-05-23 14:22:11,555 INFO [T16] leaf pattern=008942???? got=15 saved=15
2026-05-23 14:22:11,790 INFO [T8] leaf pattern=008946???? got=15 saved=15
2026-05-23 14:22:12,554 INFO [T28] leaf pattern=008947???? got=23 saved=23
2026-05-23 14:22:13,116 INFO [T7] leaf pattern=008948???? got=13 saved=13
2026-05-23 14:22:13,319 INFO [T2] leaf pattern=008949???? got=17 saved=17
2026-05-23 14:22:13,454 INFO [T6] leaf pattern=008910???? got=4 saved=4
2026-05-23 14:22:13,716 INFO [T1] leaf pattern=008911???? got=3 saved=3
2026-05-23 14:22:13,763 INFO [T15] leaf pattern=008912???? got=11 saved=11
2026-05-23 14:22:13,871 INFO [T30] leaf pattern=008914???? got=14 saved=14
2026-05-23 14:22:13,888 INFO [T3] leaf pattern=008913???? got=3 saved=3
2026-05-23 14:22:13,915 INFO [T26] leaf pattern=008916???? got=5 saved=5
2026-05-23 14:22:13,992 INFO [T18] leaf pattern=008917???? got=17 saved=17
2026-05-23 14:22:14,008 INFO [T19] leaf pattern=008918???? got=10 saved=10
2026-05-23 14:22:14,016 INFO [T12] leaf pattern=008915???? got=13 saved=13
2026-05-23 14:22:14,036 INFO [T17] leaf pattern=008919???? got=5 saved=5
2026-05-23 14:22:14,145 INFO [T24] leaf pattern=008930???? got=11 saved=11
2026-05-23 14:22:14,310 INFO [T25] leaf pattern=008931???? got=11 saved=11
2026-05-23 14:22:14,477 INFO [T10] leaf pattern=008933???? got=10 saved=10
2026-05-23 14:22:14,677 INFO [T20] leaf pattern=008932???? got=13 saved=13
2026-05-23 14:22:14,682 INFO [T14] leaf pattern=008936???? got=8 saved=8
2026-05-23 14:22:14,695 INFO [T5] leaf pattern=008934???? got=24 saved=24
2026-05-23 14:22:14,825 INFO [T4] leaf pattern=008938???? got=3 saved=3
2026-05-23 14:22:14,843 INFO [T29] leaf pattern=008939???? got=7 saved=7
2026-05-23 14:22:14,858 INFO [T22] leaf pattern=008937???? got=9 saved=9
2026-05-23 14:22:14,923 INFO [T9] leaf pattern=008935???? got=7 saved=7
2026-05-23 14:22:15,108 INFO [T23] leaf pattern=008951???? got=13 saved=13
2026-05-23 14:22:15,127 INFO [T27] leaf pattern=008950???? got=8 saved=8
2026-05-23 14:22:15,377 INFO [T21] leaf pattern=008953???? got=14 saved=14
2026-05-23 14:22:15,452 INFO [T13] leaf pattern=008952???? got=6 saved=6
2026-05-23 14:22:15,519 INFO [T11] leaf pattern=008954???? got=15 saved=15
2026-05-23 14:22:15,589 INFO [T16] leaf pattern=008955???? got=3 saved=3
2026-05-23 14:22:15,767 INFO [T8] leaf pattern=008956???? got=7 saved=7
2026-05-23 14:22:16,617 INFO [T28] leaf pattern=008957???? got=16 saved=16
2026-05-23 14:22:17,171 INFO [T7] leaf pattern=008958???? got=11 saved=11
2026-05-23 14:22:17,403 INFO [T2] leaf pattern=008959???? got=7 saved=7
2026-05-23 14:22:17,425 INFO [T6] leaf pattern=008960???? got=12 saved=12
2026-05-23 14:22:17,701 INFO [T1] leaf pattern=008961???? got=12 saved=12
2026-05-23 14:22:17,764 INFO [T15] leaf pattern=008962???? got=3 saved=3
2026-05-23 14:22:17,844 INFO [T30] leaf pattern=008963???? got=5 saved=5
2026-05-23 14:22:17,891 INFO [T3] leaf pattern=008964???? got=14 saved=14
2026-05-23 14:22:17,979 INFO [T12] leaf pattern=008968???? got=5 saved=5
2026-05-23 14:22:17,995 INFO [T17] leaf pattern=008969???? got=6 saved=6
2026-05-23 14:22:18,007 INFO [T18] leaf pattern=008966???? got=2 saved=2
2026-05-23 14:22:18,049 INFO [T26] leaf pattern=008965???? got=16 saved=16
2026-05-23 14:22:18,054 INFO [T19] leaf pattern=008967???? got=10 saved=10
2026-05-23 14:22:18,143 INFO [T24] leaf pattern=008980???? got=8 saved=8
2026-05-23 14:22:18,426 INFO [T25] leaf pattern=008981???? got=8 saved=8
2026-05-23 14:22:18,552 INFO [T10] leaf pattern=008982???? got=8 saved=8
2026-05-23 14:22:18,640 INFO [T14] leaf pattern=008983???? got=4 saved=4
2026-05-23 14:22:18,773 INFO [T5] leaf pattern=008985???? got=10 saved=10
2026-05-23 14:22:18,816 INFO [T22] leaf pattern=008988???? got=0 saved=0
2026-05-23 14:22:18,855 INFO [T29] leaf pattern=008987???? got=9 saved=9
2026-05-23 14:22:19,117 INFO [T27] leaf pattern=008971???? got=11 saved=11
2026-05-23 14:22:19,126 INFO [T23] leaf pattern=008970???? got=7 saved=7
2026-05-23 14:22:19,275 INFO [T20] leaf pattern=008984???? got=9 saved=9
2026-05-23 14:22:19,335 INFO [T21] leaf pattern=008972???? got=9 saved=9
2026-05-23 14:22:19,409 INFO [T9] leaf pattern=008989???? got=0 saved=0
2026-05-23 14:22:19,467 INFO [T13] leaf pattern=008973???? got=17 saved=17
2026-05-23 14:22:19,643 INFO [T16] leaf pattern=008975???? got=12 saved=12
2026-05-23 14:22:19,684 INFO [T11] leaf pattern=008974???? got=12 saved=12
2026-05-23 14:22:19,878 INFO [T8] leaf pattern=008976???? got=7 saved=7
2026-05-23 14:22:19,973 INFO [T4] leaf pattern=008986???? got=5 saved=5
2026-05-23 14:22:20,802 INFO [T28] leaf pattern=008977???? got=4 saved=4
2026-05-23 14:22:21,142 INFO [T7] leaf pattern=008978???? got=8 saved=8
2026-05-23 14:22:21,407 INFO [T2] leaf pattern=008979???? got=4 saved=4
2026-05-23 14:22:21,738 INFO [T1] leaf pattern=008991???? got=5 saved=5
2026-05-23 14:22:21,841 INFO [T30] leaf pattern=008993???? got=2 saved=2
2026-05-23 14:22:21,882 INFO [T15] leaf pattern=008992???? got=6 saved=6
2026-05-23 14:22:21,950 INFO [T12] leaf pattern=008995???? got=7 saved=7
2026-05-23 14:22:21,991 INFO [T17] leaf pattern=008996???? got=3 saved=3
2026-05-23 14:22:22,019 INFO [T18] leaf pattern=008997???? got=7 saved=7
2026-05-23 14:22:22,084 INFO [T19] leaf pattern=008999???? got=0 saved=0
2026-05-23 14:22:22,095 INFO [T26] leaf pattern=008998???? got=2 saved=2
2026-05-23 14:22:22,159 INFO [T24] leaf pattern=008820???? got=5 saved=5
2026-05-23 14:22:22,317 WARNING [T3] SSLError attempt=1/3 pattern=008994????: HTTPSConnectionPool(host='vietteltelecom.vn', port=443): Max retries exceeded with url: /api/get/sim (Caused by SSLError
2026-05-23 14:22:22,317 INFO [T3] rotate IP a941d9e3 → e2976d56
2026-05-23 14:22:22,466 INFO [T25] leaf pattern=008821???? got=10 saved=10
2026-05-23 14:22:22,570 INFO [T10] leaf pattern=008822???? got=1 saved=1
2026-05-23 14:22:22,658 INFO [T14] leaf pattern=008823???? got=4 saved=4
2026-05-23 14:22:22,751 INFO [T6] leaf pattern=008990???? got=4 saved=4
2026-05-23 14:22:22,801 INFO [T22] leaf pattern=008825???? got=5 saved=5
2026-05-23 14:22:22,866 INFO [T29] leaf pattern=008826???? got=3 saved=3
2026-05-23 14:22:22,904 INFO [T5] leaf pattern=008824???? got=3 saved=3
2026-05-23 14:22:23,135 INFO [T23] leaf pattern=008828???? got=4 saved=4
2026-05-23 14:22:23,141 INFO [T27] leaf pattern=008827???? got=1 saved=1
2026-05-23 14:22:23,376 INFO [T21] leaf pattern=008840???? got=6 saved=6
2026-05-23 14:22:23,445 INFO [T13] leaf pattern=008842???? got=4 saved=4
2026-05-23 14:22:23,479 INFO [T20] leaf pattern=008829???? got=5 saved=5
2026-05-23 14:22:23,491 INFO [T9] leaf pattern=008841???? got=4 saved=4
2026-05-23 14:22:23,693 INFO [T11] leaf pattern=008844???? got=1 saved=1
2026-05-23 14:22:23,703 INFO [T16] leaf pattern=008843???? got=8 saved=8
2026-05-23 14:22:23,818 INFO [T8] leaf pattern=008845???? got=7 saved=7
2026-05-23 14:22:24,057 INFO [T4] leaf pattern=008846???? got=7 saved=7
2026-05-23 14:22:24,842 INFO [T28] leaf pattern=008847???? got=16 saved=16
2026-05-23 14:22:25,184 INFO [T7] leaf pattern=008848???? got=5 saved=5
2026-05-23 14:22:25,398 INFO [T2] leaf pattern=008849???? got=11 saved=11
2026-05-23 14:22:25,461 WARNING [T26] ProxyError attempt=1/3 pattern=008897????: HTTPSConnectionPool(host='vietteltelecom.vn', port=443): Max retries exceeded with url: /api/get/sim (Caused by ProxyErr
2026-05-23 14:22:25,461 INFO [T26] rotate IP f7514775 → 80a69d3b
2026-05-23 14:22:25,715 INFO [T1] leaf pattern=008890???? got=9 saved=9
2026-05-23 14:22:25,822 INFO [T15] leaf pattern=008892???? got=6 saved=6
2026-05-23 14:22:25,858 INFO [T30] leaf pattern=008891???? got=6 saved=6
2026-05-23 14:22:26,003 INFO [T17] leaf pattern=008894???? got=3 saved=3
2026-05-23 14:22:26,014 INFO [T18] leaf pattern=008895???? got=2 saved=2
2026-05-23 14:22:26,058 INFO [T19] leaf pattern=008896???? got=4 saved=4
2026-05-23 14:22:26,125 INFO [T24] leaf pattern=008898???? got=2 saved=2
2026-05-23 14:22:26,223 INFO [T12] leaf pattern=008893???? got=4 saved=4
2026-05-23 14:22:26,595 INFO [T25] leaf pattern=008899???? got=0 saved=0
2026-05-23 14:22:26,603 INFO [T10] leaf pattern=000140???? got=8 saved=8
2026-05-23 14:22:26,818 INFO [T14] leaf pattern=000141???? got=5 saved=5
2026-05-23 14:22:26,830 WARNING [T3] SSLError attempt=2/3 pattern=008994????: HTTPSConnectionPool(host='vietteltelecom.vn', port=443): Max retries exceeded with url: /api/get/sim (Caused by SSLError
2026-05-23 14:22:26,830 INFO [T3] rotate IP e2976d56 → 503be19a
2026-05-23 14:22:26,844 INFO [T29] leaf pattern=000144???? got=7 saved=7
2026-05-23 14:22:26,850 INFO [T22] leaf pattern=000143???? got=7 saved=7
2026-05-23 14:22:26,890 INFO [T5] leaf pattern=000145???? got=8 saved=8
2026-05-23 14:22:26,920 INFO [T6] leaf pattern=000142???? got=7 saved=7
2026-05-23 14:22:27,116 INFO [T23] leaf pattern=000146???? got=6 saved=6
2026-05-23 14:22:27,129 INFO [T27] leaf pattern=000147???? got=4 saved=4
2026-05-23 14:22:27,495 INFO [T13] leaf pattern=000149???? got=15 saved=15
2026-05-23 14:22:27,602 INFO [T21] leaf pattern=000148???? got=8 saved=8
2026-05-23 14:22:27,625 INFO [T9] leaf pattern=008501???? got=9 saved=9
2026-05-23 14:22:27,683 INFO [T11] leaf pattern=008502???? got=19 saved=19
2026-05-23 14:22:27,756 INFO [T16] leaf pattern=008503???? got=18 saved=18
2026-05-23 14:22:27,816 INFO [T8] leaf pattern=008504???? got=11 saved=11
2026-05-23 14:22:28,259 INFO [T26] D1N refreshed 46fe0253bb8f4abe…
2026-05-23 14:22:28,301 INFO [T4] leaf pattern=008505???? got=12 saved=12
2026-05-23 14:22:28,865 INFO [T28] leaf pattern=008506???? got=7 saved=7
2026-05-23 14:22:29,249 INFO [T7] leaf pattern=008507???? got=16 saved=16
2026-05-23 14:22:29,690 INFO [T1] leaf pattern=008509???? got=6 saved=6
2026-05-23 14:22:29,811 INFO [T15] leaf pattern=000170???? got=6 saved=6
2026-05-23 14:22:29,862 INFO [T30] leaf pattern=000171???? got=6 saved=6
2026-05-23 14:22:29,974 INFO [T2] leaf pattern=008508???? got=8 saved=8
2026-05-23 14:22:30,046 INFO [T17] leaf pattern=000172???? got=2 saved=2
2026-05-23 14:22:30,051 INFO [T18] leaf pattern=000173???? got=3 saved=3
2026-05-23 14:22:30,054 INFO [T19] leaf pattern=000174???? got=8 saved=8
2026-05-23 14:22:30,155 INFO [T24] leaf pattern=000175???? got=3 saved=3
2026-05-23 14:22:30,184 INFO [T12] leaf pattern=000176???? got=5 saved=5
2026-05-23 14:22:30,669 INFO [T25] leaf pattern=000177???? got=2 saved=2
2026-05-23 14:22:30,694 INFO [T10] leaf pattern=000178???? got=8 saved=8
2026-05-23 14:22:30,734 INFO [T3] D1N refreshed 7f67c6dc113bbb70…
2026-05-23 14:22:30,827 INFO [T22] leaf pattern=008521???? got=19 saved=19
2026-05-23 14:22:30,831 INFO [T14] leaf pattern=000179???? got=7 saved=7
2026-05-23 14:22:30,912 INFO [T6] leaf pattern=008523???? got=15 saved=15
2026-05-23 14:22:30,931 INFO [T29] leaf pattern=008520???? got=11 saved=11
2026-05-23 14:22:31,007 INFO [T5] leaf pattern=008522???? got=7 saved=7
2026-05-23 14:22:31,111 INFO [T27] leaf pattern=008525???? got=14 saved=14
2026-05-23 14:22:31,177 INFO [T23] leaf pattern=008524???? got=7 saved=7
2026-05-23 14:22:31,550 INFO [T13] leaf pattern=008526???? got=6 saved=6
2026-05-23 14:22:31,686 INFO [T11] leaf pattern=008529???? got=12 saved=12
2026-05-23 14:22:31,727 INFO [T8] leaf pattern=008511???? got=5 saved=5
2026-05-23 14:22:31,748 INFO [T16] leaf pattern=008510???? got=9 saved=9
2026-05-23 14:22:31,756 INFO [T9] leaf pattern=008528???? got=7 saved=7
2026-05-23 14:22:31,879 WARNING [T20] ConnectionError attempt=1/3 pattern=008500????: ('Connection aborted.', ConnectionResetError(10054, 'An existing connection was forcibly closed by the remote host', Non
2026-05-23 14:22:31,879 INFO [T20] rotate IP f1d4f676 → c37ca008
2026-05-23 14:22:31,974 INFO [T21] leaf pattern=008527???? got=10 saved=10
2026-05-23 14:22:32,343 INFO [T4] leaf pattern=008512???? got=8 saved=8
2026-05-23 14:22:33,189 INFO [T28] leaf pattern=008513???? got=11 saved=11
2026-05-23 14:22:33,358 INFO [T7] leaf pattern=008514???? got=15 saved=15
2026-05-23 14:22:33,424 INFO [T26] leaf pattern=008897???? got=5 saved=5
2026-05-23 14:22:33,753 INFO [T1] leaf pattern=008515???? got=14 saved=14
2026-05-23 14:22:33,817 INFO [T15] leaf pattern=008516???? got=15 saved=15
2026-05-23 14:22:33,847 INFO [T30] leaf pattern=008517???? got=17 saved=17
2026-05-23 14:22:34,027 INFO [T19] leaf pattern=008531???? got=14 saved=14
2026-05-23 14:22:34,046 INFO [T2] leaf pattern=008518???? got=6 saved=6
2026-05-23 14:22:34,059 INFO [T18] leaf pattern=008530???? got=7 saved=7
2026-05-23 14:22:34,132 INFO [T12] leaf pattern=008533???? got=8 saved=8
2026-05-23 14:22:34,153 INFO [T24] leaf pattern=008532???? got=9 saved=9
2026-05-23 14:22:34,350 INFO [T17] leaf pattern=008519???? got=18 saved=18
2026-05-23 14:22:34,640 INFO [T10] leaf pattern=008535???? got=9 saved=9
2026-05-23 14:22:34,672 INFO [T25] leaf pattern=008534???? got=13 saved=13
2026-05-23 14:22:34,819 INFO [T14] leaf pattern=008537???? got=13 saved=13
2026-05-23 14:22:34,921 INFO [T22] leaf pattern=008536???? got=8 saved=8
2026-05-23 14:22:34,943 INFO [T6] leaf pattern=008538???? got=4 saved=4
2026-05-23 14:22:34,951 INFO [T29] leaf pattern=008539???? got=7 saved=7
2026-05-23 14:22:35,126 INFO [T27] leaf pattern=008551???? got=13 saved=13
2026-05-23 14:22:35,201 INFO [T5] leaf pattern=008550???? got=11 saved=11
2026-05-23 14:22:35,219 INFO [T23] leaf pattern=008552???? got=5 saved=5
2026-05-23 14:22:35,593 INFO [T13] leaf pattern=008553???? got=14 saved=14
2026-05-23 14:22:35,704 INFO [T8] leaf pattern=008555???? got=0 saved=0
2026-05-23 14:22:35,733 INFO [T11] leaf pattern=008554???? got=16 saved=16
2026-05-23 14:22:35,816 INFO [T9] leaf pattern=008557???? got=14 saved=14
2026-05-23 14:22:35,995 INFO [T3] leaf pattern=008994???? got=10 saved=10
2026-05-23 14:22:36,011 INFO [T21] leaf pattern=008558???? got=8 saved=8
2026-05-23 14:22:36,389 INFO [T4] leaf pattern=008559???? got=4 saved=4
2026-05-23 14:22:36,779 INFO [T16] leaf pattern=008556???? got=9 saved=9
2026-05-23 14:22:37,249 INFO [T28] leaf pattern=008540???? got=10 saved=10
2026-05-23 14:22:37,452 INFO [T26] leaf pattern=008542???? got=13 saved=13
2026-05-23 14:22:37,567 INFO [T7] leaf pattern=008541???? got=5 saved=5
2026-05-23 14:22:37,761 INFO [T1] leaf pattern=008543???? got=7 saved=7
2026-05-23 14:22:37,852 INFO [T30] leaf pattern=008545???? got=16 saved=16
2026-05-23 14:22:37,997 INFO [T19] leaf pattern=008546???? got=19 saved=19
2026-05-23 14:22:38,023 INFO [T2] leaf pattern=008547???? got=18 saved=18
2026-05-23 14:22:38,056 INFO [T15] leaf pattern=008544???? got=8 saved=8
2026-05-23 14:22:38,122 INFO [T12] leaf pattern=008549???? got=17 saved=17
2026-05-23 14:22:38,176 INFO [T24] leaf pattern=008560???? got=16 saved=16
2026-05-23 14:22:38,223 INFO [T18] leaf pattern=008548???? got=20 saved=20
2026-05-23 14:22:38,296 WARNING [T20] ConnectionError attempt=2/3 pattern=008500????: ('Connection aborted.', ConnectionResetError(10054, 'An existing connection was forcibly closed by the remote host', Non
2026-05-23 14:22:38,297 INFO [T20] rotate IP c37ca008 → 35eeef36
2026-05-23 14:22:38,326 INFO [T17] leaf pattern=008561???? got=9 saved=9
2026-05-23 14:22:38,657 INFO [T10] leaf pattern=008562???? got=10 saved=10
2026-05-23 14:22:38,862 INFO [T14] leaf pattern=008564???? got=11 saved=11
2026-05-23 14:22:38,974 INFO [T22] leaf pattern=008565???? got=8 saved=8
2026-05-23 14:22:39,045 INFO [T6] leaf pattern=008566???? got=4 saved=4
2026-05-23 14:22:39,050 INFO [T29] leaf pattern=008567???? got=8 saved=8
2026-05-23 14:22:39,123 INFO [T27] leaf pattern=008568???? got=12 saved=12
2026-05-23 14:22:39,182 INFO [T5] leaf pattern=008569???? got=13 saved=13
2026-05-23 14:22:39,225 INFO [T23] leaf pattern=008570???? got=9 saved=9
2026-05-23 14:22:39,311 INFO [T25] leaf pattern=008563???? got=17 saved=17
2026-05-23 14:22:39,524 INFO [T13] leaf pattern=008571???? got=11 saved=11
2026-05-23 14:22:39,700 WARNING [T4] ProxyError attempt=1/3 pattern=008577????: HTTPSConnectionPool(host='vietteltelecom.vn', port=443): Max retries exceeded with url: /api/get/sim (Caused by ProxyErr
2026-05-23 14:22:39,701 INFO [T4] rotate IP 4ad0c296 → ee15c817
2026-05-23 14:22:39,736 INFO [T11] leaf pattern=008573???? got=8 saved=8
2026-05-23 14:22:39,788 INFO [T8] leaf pattern=008572???? got=15 saved=15
2026-05-23 14:22:39,927 INFO [T9] leaf pattern=008574???? got=22 saved=22
2026-05-23 14:22:40,002 INFO [T21] leaf pattern=008576???? got=10 saved=10
2026-05-23 14:22:40,021 INFO [T3] leaf pattern=008575???? got=10 saved=10
2026-05-23 14:22:41,132 INFO [T16] leaf pattern=008578???? got=12 saved=12
2026-05-23 14:22:41,300 INFO [T28] leaf pattern=008579???? got=12 saved=12
2026-05-23 14:22:41,472 INFO [T26] leaf pattern=008580???? got=9 saved=9
2026-05-23 14:22:41,513 INFO [T7] leaf pattern=008581???? got=9 saved=9
2026-05-23 14:22:41,737 INFO [T1] leaf pattern=008582???? got=7 saved=7
2026-05-23 14:22:41,947 INFO [T19] leaf pattern=008584???? got=12 saved=12
2026-05-23 14:22:42,048 INFO [T2] leaf pattern=008585???? got=2 saved=2
2026-05-23 14:22:42,057 INFO [T15] leaf pattern=008586???? got=6 saved=6
2026-05-23 14:22:42,068 INFO [T20] D1N refreshed eb29f79ce860c91f…
2026-05-23 14:22:42,117 INFO [T12] leaf pattern=008587???? got=10 saved=10
2026-05-23 14:22:42,146 INFO [T24] leaf pattern=008588???? got=3 saved=3
2026-05-23 14:22:42,236 INFO [T18] leaf pattern=008589???? got=12 saved=12
2026-05-23 14:22:42,314 INFO [T17] leaf pattern=008590???? got=7 saved=7
2026-05-23 14:22:42,656 INFO [T10] leaf pattern=008591???? got=12 saved=12
2026-05-23 14:22:42,833 INFO [T14] leaf pattern=008592???? got=11 saved=11
2026-05-23 14:22:43,017 INFO [T6] leaf pattern=008594???? got=21 saved=21
2026-05-23 14:22:43,073 INFO [T29] leaf pattern=008595???? got=14 saved=14
2026-05-23 14:22:43,111 INFO [T27] leaf pattern=008596???? got=24 saved=24
2026-05-23 14:22:43,161 INFO [T22] leaf pattern=008593???? got=17 saved=17
2026-05-23 14:22:43,219 INFO [T5] leaf pattern=008597???? got=15 saved=15
2026-05-23 14:22:43,299 INFO [T25] leaf pattern=008599???? got=8 saved=8
2026-05-23 14:22:43,588 INFO [T13] expand pattern=000010???? got=47 ≥ 30 → split into 10 children
2026-05-23 14:22:43,809 INFO [T11] expand pattern=000011???? got=49 ≥ 30 → split into 10 children
2026-05-23 14:22:43,820 INFO [T8] expand pattern=000012???? got=47 ≥ 30 → split into 10 children
2026-05-23 14:22:43,944 INFO [T4] D1N refreshed 1d7ba272f59625d8…
2026-05-23 14:22:44,004 INFO [T9] expand pattern=000013???? got=47 ≥ 30 → split into 10 children
2026-05-23 14:22:44,015 INFO [T21] expand pattern=000014???? got=47 ≥ 30 → split into 10 children
2026-05-23 14:22:44,160 INFO [T3] expand pattern=000015???? got=48 ≥ 30 → split into 10 children
2026-05-23 14:22:44,344 INFO [T23] leaf pattern=008598???? got=12 saved=12
2026-05-23 14:22:45,348 INFO [T28] expand pattern=000017???? got=49 ≥ 30 → split into 10 children
2026-05-23 14:22:45,477 INFO [T26] expand pattern=000018???? got=48 ≥ 30 → split into 10 children
2026-05-23 14:22:45,493 INFO [T7] expand pattern=000019???? got=48 ≥ 30 → split into 10 children
2026-05-23 14:22:45,766 INFO [T1] expand pattern=000040???? got=47 ≥ 30 → split into 10 children
2026-05-23 14:22:46,015 INFO [T19] expand pattern=000041???? got=49 ≥ 30 → split into 10 children
2026-05-23 14:22:46,106 INFO [T2] expand pattern=000042???? got=47 ≥ 30 → split into 10 children
2026-05-23 14:22:46,116 INFO [T15] expand pattern=000043???? got=50 ≥ 30 → split into 10 children
2026-05-23 14:22:46,150 INFO [T12] expand pattern=000044???? got=47 ≥ 30 → split into 10 children
2026-05-23 14:22:46,168 INFO [T16] expand pattern=000016???? got=45 ≥ 30 → split into 10 children
2026-05-23 14:22:46,337 INFO [T17] expand pattern=000047???? got=50 ≥ 30 → split into 10 children
2026-05-23 14:22:46,440 INFO [T24] expand pattern=000045???? got=47 ≥ 30 → split into 10 children
2026-05-23 14:22:46,468 INFO [T18] expand pattern=000046???? got=49 ≥ 30 → split into 10 children
2026-05-23 14:22:46,747 INFO [T10] expand pattern=000048???? got=48 ≥ 30 → split into 10 children
2026-05-23 14:22:46,889 INFO [T14] expand pattern=000049???? got=49 ≥ 30 → split into 10 children
2026-05-23 14:22:47,171 INFO [T20] leaf pattern=008500???? got=2 saved=2
2026-05-23 14:22:47,291 INFO [T27] expand pattern=000002???? got=50 ≥ 30 → split into 10 children
2026-05-23 14:22:47,317 INFO [T29] expand pattern=000001???? got=50 ≥ 30 → split into 10 children
2026-05-23 14:22:47,378 INFO [T5] expand pattern=000004???? got=49 ≥ 30 → split into 10 children
2026-05-23 14:22:47,388 INFO [T6] expand pattern=000000???? got=50 ≥ 30 → split into 10 children
2026-05-23 14:22:47,445 INFO [T22] expand pattern=000003???? got=50 ≥ 30 → split into 10 children
2026-05-23 14:22:47,459 INFO [T25] expand pattern=000005???? got=47 ≥ 30 → split into 10 children
2026-05-23 14:22:47,819 INFO [T30] D1N refreshed cdd56f8d4ddebe11…
2026-05-23 14:22:47,823 INFO [T13] expand pattern=000006???? got=48 ≥ 30 → split into 10 children
2026-05-23 14:22:47,889 INFO [T11] expand pattern=000007???? got=49 ≥ 30 → split into 10 children
2026-05-23 14:22:48,013 INFO [T21] expand pattern=000020???? got=50 ≥ 30 → split into 10 children
2026-05-23 14:22:48,115 INFO [T8] expand pattern=000008???? got=48 ≥ 30 → split into 10 children
2026-05-23 14:22:48,163 INFO [T9] expand pattern=000009???? got=49 ≥ 30 → split into 10 children
2026-05-23 14:22:48,185 INFO [T3] expand pattern=000021???? got=48 ≥ 30 → split into 10 children
2026-05-23 14:22:48,390 INFO [T23] expand pattern=000022???? got=47 ≥ 30 → split into 10 children
2026-05-23 14:22:49,372 INFO [T28] expand pattern=000023???? got=47 ≥ 30 → split into 10 children
2026-05-23 14:22:49,475 INFO [T26] expand pattern=000024???? got=50 ≥ 30 → split into 10 children
2026-05-23 14:22:49,780 INFO [T1] expand pattern=000026???? got=47 ≥ 30 → split into 10 children
2026-05-23 14:22:49,952 INFO [T7] expand pattern=000025???? got=49 ≥ 30 → split into 10 children
2026-05-23 14:22:50,017 INFO [T19] expand pattern=000027???? got=50 ≥ 30 → split into 10 children
2026-05-23 14:22:50,023 INFO [T4] leaf pattern=008577???? got=4 saved=4
2026-05-23 14:22:50,140 INFO [T2] expand pattern=000028???? got=50 ≥ 30 → split into 10 children
2026-05-23 14:22:50,268 INFO [T15] expand pattern=000029???? got=47 ≥ 30 → split into 10 children
2026-05-23 14:22:50,398 INFO [T16] expand pattern=000031???? got=49 ≥ 30 → split into 10 children
2026-05-23 14:22:50,410 INFO [T12] expand pattern=000030???? got=49 ≥ 30 → split into 10 children
2026-05-23 14:22:50,451 INFO [T24] expand pattern=000033???? got=48 ≥ 30 → split into 10 children
2026-05-23 14:22:50,618 INFO [T18] expand pattern=000034???? got=49 ≥ 30 → split into 10 children
2026-05-23 14:22:50,659 INFO [T17] expand pattern=000032???? got=50 ≥ 30 → split into 10 children
2026-05-23 14:22:50,744 INFO [T10] expand pattern=000035???? got=50 ≥ 30 → split into 10 children
2026-05-23 14:22:50,879 INFO [T14] expand pattern=000036???? got=50 ≥ 30 → split into 10 children
2026-05-23 14:22:51,184 INFO [T20] expand pattern=000037???? got=50 ≥ 30 → split into 10 children
2026-05-23 14:22:51,384 INFO [T5] expand pattern=000050???? got=49 ≥ 30 → split into 10 children
2026-05-23 14:22:51,411 INFO [T6] expand pattern=000051???? got=49 ≥ 30 → split into 10 children
2026-05-23 14:22:51,490 INFO [T22] expand pattern=000052???? got=50 ≥ 30 → split into 10 children
2026-05-23 14:22:51,571 INFO [T29] expand pattern=000039???? got=48 ≥ 30 → split into 10 children
2026-05-23 14:22:51,667 INFO [T25] expand pattern=000053???? got=47 ≥ 30 → split into 10 children
2026-05-23 14:22:51,745 INFO [T27] expand pattern=000038???? got=50 ≥ 30 → split into 10 children
2026-05-23 14:22:51,901 INFO [T11] expand pattern=000055???? got=49 ≥ 30 → split into 10 children
2026-05-23 14:22:51,948 INFO [T13] expand pattern=000054???? got=50 ≥ 30 → split into 10 children
2026-05-23 14:22:52,136 INFO [T21] expand pattern=000056???? got=49 ≥ 30 → split into 10 children
2026-05-23 14:22:52,148 INFO [T8] expand pattern=000057???? got=49 ≥ 30 → split into 10 children
2026-05-23 14:22:52,177 INFO [T3] expand pattern=000059???? got=49 ≥ 30 → split into 10 children
2026-05-23 14:22:52,234 INFO [T9] expand pattern=000058???? got=50 ≥ 30 → split into 10 children
2026-05-23 14:22:52,474 INFO [T23] expand pattern=000070???? got=48 ≥ 30 → split into 10 children
2026-05-23 14:22:53,419 INFO [T28] expand pattern=000071???? got=47 ≥ 30 → split into 10 children
2026-05-23 14:22:53,544 INFO [T30] leaf pattern=008583???? got=10 saved=10
2026-05-23 14:22:53,819 INFO [T1] expand pattern=000073???? got=48 ≥ 30 → split into 10 children
2026-05-23 14:22:53,839 INFO [T26] expand pattern=000072???? got=50 ≥ 30 → split into 10 children
2026-05-23 14:22:53,906 INFO [T7] expand pattern=000074???? got=49 ≥ 30 → split into 10 children
2026-05-23 14:22:54,021 INFO [T19] expand pattern=000075???? got=50 ≥ 30 → split into 10 children
2026-05-23 14:22:54,164 INFO [T2] expand pattern=000077???? got=48 ≥ 30 → split into 10 children
2026-05-23 14:22:54,287 INFO [T15] expand pattern=000078???? got=49 ≥ 30 → split into 10 children
2026-05-23 14:22:54,458 INFO [T12] expand pattern=000080???? got=48 ≥ 30 → split into 10 children
2026-05-23 14:22:54,475 INFO [T4] expand pattern=000076???? got=47 ≥ 30 → split into 10 children
2026-05-23 14:22:54,486 INFO [T16] expand pattern=000079???? got=48 ≥ 30 → split into 10 children
2026-05-23 14:22:54,497 INFO [T24] expand pattern=000081???? got=48 ≥ 30 → split into 10 children
2026-05-23 14:22:54,651 INFO [T18] expand pattern=000082???? got=50 ≥ 30 → split into 10 children
2026-05-23 14:22:54,776 INFO [T10] expand pattern=000084???? got=48 ≥ 30 → split into 10 children
2026-05-23 14:22:54,839 INFO [T17] expand pattern=000083???? got=48 ≥ 30 → split into 10 children
2026-05-23 14:22:54,921 INFO [T14] expand pattern=000085???? got=48 ≥ 30 → split into 10 children
2026-05-23 14:22:55,185 INFO [T20] expand pattern=000086???? got=48 ≥ 30 → split into 10 children
2026-05-23 14:22:55,435 INFO [T5] expand pattern=000087???? got=48 ≥ 30 → split into 10 children
2026-05-23 14:22:55,510 INFO [T22] expand pattern=000089???? got=49 ≥ 30 → split into 10 children
2026-05-23 14:22:55,658 INFO [T6] expand pattern=000088???? got=49 ≥ 30 → split into 10 children
2026-05-23 14:22:55,742 INFO [T25] expand pattern=000061???? got=49 ≥ 30 → split into 10 children
2026-05-23 14:22:55,751 INFO [T27] expand pattern=000062???? got=49 ≥ 30 → split into 10 children
2026-05-23 14:22:55,822 INFO [T29] expand pattern=000060???? got=48 ≥ 30 → split into 10 children
2026-05-23 14:22:55,973 INFO [T11] expand pattern=000063???? got=46 ≥ 30 → split into 10 children
2026-05-23 14:22:55,988 INFO [T13] expand pattern=000064???? got=49 ≥ 30 → split into 10 children
2026-05-23 14:22:56,111 INFO [T21] expand pattern=000065???? got=50 ≥ 30 → split into 10 children
2026-05-23 14:22:56,204 INFO [T3] expand pattern=000067???? got=50 ≥ 30 → split into 10 children
2026-05-23 14:22:56,279 INFO [T9] expand pattern=000068???? got=48 ≥ 30 → split into 10 children
2026-05-23 14:22:56,289 INFO [T8] expand pattern=000066???? got=49 ≥ 30 → split into 10 children
2026-05-23 14:22:56,806 INFO [T23] expand pattern=000069???? got=48 ≥ 30 → split into 10 children
2026-05-23 14:22:57,456 INFO [T28] expand pattern=000090???? got=46 ≥ 30 → split into 10 children
2026-05-23 14:22:57,800 INFO [T1] expand pattern=000092???? got=50 ≥ 30 → split into 10 children
2026-05-23 14:22:57,867 INFO [T26] expand pattern=000093???? got=47 ≥ 30 → split into 10 children
2026-05-23 14:22:57,961 INFO [T19] expand pattern=000095???? got=50 ≥ 30 → split into 10 children
2026-05-23 14:22:58,012 INFO [T7] expand pattern=000094???? got=47 ≥ 30 → split into 10 children
2026-05-23 14:22:58,226 INFO [T30] expand pattern=000091???? got=47 ≥ 30 → split into 10 children
2026-05-23 14:22:58,245 INFO [T2] expand pattern=000096???? got=49 ≥ 30 → split into 10 children
2026-05-23 14:22:58,267 INFO [T15] expand pattern=000097???? got=47 ≥ 30 → split into 10 children
2026-05-23 14:22:58,454 INFO [T12] expand pattern=000098???? got=49 ≥ 30 → split into 10 children
2026-05-23 14:22:58,468 INFO [T16] expand pattern=000099???? got=50 ≥ 30 → split into 10 children
2026-05-23 14:22:58,613 INFO [T24] leaf pattern=000311???? got=8 saved=8
2026-05-23 14:22:58,622 INFO [T18] expand pattern=000312???? got=33 ≥ 30 → split into 10 children
2026-05-23 14:22:58,769 INFO [T10] leaf pattern=000313???? got=26 saved=26
2026-05-23 14:22:58,885 INFO [T4] expand pattern=000310???? got=37 ≥ 30 → split into 10 children
2026-05-23 14:22:58,947 INFO [T17] expand pattern=000314???? got=33 ≥ 30 → split into 10 children
2026-05-23 14:22:58,978 INFO [T14] expand pattern=000315???? got=33 ≥ 30 → split into 10 children
2026-05-23 14:22:59,259 INFO [T20] leaf pattern=000316???? got=27 saved=27
2026-05-23 14:22:59,494 INFO [T5] expand pattern=000317???? got=31 ≥ 30 → split into 10 children
2026-05-23 14:22:59,544 INFO [T22] expand pattern=000318???? got=31 ≥ 30 → split into 10 children
2026-05-23 14:22:59,632 INFO [T6] leaf pattern=000319???? got=27 saved=27
2026-05-23 14:22:59,833 INFO [T27] leaf pattern=000300???? got=11 saved=11
2026-05-23 14:22:59,844 INFO [T25] expand pattern=000301???? got=30 ≥ 30 → split into 10 children
2026-05-23 14:22:59,864 INFO [T29] expand pattern=000302???? got=33 ≥ 30 → split into 10 children
2026-05-23 14:22:59,971 INFO [T11] leaf pattern=000303???? got=24 saved=24
2026-05-23 14:22:59,984 INFO [T13] expand pattern=000304???? got=35 ≥ 30 → split into 10 children
2026-05-23 14:23:00,166 INFO [T21] expand pattern=000305???? got=36 ≥ 30 → split into 10 children
2026-05-23 14:23:00,235 INFO [T3] expand pattern=000306???? got=36 ≥ 30 → split into 10 children
2026-05-23 14:23:00,373 INFO [T8] expand pattern=000308???? got=36 ≥ 30 → split into 10 children
2026-05-23 14:23:00,377 INFO [T9] expand pattern=000307???? got=37 ≥ 30 → split into 10 children
2026-05-23 14:23:00,851 INFO [T23] expand pattern=000309???? got=32 ≥ 30 → split into 10 children
2026-05-23 14:23:01,480 INFO [T28] expand pattern=000320???? got=41 ≥ 30 → split into 10 children
2026-05-23 14:23:01,816 INFO [T1] expand pattern=000321???? got=37 ≥ 30 → split into 10 children
2026-05-23 14:23:01,833 INFO [T26] leaf pattern=000322???? got=25 saved=25
2026-05-23 14:23:02,092 INFO [T19] expand pattern=000323???? got=33 ≥ 30 → split into 10 children
2026-05-23 14:23:02,266 INFO [T15] expand pattern=000327???? got=48 ≥ 30 → split into 10 children
2026-05-23 14:23:02,285 INFO [T2] expand pattern=000326???? got=47 ≥ 30 → split into 10 children
2026-05-23 14:23:02,331 INFO [T7] expand pattern=000324???? got=40 ≥ 30 → split into 10 children
2026-05-23 14:23:02,526 INFO [T12] expand pattern=000328???? got=48 ≥ 30 → split into 10 children
2026-05-23 14:23:02,649 INFO [T16] expand pattern=000329???? got=49 ≥ 30 → split into 10 children
2026-05-23 14:23:02,695 INFO [T24] leaf pattern=000330???? got=25 saved=25
2026-05-23 14:23:02,748 INFO [T18] leaf pattern=000331???? got=20 saved=20
2026-05-23 14:23:02,784 INFO [T10] expand pattern=000332???? got=45 ≥ 30 → split into 10 children
2026-05-23 14:23:02,977 INFO [T17] expand pattern=000334???? got=49 ≥ 30 → split into 10 children
2026-05-23 14:23:02,989 INFO [T14] expand pattern=000335???? got=45 ≥ 30 → split into 10 children
2026-05-23 14:23:03,243 INFO [T30] expand pattern=000325???? got=50 ≥ 30 → split into 10 children
2026-05-23 14:23:03,321 INFO [T4] leaf pattern=000333???? got=24 saved=24
2026-05-23 14:23:03,513 INFO [T20] expand pattern=000336???? got=48 ≥ 30 → split into 10 children
2026-05-23 14:23:03,651 INFO [T6] expand pattern=000339???? got=49 ≥ 30 → split into 10 children
2026-05-23 14:23:03,662 INFO [T5] expand pattern=000337???? got=50 ≥ 30 → split into 10 children
2026-05-23 14:23:03,729 INFO [T22] expand pattern=000338???? got=49 ≥ 30 → split into 10 children
2026-05-23 14:23:03,813 INFO [T27] expand pattern=000340???? got=41 ≥ 30 → split into 10 children
2026-05-23 14:23:03,885 INFO [T25] expand pattern=000341???? got=44 ≥ 30 → split into 10 children
2026-05-23 14:23:03,978 INFO [T13] expand pattern=000344???? got=48 ≥ 30 → split into 10 children
2026-05-23 14:23:03,994 INFO [T11] expand pattern=000343???? got=50 ≥ 30 → split into 10 children
2026-05-23 14:23:04,077 INFO [T29] expand pattern=000342???? got=49 ≥ 30 → split into 10 children
2026-05-23 14:23:04,256 INFO [T3] expand pattern=000346???? got=50 ≥ 30 → split into 10 children
2026-05-23 14:23:04,418 INFO [T9] expand pattern=000348???? got=50 ≥ 30 → split into 10 children
2026-05-23 14:23:04,454 INFO [T8] expand pattern=000347???? got=48 ≥ 30 → split into 10 children
2026-05-23 14:23:04,467 INFO [T21] expand pattern=000345???? got=46 ≥ 30 → split into 10 children
2026-05-23 14:23:04,884 INFO [T23] expand pattern=000349???? got=50 ≥ 30 → split into 10 children
2026-05-23 14:23:05,519 INFO [T28] expand pattern=000350???? got=44 ≥ 30 → split into 10 children
2026-05-23 14:23:06,059 INFO [T19] expand pattern=000353???? got=45 ≥ 30 → split into 10 children
2026-05-23 14:23:06,134 INFO [T26] expand pattern=000352???? got=49 ≥ 30 → split into 10 children
2026-05-23 14:23:06,145 INFO [T1] expand pattern=000351???? got=37 ≥ 30 → split into 10 children
2026-05-23 14:23:06,267 INFO [T2] expand pattern=000355???? got=48 ≥ 30 → split into 10 children
2026-05-23 14:23:06,308 INFO [T15] expand pattern=000354???? got=49 ≥ 30 → split into 10 children
2026-05-23 14:23:06,369 INFO [T7] expand pattern=000356???? got=50 ≥ 30 → split into 10 children
2026-05-23 14:23:06,485 INFO [T12] expand pattern=000357???? got=46 ≥ 30 → split into 10 children
2026-05-23 14:23:06,662 INFO [T16] expand pattern=000358???? got=47 ≥ 30 → split into 10 children
2026-05-23 14:23:06,722 INFO [T24] expand pattern=000359???? got=47 ≥ 30 → split into 10 children
2026-05-23 14:23:06,795 INFO [T10] expand pattern=000361???? got=40 ≥ 30 → split into 10 children
2026-05-23 14:23:06,948 INFO [T17] expand pattern=000362???? got=49 ≥ 30 → split into 10 children
2026-05-23 14:23:07,019 INFO [T14] expand pattern=000363???? got=47 ≥ 30 → split into 10 children
2026-05-23 14:23:07,093 INFO [T18] expand pattern=000360???? got=41 ≥ 30 → split into 10 children
2026-05-23 14:23:07,382 INFO [T30] expand pattern=000364???? got=50 ≥ 30 → split into 10 children
2026-05-23 14:23:07,573 INFO [T20] expand pattern=000366???? got=48 ≥ 30 → split into 10 children
2026-05-23 14:23:07,655 INFO [T6] expand pattern=000367???? got=49 ≥ 30 → split into 10 children
2026-05-23 14:23:07,674 INFO [T22] expand pattern=000369???? got=48 ≥ 30 → split into 10 children
2026-05-23 14:23:07,699 INFO [T5] expand pattern=000368???? got=48 ≥ 30 → split into 10 children
2026-05-23 14:23:07,764 INFO [T4] expand pattern=000365???? got=48 ≥ 30 → split into 10 children
2026-05-23 14:23:07,840 INFO [T27] expand pattern=000380???? got=34 ≥ 30 → split into 10 children
2026-05-23 14:23:07,902 INFO [T25] expand pattern=000381???? got=43 ≥ 30 → split into 10 children
2026-05-23 14:23:07,978 INFO [T13] expand pattern=000382???? got=49 ≥ 30 → split into 10 children
2026-05-23 14:23:07,994 INFO [T11] expand pattern=000383???? got=50 ≥ 30 → split into 10 children
2026-05-23 14:23:08,135 INFO [T29] expand pattern=000384???? got=48 ≥ 30 → split into 10 children
2026-05-23 14:23:08,350 INFO [T3] expand pattern=000385???? got=50 ≥ 30 → split into 10 children
2026-05-23 14:23:08,472 INFO [T9] expand pattern=000386???? got=48 ≥ 30 → split into 10 children
2026-05-23 14:23:08,511 INFO [T8] expand pattern=000387???? got=50 ≥ 30 → split into 10 children
2026-05-23 14:23:08,597 INFO [T21] expand pattern=000388???? got=47 ≥ 30 → split into 10 children
2026-05-23 14:23:08,897 INFO [T23] expand pattern=000389???? got=48 ≥ 30 → split into 10 children
2026-05-23 14:23:09,529 INFO [T28] leaf pattern=000200???? got=5 saved=5
2026-05-23 14:23:10,071 INFO [T19] expand pattern=000201???? got=36 ≥ 30 → split into 10 children
2026-05-23 14:23:10,087 WARNING [T15] ec=1 rate limited, rotating IP
2026-05-23 14:23:10,088 INFO [T15] rotate IP c2f62dbc → c3f3cf79
2026-05-23 14:23:10,139 INFO [T1] expand pattern=000203???? got=33 ≥ 30 → split into 10 children
2026-05-23 14:23:10,155 INFO [T26] expand pattern=000202???? got=41 ≥ 30 → split into 10 children
2026-05-23 14:23:10,258 INFO [T2] expand pattern=000204???? got=43 ≥ 30 → split into 10 children
2026-05-23 14:23:10,547 INFO [T12] expand pattern=000207???? got=38 ≥ 30 → split into 10 children
2026-05-23 14:23:10,725 INFO [T7] expand pattern=000206???? got=39 ≥ 30 → split into 10 children
2026-05-23 14:23:10,746 INFO [T24] expand pattern=000209???? got=39 ≥ 30 → split into 10 children
2026-05-23 14:23:10,774 INFO [T16] expand pattern=000208???? got=38 ≥ 30 → split into 10 children
2026-05-23 14:23:10,812 INFO [T10] expand pattern=000390???? got=40 ≥ 30 → split into 10 children
2026-05-23 14:23:10,960 INFO [T17] expand pattern=000391???? got=38 ≥ 30 → split into 10 children
2026-05-23 14:23:11,045 INFO [T14] expand pattern=000392???? got=46 ≥ 30 → split into 10 children
2026-05-23 14:23:11,105 INFO [T18] expand pattern=000393???? got=49 ≥ 30 → split into 10 children
2026-05-23 14:23:11,493 INFO [T30] expand pattern=000394???? got=49 ≥ 30 → split into 10 children
2026-05-23 14:23:11,580 INFO [T20] expand pattern=000395???? got=49 ≥ 30 → split into 10 children
2026-05-23 14:23:11,701 INFO [T6] expand pattern=000396???? got=50 ≥ 30 → split into 10 children
2026-05-23 14:23:11,740 INFO [T5] expand pattern=000398???? got=50 ≥ 30 → split into 10 children
2026-05-23 14:23:11,756 INFO [T22] expand pattern=000397???? got=47 ≥ 30 → split into 10 children
2026-05-23 14:23:11,822 INFO [T27] expand pattern=000230???? got=33 ≥ 30 → split into 10 children
2026-05-23 14:23:11,956 INFO [T25] expand pattern=000231???? got=36 ≥ 30 → split into 10 children
2026-05-23 14:23:11,966 INFO [T15] D1N refreshed d1b6deb5f9f2cf04…
2026-05-23 14:23:11,978 INFO [T11] expand pattern=000233???? got=31 ≥ 30 → split into 10 children
2026-05-23 14:23:11,988 INFO [T13] expand pattern=000232???? got=33 ≥ 30 → split into 10 children
2026-05-23 14:23:12,182 INFO [T4] expand pattern=000399???? got=47 ≥ 30 → split into 10 children
2026-05-23 14:23:12,209 INFO [T29] expand pattern=000234???? got=38 ≥ 30 → split into 10 children
2026-05-23 14:23:12,356 INFO [T3] expand pattern=000235???? got=41 ≥ 30 → split into 10 children
2026-05-23 14:23:12,525 INFO [T8] expand pattern=000237???? got=34 ≥ 30 → split into 10 children
2026-05-23 14:23:12,662 INFO [T9] expand pattern=000236???? got=37 ≥ 30 → split into 10 children
2026-05-23 14:23:12,734 INFO [T21] expand pattern=000238???? got=40 ≥ 30 → split into 10 children
2026-05-23 14:23:13,099 INFO [T23] expand pattern=000239???? got=33 ≥ 30 → split into 10 children
2026-05-23 14:23:13,664 INFO [T28] expand pattern=000210???? got=41 ≥ 30 → split into 10 children
2026-05-23 14:23:14,121 INFO [T19] leaf pattern=000211???? got=29 saved=29
2026-05-23 14:23:14,141 INFO [T26] expand pattern=000213???? got=39 ≥ 30 → split into 10 children
2026-05-23 14:23:14,157 INFO [T1] expand pattern=000212???? got=33 ≥ 30 → split into 10 children
2026-05-23 14:23:14,316 INFO [T2] expand pattern=000214???? got=37 ≥ 30 → split into 10 children
2026-05-23 14:23:14,646 INFO [T12] expand pattern=000215???? got=36 ≥ 30 → split into 10 children
2026-05-23 14:23:14,732 INFO [T7] expand pattern=000216???? got=43 ≥ 30 → split into 10 children
2026-05-23 14:23:14,787 INFO [T24] expand pattern=000217???? got=41 ≥ 30 → split into 10 children
2026-05-23 14:23:14,848 INFO [T10] expand pattern=000219???? got=35 ≥ 30 → split into 10 children
2026-05-23 14:23:14,860 INFO [T16] expand pattern=000218???? got=34 ≥ 30 → split into 10 children
2026-05-23 14:23:14,932 INFO [T17] expand pattern=000220???? got=30 ≥ 30 → split into 10 children
2026-05-23 14:23:15,043 INFO [T14] expand pattern=000221???? got=32 ≥ 30 → split into 10 children
2026-05-23 14:23:15,158 INFO [T18] leaf pattern=000222???? got=2 saved=2
2026-05-23 14:23:15,483 INFO [T30] expand pattern=000223???? got=34 ≥ 30 → split into 10 children
2026-05-23 14:23:15,636 INFO [T20] expand pattern=000224???? got=38 ≥ 30 → split into 10 children
2026-05-23 14:23:15,734 INFO [T6] expand pattern=000225???? got=31 ≥ 30 → split into 10 children
2026-05-23 14:23:15,751 INFO [T5] leaf pattern=000226???? got=25 saved=25
2026-05-23 14:23:15,804 INFO [T22] expand pattern=000227???? got=31 ≥ 30 → split into 10 children
2026-05-23 14:23:15,996 INFO [T11] expand pattern=000370???? got=40 ≥ 30 → split into 10 children
2026-05-23 14:23:16,087 INFO [T25] expand pattern=000229???? got=35 ≥ 30 → split into 10 children
2026-05-23 14:23:16,155 INFO [T13] expand pattern=000371???? got=36 ≥ 30 → split into 10 children
2026-05-23 14:23:16,304 INFO [T27] expand pattern=000228???? got=31 ≥ 30 → split into 10 children
2026-05-23 14:23:16,362 INFO [T3] expand pattern=000374???? got=49 ≥ 30 → split into 10 children
2026-05-23 14:23:16,437 INFO [T29] expand pattern=000373???? got=48 ≥ 30 → split into 10 children
2026-05-23 14:23:16,631 INFO [T4] expand pattern=000372???? got=50 ≥ 30 → split into 10 children
2026-05-23 14:23:16,676 INFO [T8] expand pattern=000375???? got=50 ≥ 30 → split into 10 children
2026-05-23 14:23:16,794 INFO [T21] expand pattern=000377???? got=49 ≥ 30 → split into 10 children
2026-05-23 14:23:17,030 INFO [T9] expand pattern=000376???? got=50 ≥ 30 → split into 10 children
2026-05-23 14:23:17,227 INFO [T23] expand pattern=000378???? got=49 ≥ 30 → split into 10 children
2026-05-23 14:23:17,644 INFO [T28] expand pattern=000379???? got=48 ≥ 30 → split into 10 children
2026-05-23 14:23:18,138 INFO [T26] expand pattern=000291???? got=47 ≥ 30 → split into 10 children
2026-05-23 14:23:18,165 INFO [T19] expand pattern=000290???? got=45 ≥ 30 → split into 10 children
2026-05-23 14:23:18,202 INFO [T15] expand pattern=000205???? got=39 ≥ 30 → split into 10 children
2026-05-23 14:23:18,367 INFO [T1] expand pattern=000292???? got=46 ≥ 30 → split into 10 children
2026-05-23 14:23:18,371 INFO [T2] expand pattern=000293???? got=42 ≥ 30 → split into 10 children
2026-05-23 14:23:18,587 INFO [T12] expand pattern=000294???? got=45 ≥ 30 → split into 10 children
2026-05-23 14:23:18,740 INFO [T7] expand pattern=000295???? got=41 ≥ 30 → split into 10 children
2026-05-23 14:23:18,841 INFO [T24] expand pattern=000296???? got=41 ≥ 30 → split into 10 children
2026-05-23 14:23:18,851 INFO [T10] expand pattern=000297???? got=42 ≥ 30 → split into 10 children
2026-05-23 14:23:18,868 INFO [T16] expand pattern=000298???? got=48 ≥ 30 → split into 10 children
2026-05-23 14:23:18,883 INFO [T17] expand pattern=000299???? got=39 ≥ 30 → split into 10 children
2026-05-23 14:23:19,035 INFO [T14] expand pattern=000270???? got=48 ≥ 30 → split into 10 children
2026-05-23 14:23:19,252 INFO [T18] expand pattern=000271???? got=45 ≥ 30 → split into 10 children
2026-05-23 14:23:19,643 INFO [T30] expand pattern=000272???? got=41 ≥ 30 → split into 10 children
2026-05-23 14:23:19,656 INFO [T20] expand pattern=000273???? got=41 ≥ 30 → split into 10 children
2026-05-23 14:23:19,772 INFO [T6] expand pattern=000274???? got=44 ≥ 30 → split into 10 children
2026-05-23 14:23:19,846 INFO [T5] expand pattern=000275???? got=46 ≥ 30 → split into 10 children
2026-05-23 14:23:19,889 INFO [T22] expand pattern=000276???? got=42 ≥ 30 → split into 10 children
2026-05-23 14:23:20,020 INFO [T11] expand pattern=000277???? got=38 ≥ 30 → split into 10 children
2026-05-23 14:23:20,067 INFO [T25] expand pattern=000278???? got=38 ≥ 30 → split into 10 children
2026-05-23 14:23:20,304 INFO [T27] expand pattern=000250???? got=37 ≥ 30 → split into 10 children
2026-05-23 14:23:20,334 INFO [T13] expand pattern=000279???? got=45 ≥ 30 → split into 10 children
2026-05-23 14:23:20,406 INFO [T3] expand pattern=000251???? got=40 ≥ 30 → split into 10 children
2026-05-23 14:23:20,516 INFO [T29] expand pattern=000252???? got=40 ≥ 30 → split into 10 children
2026-05-23 14:23:20,769 INFO [T8] expand pattern=000254???? got=45 ≥ 30 → split into 10 children
2026-05-23 14:23:20,878 INFO [T4] expand pattern=000253???? got=44 ≥ 30 → split into 10 children
2026-05-23 14:23:20,928 INFO [T21] expand pattern=000255???? got=44 ≥ 30 → split into 10 children
2026-05-23 14:23:21,128 INFO [T9] expand pattern=000256???? got=44 ≥ 30 → split into 10 children
2026-05-23 14:23:21,230 INFO [T23] expand pattern=000257???? got=48 ≥ 30 → split into 10 children
2026-05-23 14:23:21,668 INFO [T28] expand pattern=000258???? got=44 ≥ 30 → split into 10 children
2026-05-23 14:23:22,169 INFO [T19] expand pattern=000280???? got=46 ≥ 30 → split into 10 children
2026-05-23 14:23:22,340 INFO [T15] expand pattern=000281???? got=37 ≥ 30 → split into 10 children
2026-05-23 14:23:22,353 INFO [T2] expand pattern=000283???? got=42 ≥ 30 → split into 10 children
2026-05-23 14:23:22,359 INFO [T1] expand pattern=000282???? got=36 ≥ 30 → split into 10 children
2026-05-23 14:23:22,458 INFO [T26] expand pattern=000259???? got=47 ≥ 30 → split into 10 children
2026-05-23 14:23:22,592 INFO [T12] expand pattern=000284???? got=45 ≥ 30 → split into 10 children
2026-05-23 14:23:22,729 INFO [T7] expand pattern=000285???? got=41 ≥ 30 → split into 10 children
2026-05-23 14:23:22,965 INFO [T24] expand pattern=000286???? got=41 ≥ 30 → split into 10 children
2026-05-23 14:23:22,989 INFO [T17] expand pattern=000289???? got=41 ≥ 30 → split into 10 children
2026-05-23 14:23:23,030 INFO [T16] expand pattern=000288???? got=36 ≥ 30 → split into 10 children
2026-05-23 14:23:23,059 INFO [T14] expand pattern=000240???? got=41 ≥ 30 → split into 10 children
2026-05-23 14:23:23,172 INFO [T10] expand pattern=000287???? got=44 ≥ 30 → split into 10 children
2026-05-23 14:23:23,306 INFO [T18] expand pattern=000241???? got=40 ≥ 30 → split into 10 children
2026-05-23 14:23:23,492 INFO === Job 45fcba68 PAUSED ===
