2026-05-23 14:50:34,243 INFO Smart seed: skipping 00/01/02/04-07 → enqueue ['03????????', '08????????', '09????????']
2026-05-23 14:50:34,247 INFO === Job a31c678a RUNNING (50 thread(s)) ===
2026-05-23 14:50:34,302 INFO [T1] session init, proxy_sid=9ad130cf
2026-05-23 14:50:34,308 INFO [T4] session init, proxy_sid=15aa925e
2026-05-23 14:50:34,327 INFO [T7] session init, proxy_sid=98eb842e
2026-05-23 14:50:36,152 INFO [T1] D1N refreshed 1e28194c8cd32282…
2026-05-23 14:50:36,398 INFO [T7] D1N refreshed 2fe2186d10812897…
2026-05-23 14:50:39,730 WARNING [T4] ConnectionError attempt=1/3 pattern=08????????: ('Connection aborted.', ConnectionResetError(10054, 'An existing connection was forcibly closed by the remote host', Non
2026-05-23 14:50:39,730 INFO [T4] rotate IP 15aa925e → fcaafeb7
2026-05-23 14:50:40,728 INFO [T50] session init, proxy_sid=3e6326be
2026-05-23 14:50:40,733 INFO [T23] session init, proxy_sid=b770693d
2026-05-23 14:50:40,737 INFO [T47] session init, proxy_sid=40e8ab00
2026-05-23 14:50:40,742 INFO [T14] session init, proxy_sid=ed964507
2026-05-23 14:50:40,746 INFO [T38] session init, proxy_sid=33d58cc9
2026-05-23 14:50:40,750 INFO [T24] session init, proxy_sid=c0e4fc60
2026-05-23 14:50:40,754 INFO [T42] session init, proxy_sid=d6dceefa
2026-05-23 14:50:40,760 INFO [T2] session init, proxy_sid=f40efdbe
2026-05-23 14:50:40,764 INFO [T10] session init, proxy_sid=f58994a7
2026-05-23 14:50:40,768 INFO [T15] session init, proxy_sid=4ad11e40
2026-05-23 14:50:40,774 INFO [T16] session init, proxy_sid=fb9911b0
2026-05-23 14:50:40,779 INFO [T35] session init, proxy_sid=796bf870
2026-05-23 14:50:40,786 INFO [T25] session init, proxy_sid=d4b28036
2026-05-23 14:50:40,790 INFO [T19] session init, proxy_sid=25790c4f
2026-05-23 14:50:40,795 INFO [T22] session init, proxy_sid=c9565e63
2026-05-23 14:50:40,799 INFO [T27] session init, proxy_sid=2a19f7b7
2026-05-23 14:50:40,805 INFO [T28] session init, proxy_sid=f7efeac7
2026-05-23 14:50:40,810 INFO [T7] expand pattern=09???????? got=45 ≥ 30 → split into 10 children
2026-05-23 14:50:40,816 INFO [T43] session init, proxy_sid=a14911a8
2026-05-23 14:50:40,820 INFO [T45] session init, proxy_sid=e2cbb955
2026-05-23 14:50:40,825 INFO [T5] session init, proxy_sid=d417e0dc
2026-05-23 14:50:40,831 INFO [T1] expand pattern=03???????? got=50 ≥ 30 → split into 10 children
2026-05-23 14:50:43,631 INFO [T45] D1N refreshed d27c6f674579d33d…
2026-05-23 14:50:43,712 INFO [T38] D1N refreshed 484dabe537a54b54…
2026-05-23 14:50:43,863 INFO [T27] D1N refreshed 71148f32cbaabd05…
2026-05-23 14:50:43,881 INFO [T2] D1N refreshed 1ebc00f8f6234765…
2026-05-23 14:50:43,941 INFO [T10] D1N refreshed c57e8f1dbca21f24…
2026-05-23 14:50:43,964 INFO [T15] D1N refreshed 4ffcd2a5c81210fd…
2026-05-23 14:50:43,977 INFO [T14] D1N refreshed 663e57ef26a57ab5…
2026-05-23 14:50:44,038 INFO [T22] D1N refreshed 063c2e2d931e2d2a…
2026-05-23 14:50:44,040 INFO [T42] D1N refreshed 0d669e3c9747d8ea…
2026-05-23 14:50:44,065 INFO [T23] D1N refreshed 6be399ae9181f48f…
2026-05-23 14:50:44,067 INFO [T25] D1N refreshed 9b630e98099ac832…
2026-05-23 14:50:44,111 INFO [T35] D1N refreshed 7c9636b53721e8a5…
2026-05-23 14:50:44,126 INFO [T28] D1N refreshed 4eddd72d039ba55b…
2026-05-23 14:50:44,150 INFO [T5] D1N refreshed 2e26be263716b038…
2026-05-23 14:50:44,226 INFO [T19] D1N refreshed 747884e8be44ba9a…
2026-05-23 14:50:44,402 INFO [T47] D1N refreshed 56d57409a28cb207…
2026-05-23 14:50:45,175 INFO [T16] D1N refreshed 7a62e8cae5b6dd36…
2026-05-23 14:50:46,140 WARNING [T4] ConnectionError attempt=2/3 pattern=08????????: ('Connection aborted.', ConnectionResetError(10054, 'An existing connection was forcibly closed by the remote host', Non
2026-05-23 14:50:46,140 INFO [T4] rotate IP fcaafeb7 → 690ee0a4
2026-05-23 14:50:46,142 WARNING [T50] ConnectionError attempt=1/3 pattern=090???????: ('Connection aborted.', ConnectionResetError(10054, 'An existing connection was forcibly closed by the remote host', Non
2026-05-23 14:50:46,142 INFO [T50] rotate IP 3e6326be → 54a3a2f8
2026-05-23 14:50:46,156 WARNING [T24] ConnectionError attempt=1/3 pattern=095???????: ('Connection aborted.', ConnectionResetError(10054, 'An existing connection was forcibly closed by the remote host', Non
2026-05-23 14:50:46,156 INFO [T24] rotate IP c0e4fc60 → 0e70622d
2026-05-23 14:50:46,223 WARNING [T43] ConnectionError attempt=1/3 pattern=037???????: ('Connection aborted.', ConnectionResetError(10054, 'An existing connection was forcibly closed by the remote host', Non
2026-05-23 14:50:46,223 INFO [T43] rotate IP a14911a8 → 74ab71c8
2026-05-23 14:50:47,665 WARNING [T38] D1N unresolved, rotating IP
2026-05-23 14:50:47,665 INFO [T38] rotate IP 33d58cc9 → f690906c
2026-05-23 14:50:47,813 INFO [T45] expand pattern=038??????? got=49 ≥ 30 → split into 10 children
2026-05-23 14:50:47,864 INFO [T11] session init, proxy_sid=d03000c1
2026-05-23 14:50:47,870 INFO [T12] session init, proxy_sid=e95825f1
2026-05-23 14:50:47,874 INFO [T46] session init, proxy_sid=2d47d430
2026-05-23 14:50:47,879 INFO [T32] session init, proxy_sid=79e39621
2026-05-23 14:50:47,882 INFO [T8] session init, proxy_sid=a87e5bf1
2026-05-23 14:50:47,887 INFO [T39] session init, proxy_sid=97d05281
2026-05-23 14:50:47,891 INFO [T36] session init, proxy_sid=344c2ae7
2026-05-23 14:50:47,896 INFO [T17] session init, proxy_sid=c5532e68
2026-05-23 14:50:47,900 INFO [T40] session init, proxy_sid=ab6d898b
2026-05-23 14:50:48,642 INFO [T27] expand pattern=035??????? got=49 ≥ 30 → split into 10 children
2026-05-23 14:50:48,664 WARNING [T43] SSLError attempt=2/3 pattern=037???????: HTTPSConnectionPool(host='vietteltelecom.vn', port=443): Max retries exceeded with url: /api/get/sim (Caused by SSLError
2026-05-23 14:50:48,664 INFO [T43] rotate IP 74ab71c8 → 5e98e8c1
2026-05-23 14:50:48,711 INFO [T18] session init, proxy_sid=6e79650c
2026-05-23 14:50:48,720 INFO [T9] session init, proxy_sid=2cb05067
2026-05-23 14:50:48,726 INFO [T6] session init, proxy_sid=0fac0042
2026-05-23 14:50:48,732 INFO [T33] session init, proxy_sid=465b8ee4
2026-05-23 14:50:48,736 INFO [T30] session init, proxy_sid=ceffed16
2026-05-23 14:50:48,746 INFO [T13] session init, proxy_sid=be921257
2026-05-23 14:50:48,752 INFO [T21] session init, proxy_sid=d949b68f
2026-05-23 14:50:48,758 INFO [T29] session init, proxy_sid=cc19103e
2026-05-23 14:50:48,764 INFO [T34] session init, proxy_sid=9b5aee78
2026-05-23 14:50:48,768 INFO [T15] leaf pattern=099??????? got=0 saved=0
2026-05-23 14:50:48,877 INFO [T23] leaf pattern=091??????? got=0 saved=0
2026-05-23 14:50:48,881 INFO [T35] leaf pattern=031??????? got=0 saved=0
2026-05-23 14:50:48,891 INFO [T2] expand pattern=097??????? got=46 ≥ 30 → split into 10 children
2026-05-23 14:50:48,982 INFO [T14] leaf pattern=093??????? got=0 saved=0
2026-05-23 14:50:48,992 INFO [T28] expand pattern=036??????? got=50 ≥ 30 → split into 10 children
2026-05-23 14:50:48,996 INFO [T42] expand pattern=096??????? got=47 ≥ 30 → split into 10 children
2026-05-23 14:50:49,004 INFO [T26] session init, proxy_sid=30913b00
2026-05-23 14:50:49,021 INFO [T37] session init, proxy_sid=43de7134
2026-05-23 14:50:49,035 INFO [T41] session init, proxy_sid=3ba1ed55
2026-05-23 14:50:49,052 INFO [T49] session init, proxy_sid=04ede48e
2026-05-23 14:50:49,071 INFO [T31] session init, proxy_sid=7fb89218
2026-05-23 14:50:49,091 INFO [T10] expand pattern=098??????? got=44 ≥ 30 → split into 10 children
2026-05-23 14:50:49,103 INFO [T25] expand pattern=032??????? got=50 ≥ 30 → split into 10 children
2026-05-23 14:50:49,119 INFO [T20] session init, proxy_sid=96bc687c
2026-05-23 14:50:49,128 INFO [T48] session init, proxy_sid=69a4cb36
2026-05-23 14:50:49,139 INFO [T3] session init, proxy_sid=ddd380fe
2026-05-23 14:50:49,329 INFO [T44] session init, proxy_sid=6bf92333
2026-05-23 14:50:49,444 INFO [T38] D1N refreshed 7e74f76412bdf43c…
2026-05-23 14:50:49,529 INFO [T22] expand pattern=034??????? got=48 ≥ 30 → split into 10 children
2026-05-23 14:50:49,544 INFO [T47] leaf pattern=092??????? got=0 saved=0
2026-05-23 14:50:49,548 INFO [T5] expand pattern=039??????? got=50 ≥ 30 → split into 10 children
2026-05-23 14:50:49,552 INFO [T19] expand pattern=033??????? got=50 ≥ 30 → split into 10 children
2026-05-23 14:50:49,885 INFO [T24] D1N refreshed 797cbb07819c3db2…
2026-05-23 14:50:49,969 INFO [T17] D1N refreshed df45d4b723fee2b8…
2026-05-23 14:50:49,970 INFO [T46] D1N refreshed 6914b126a19cb1a7…
2026-05-23 14:50:50,164 INFO [T1] expand pattern=0975?????? got=35 ≥ 30 → split into 10 children
2026-05-23 14:50:50,283 INFO [T7] expand pattern=0364?????? got=49 ≥ 30 → split into 10 children
2026-05-23 14:50:50,297 INFO [T12] D1N refreshed 98e53a05d4309a98…
2026-05-23 14:50:50,337 INFO [T36] D1N refreshed eb7be0c8a4f15125…
2026-05-23 14:50:50,477 INFO [T40] D1N refreshed cba85a92b2b26627…
2026-05-23 14:50:50,596 INFO [T32] D1N refreshed e8331484db2d270c…
2026-05-23 14:50:50,631 INFO [T4] D1N refreshed 4e8f4caa1f3163bc…
2026-05-23 14:50:50,763 INFO [T45] leaf pattern=0380?????? got=0 saved=0
2026-05-23 14:50:50,932 INFO [T16] leaf pattern=030??????? got=0 saved=0
2026-05-23 14:50:51,437 INFO [T20] D1N refreshed 5cc03b7d6ec874fc…
2026-05-23 14:50:51,520 INFO [T31] D1N refreshed 4ee5f292ff1d2b83…
2026-05-23 14:50:51,562 INFO [T48] D1N refreshed 82781a9712a9c27f…
2026-05-23 14:50:51,585 INFO [T44] D1N refreshed 140412f014ca2121…
2026-05-23 14:50:51,666 INFO [T39] D1N refreshed ed5e74a8dbdd37b9…
2026-05-23 14:50:51,729 INFO [T3] D1N refreshed 84f2e7d3bacff197…
2026-05-23 14:50:51,867 INFO [T8] D1N refreshed 445de7e78938e825…
2026-05-23 14:50:51,875 INFO [T30] D1N refreshed be3c125e1bf19033…
2026-05-23 14:50:51,962 INFO [T29] D1N refreshed 4b4861aa37931d76…
2026-05-23 14:50:51,964 INFO [T33] D1N refreshed 94ce00ba131e00a7…
2026-05-23 14:50:51,989 INFO [T34] D1N refreshed 7363a2b6e4d7a77b…
2026-05-23 14:50:52,038 INFO [T13] D1N refreshed 50d3b426a9dc1874…
2026-05-23 14:50:52,043 INFO [T37] D1N refreshed 6fff1f51e5604e0a…
2026-05-23 14:50:52,047 INFO [T41] D1N refreshed 232e5fe9f8febcba…
2026-05-23 14:50:52,069 INFO [T21] D1N refreshed 7f449cc6ecb1e36e…
2026-05-23 14:50:52,076 INFO [T49] D1N refreshed f4131e04ea0be349…
2026-05-23 14:50:52,093 INFO [T18] D1N refreshed 277d5f8e9275bffb…
2026-05-23 14:50:52,209 INFO [T26] D1N refreshed 0f3cc18033973bea…
2026-05-23 14:50:52,255 INFO [T6] D1N refreshed 7da36cba861cb287…
2026-05-23 14:50:52,274 INFO [T11] D1N refreshed fc8c2c6e87fe00da…
2026-05-23 14:50:52,560 WARNING [T50] ConnectionError attempt=2/3 pattern=090???????: ('Connection aborted.', ConnectionResetError(10054, 'An existing connection was forcibly closed by the remote host', Non
2026-05-23 14:50:52,560 INFO [T50] rotate IP 54a3a2f8 → 9287d538
2026-05-23 14:50:53,497 INFO [T9] D1N refreshed 5835da831af98f00…
2026-05-23 14:50:54,054 INFO [T27] leaf pattern=0350?????? got=0 saved=0
2026-05-23 14:50:54,102 INFO [T45] expand pattern=0966?????? got=33 ≥ 30 → split into 10 children
2026-05-23 14:50:54,229 INFO [T46] expand pattern=0383?????? got=49 ≥ 30 → split into 10 children
2026-05-23 14:50:54,283 INFO [T47] expand pattern=0961?????? got=42 ≥ 30 → split into 10 children
2026-05-23 14:50:54,356 INFO [T5] expand pattern=0962?????? got=42 ≥ 30 → split into 10 children
2026-05-23 14:50:54,514 INFO [T42] leaf pattern=0361?????? got=0 saved=0
2026-05-23 14:50:54,546 INFO [T2] expand pattern=0972?????? got=41 ≥ 30 → split into 10 children
2026-05-23 14:50:54,612 INFO [T38] leaf pattern=094??????? got=0 saved=0
2026-05-23 14:50:54,621 INFO [T12] expand pattern=0382?????? got=49 ≥ 30 → split into 10 children
2026-05-23 14:50:54,764 INFO [T24] leaf pattern=095??????? got=0 saved=0
2026-05-23 14:50:54,770 INFO [T10] expand pattern=0368?????? got=49 ≥ 30 → split into 10 children
2026-05-23 14:50:54,775 INFO [T40] expand pattern=0389?????? got=49 ≥ 30 → split into 10 children
2026-05-23 14:50:54,783 INFO [T17] expand pattern=0388?????? got=49 ≥ 30 → split into 10 children
2026-05-23 14:50:54,897 INFO [T35] expand pattern=0971?????? got=45 ≥ 30 → split into 10 children
2026-05-23 14:50:54,903 INFO [T7] expand pattern=0965?????? got=39 ≥ 30 → split into 10 children
2026-05-23 14:50:54,991 INFO [T43] D1N refreshed de57556fd5cc8e79…
2026-05-23 14:50:55,014 INFO [T16] expand pattern=0967?????? got=35 ≥ 30 → split into 10 children
2026-05-23 14:50:55,018 INFO [T32] expand pattern=0384?????? got=50 ≥ 30 → split into 10 children
2026-05-23 14:50:55,031 INFO [T28] expand pattern=0366?????? got=48 ≥ 30 → split into 10 children
2026-05-23 14:50:55,042 INFO [T23] leaf pattern=0970?????? got=0 saved=0
2026-05-23 14:50:55,047 INFO [T1] expand pattern=0964?????? got=44 ≥ 30 → split into 10 children
2026-05-23 14:50:55,065 INFO [T22] leaf pattern=0960?????? got=0 saved=0
2026-05-23 14:50:55,085 INFO [T15] expand pattern=0973?????? got=42 ≥ 30 → split into 10 children
2026-05-23 14:50:55,101 INFO [T14] leaf pattern=0979?????? got=24 saved=24
2026-05-23 14:50:55,146 INFO [T4] expand pattern=08???????? got=50 ≥ 30 → split into 10 children
2026-05-23 14:50:55,267 INFO [T19] expand pattern=0963?????? got=34 ≥ 30 → split into 10 children
2026-05-23 14:50:55,285 WARNING [T8] SSLError attempt=1/3 pattern=0385??????: HTTPSConnectionPool(host='vietteltelecom.vn', port=443): Max retries exceeded with url: /api/get/sim (Caused by SSLError
2026-05-23 14:50:55,285 INFO [T8] rotate IP a87e5bf1 → b68c8fc4
2026-05-23 14:50:55,578 INFO [T20] expand pattern=0362?????? got=50 ≥ 30 → split into 10 children
2026-05-23 14:50:55,667 INFO [T36] expand pattern=0387?????? got=49 ≥ 30 → split into 10 children
2026-05-23 14:50:55,678 INFO [T25] expand pattern=0369?????? got=47 ≥ 30 → split into 10 children
2026-05-23 14:50:55,838 INFO [T31] leaf pattern=0360?????? got=0 saved=0
2026-05-23 14:50:55,937 INFO [T44] expand pattern=0367?????? got=47 ≥ 30 → split into 10 children
2026-05-23 14:50:56,134 INFO [T48] expand pattern=0363?????? got=50 ≥ 30 → split into 10 children
2026-05-23 14:50:56,585 INFO [T3] expand pattern=0365?????? got=45 ≥ 30 → split into 10 children
2026-05-23 14:50:56,912 INFO [T37] expand pattern=0976?????? got=35 ≥ 30 → split into 10 children
2026-05-23 14:50:57,050 INFO [T45] expand pattern=0969?????? got=33 ≥ 30 → split into 10 children
2026-05-23 14:50:57,059 INFO [T30] expand pattern=0355?????? got=46 ≥ 30 → split into 10 children
2026-05-23 14:50:57,120 INFO [T27] expand pattern=0968?????? got=39 ≥ 30 → split into 10 children
2026-05-23 14:50:57,126 INFO [T33] expand pattern=0354?????? got=48 ≥ 30 → split into 10 children
2026-05-23 14:50:57,145 INFO [T39] expand pattern=0386?????? got=50 ≥ 30 → split into 10 children
2026-05-23 14:50:57,168 INFO [T49] expand pattern=0978?????? got=35 ≥ 30 → split into 10 children
2026-05-23 14:50:57,180 INFO [T41] leaf pattern=0977?????? got=28 saved=28
2026-05-23 14:50:57,246 INFO [T46] leaf pattern=0320?????? got=0 saved=0
2026-05-23 14:50:57,251 INFO [T47] leaf pattern=0321?????? got=0 saved=0
2026-05-23 14:50:57,263 INFO [T21] expand pattern=0357?????? got=49 ≥ 30 → split into 10 children
2026-05-23 14:50:57,272 INFO [T34] expand pattern=0359?????? got=48 ≥ 30 → split into 10 children
2026-05-23 14:50:57,288 INFO [T29] expand pattern=0358?????? got=50 ≥ 30 → split into 10 children
2026-05-23 14:50:57,301 INFO [T5] leaf pattern=0322?????? got=0 saved=0
2026-05-23 14:50:57,393 INFO [T26] expand pattern=0974?????? got=40 ≥ 30 → split into 10 children
2026-05-23 14:50:57,398 INFO [T18] leaf pattern=0351?????? got=0 saved=0
2026-05-23 14:50:57,407 INFO [T6] expand pattern=0353?????? got=48 ≥ 30 → split into 10 children
2026-05-23 14:50:57,438 INFO [T2] leaf pattern=0324?????? got=0 saved=0
2026-05-23 14:50:57,481 INFO [T42] leaf pattern=0323?????? got=0 saved=0
2026-05-23 14:50:57,557 INFO [T13] expand pattern=0356?????? got=49 ≥ 30 → split into 10 children
2026-05-23 14:50:57,635 INFO [T10] expand pattern=0328?????? got=47 ≥ 30 → split into 10 children
2026-05-23 14:50:57,640 INFO [T40] leaf pattern=0980?????? got=0 saved=0
2026-05-23 14:50:57,659 INFO [T24] expand pattern=0327?????? got=49 ≥ 30 → split into 10 children
2026-05-23 14:50:57,709 INFO [T38] expand pattern=0325?????? got=48 ≥ 30 → split into 10 children
2026-05-23 14:50:57,900 INFO [T7] expand pattern=0982?????? got=34 ≥ 30 → split into 10 children
2026-05-23 14:50:57,912 INFO [T35] expand pattern=0981?????? got=41 ≥ 30 → split into 10 children
2026-05-23 14:50:57,934 INFO [T28] expand pattern=0985?????? got=33 ≥ 30 → split into 10 children
2026-05-23 14:50:57,945 INFO [T17] expand pattern=0329?????? got=49 ≥ 30 → split into 10 children
2026-05-23 14:50:57,964 INFO [T23] leaf pattern=0986?????? got=28 saved=28
2026-05-23 14:50:57,968 INFO [T32] expand pattern=0984?????? got=38 ≥ 30 → split into 10 children
2026-05-23 14:50:57,978 WARNING [T8] D1N unresolved, rotating IP
2026-05-23 14:50:57,978 INFO [T8] rotate IP b68c8fc4 → 41449ce4
2026-05-23 14:50:57,987 INFO [T14] leaf pattern=0340?????? got=0 saved=0
2026-05-23 14:50:57,997 INFO [T15] expand pattern=0989?????? got=31 ≥ 30 → split into 10 children
2026-05-23 14:50:58,011 INFO [T1] leaf pattern=0987?????? got=28 saved=28
2026-05-23 14:50:58,030 INFO [T12] expand pattern=0326?????? got=46 ≥ 30 → split into 10 children
2026-05-23 14:50:58,044 INFO [T22] leaf pattern=0988?????? got=9 saved=9
2026-05-23 14:50:58,107 INFO [T4] leaf pattern=0341?????? got=0 saved=0
2026-05-23 14:50:58,321 INFO [T19] expand pattern=0342?????? got=50 ≥ 30 → split into 10 children
2026-05-23 14:50:58,366 INFO [T16] expand pattern=0983?????? got=31 ≥ 30 → split into 10 children
2026-05-23 14:50:58,559 INFO [T11] leaf pattern=0381?????? got=0 saved=0
2026-05-23 14:50:58,583 INFO [T20] expand pattern=0343?????? got=47 ≥ 30 → split into 10 children
2026-05-23 14:50:58,592 INFO [T36] expand pattern=0344?????? got=48 ≥ 30 → split into 10 children
2026-05-23 14:50:58,604 INFO [T25] expand pattern=0345?????? got=44 ≥ 30 → split into 10 children
2026-05-23 14:50:58,822 INFO [T31] expand pattern=0346?????? got=50 ≥ 30 → split into 10 children
2026-05-23 14:50:58,876 INFO [T9] expand pattern=0352?????? got=49 ≥ 30 → split into 10 children
2026-05-23 14:50:58,906 INFO [T44] expand pattern=0347?????? got=49 ≥ 30 → split into 10 children
2026-05-23 14:50:59,301 INFO [T48] expand pattern=0348?????? got=47 ≥ 30 → split into 10 children
2026-05-23 14:50:59,553 INFO [T43] expand pattern=037??????? got=50 ≥ 30 → split into 10 children
2026-05-23 14:50:59,676 INFO [T8] D1N refreshed 337587672281bdee…
2026-05-23 14:50:59,911 INFO [T37] leaf pattern=0390?????? got=0 saved=0
2026-05-23 14:50:59,922 INFO [T3] expand pattern=0349?????? got=49 ≥ 30 → split into 10 children
2026-05-23 14:50:59,978 WARNING [T50] ConnectionError attempt=3/3 pattern=090???????: ('Connection aborted.', ConnectionResetError(10054, 'An existing connection was forcibly closed by the remote host', Non
2026-05-23 14:50:59,979 ERROR [T50] fetch failed pattern=090???????: ('Connection aborted.', ConnectionResetError(10054, 'An existing connection was forcibly closed by the remote host', None, 10054, None))
2026-05-23 14:51:00,041 INFO [T30] expand pattern=0394?????? got=49 ≥ 30 → split into 10 children
2026-05-23 14:51:00,050 INFO [T21] leaf pattern=0331?????? got=0 saved=0
2026-05-23 14:51:00,117 INFO [T27] expand pattern=0392?????? got=47 ≥ 30 → split into 10 children
2026-05-23 14:51:00,135 INFO [T49] expand pattern=0397?????? got=50 ≥ 30 → split into 10 children
2026-05-23 14:51:00,147 INFO [T47] expand pattern=0399?????? got=47 ≥ 30 → split into 10 children
2026-05-23 14:51:00,152 INFO [T34] leaf pattern=0330?????? got=0 saved=0
2026-05-23 14:51:00,174 INFO [T41] expand pattern=0396?????? got=48 ≥ 30 → split into 10 children
2026-05-23 14:51:00,184 INFO [T29] expand pattern=0332?????? got=48 ≥ 30 → split into 10 children
2026-05-23 14:51:00,197 INFO [T39] expand pattern=0393?????? got=50 ≥ 30 → split into 10 children
2026-05-23 14:51:00,208 INFO [T46] expand pattern=0398?????? got=49 ≥ 30 → split into 10 children
2026-05-23 14:51:00,217 INFO [T33] expand pattern=0395?????? got=49 ≥ 30 → split into 10 children
2026-05-23 14:51:00,250 INFO [T45] leaf pattern=0391?????? got=0 saved=0
2026-05-23 14:51:00,272 INFO [T5] leaf pattern=0333?????? got=22 saved=22
2026-05-23 14:51:00,292 INFO [T26] expand pattern=0335?????? got=48 ≥ 30 → split into 10 children
2026-05-23 14:51:00,362 INFO [T18] expand pattern=0334?????? got=48 ≥ 30 → split into 10 children
2026-05-23 14:51:00,402 INFO [T6] expand pattern=0336?????? got=49 ≥ 30 → split into 10 children
2026-05-23 14:51:00,433 INFO [T42] expand pattern=0338?????? got=48 ≥ 30 → split into 10 children
2026-05-23 14:51:00,512 INFO [T13] expand pattern=0339?????? got=49 ≥ 30 → split into 10 children
2026-05-23 14:51:00,576 INFO [T40] leaf pattern=09751????? got=11 saved=11
2026-05-23 14:51:00,584 INFO [T10] leaf pattern=09750????? got=4 saved=4
2026-05-23 14:51:00,596 INFO [T24] leaf pattern=09752????? got=11 saved=11
2026-05-23 14:51:00,678 INFO [T38] leaf pattern=09753????? got=11 saved=11
2026-05-23 14:51:00,766 INFO [T2] expand pattern=0337?????? got=44 ≥ 30 → split into 10 children
2026-05-23 14:51:00,782 INFO [T35] leaf pattern=09755????? got=8 saved=8
2026-05-23 14:51:00,842 INFO [T28] leaf pattern=09756????? got=9 saved=9
2026-05-23 14:51:00,860 INFO [T1] expand pattern=03642????? got=41 ≥ 30 → split into 10 children
2026-05-23 14:51:00,878 INFO [T32] leaf pattern=09759????? got=8 saved=8
2026-05-23 14:51:00,901 INFO [T17] leaf pattern=09757????? got=5 saved=5
2026-05-23 14:51:00,912 INFO [T15] expand pattern=03641????? got=43 ≥ 30 → split into 10 children
2026-05-23 14:51:00,922 INFO [T14] expand pattern=03640????? got=41 ≥ 30 → split into 10 children
2026-05-23 14:51:00,936 INFO [T12] expand pattern=03643????? got=39 ≥ 30 → split into 10 children
2026-05-23 14:51:00,946 INFO [T22] expand pattern=03644????? got=35 ≥ 30 → split into 10 children
2026-05-23 14:51:00,968 INFO [T7] leaf pattern=09754????? got=14 saved=14
2026-05-23 14:51:01,006 INFO [T23] leaf pattern=09758????? got=7 saved=7
2026-05-23 14:51:01,092 INFO [T4] expand pattern=03645????? got=39 ≥ 30 → split into 10 children
2026-05-23 14:51:01,494 INFO [T20] expand pattern=03649????? got=43 ≥ 30 → split into 10 children
2026-05-23 14:51:01,507 INFO [T11] expand pattern=03648????? got=42 ≥ 30 → split into 10 children
2026-05-23 14:51:01,524 INFO [T19] expand pattern=03646????? got=37 ≥ 30 → split into 10 children
2026-05-23 14:51:01,547 INFO [T25] leaf pattern=09661????? got=8 saved=8
2026-05-23 14:51:01,552 INFO [T36] leaf pattern=09660????? got=9 saved=9
2026-05-23 14:51:01,638 INFO [T16] expand pattern=03647????? got=43 ≥ 30 → split into 10 children
2026-05-23 14:51:01,793 INFO [T31] leaf pattern=09662????? got=9 saved=9
2026-05-23 14:51:01,859 INFO [T44] leaf pattern=09664????? got=14 saved=14
2026-05-23 14:51:01,863 INFO [T9] leaf pattern=09663????? got=6 saved=6
2026-05-23 14:51:02,468 INFO [T48] leaf pattern=09665????? got=8 saved=8
2026-05-23 14:51:02,774 INFO [T43] leaf pattern=09666????? got=3 saved=3
2026-05-23 14:51:02,803 INFO [T37] leaf pattern=09667????? got=3 saved=3
2026-05-23 14:51:03,039 INFO [T21] expand pattern=03831????? got=36 ≥ 30 → split into 10 children
2026-05-23 14:51:03,044 INFO [T27] expand pattern=03832????? got=34 ≥ 30 → split into 10 children
2026-05-23 14:51:03,064 INFO [T49] expand pattern=03833????? got=33 ≥ 30 → split into 10 children
2026-05-23 14:51:03,098 INFO [T46] expand pattern=03838????? got=41 ≥ 30 → split into 10 children
2026-05-23 14:51:03,109 INFO [T47] expand pattern=03834????? got=45 ≥ 30 → split into 10 children
2026-05-23 14:51:03,133 INFO [T41] expand pattern=03839????? got=35 ≥ 30 → split into 10 children
2026-05-23 14:51:03,143 INFO [T29] expand pattern=03837????? got=34 ≥ 30 → split into 10 children
2026-05-23 14:51:03,153 INFO [T34] expand pattern=03835????? got=43 ≥ 30 → split into 10 children
2026-05-23 14:51:03,172 INFO [T33] expand pattern=03836????? got=42 ≥ 30 → split into 10 children
2026-05-23 14:51:03,187 INFO [T45] leaf pattern=09611????? got=6 saved=6
2026-05-23 14:51:03,193 INFO [T39] leaf pattern=09610????? got=10 saved=10
2026-05-23 14:51:03,219 INFO [T26] leaf pattern=09613????? got=10 saved=10
2026-05-23 14:51:03,247 INFO [T3] leaf pattern=09668????? got=2 saved=2
2026-05-23 14:51:03,250 INFO [T30] expand pattern=03830????? got=46 ≥ 30 → split into 10 children
2026-05-23 14:51:03,313 INFO [T18] leaf pattern=09614????? got=16 saved=16
2026-05-23 14:51:03,373 INFO [T6] leaf pattern=09615????? got=11 saved=11
2026-05-23 14:51:03,395 INFO [T5] leaf pattern=09612????? got=6 saved=6
2026-05-23 14:51:03,410 INFO [T42] leaf pattern=09616????? got=10 saved=10
2026-05-23 14:51:03,469 INFO [T24] leaf pattern=09620????? got=9 saved=9
2026-05-23 14:51:03,501 INFO [T40] leaf pattern=09618????? got=13 saved=13
2026-05-23 14:51:03,522 INFO [T10] leaf pattern=09619????? got=15 saved=15
2026-05-23 14:51:03,585 INFO [T13] leaf pattern=09617????? got=13 saved=13
2026-05-23 14:51:03,628 INFO [T38] leaf pattern=09621????? got=13 saved=13
2026-05-23 14:51:03,684 INFO [T35] leaf pattern=09623????? got=9 saved=9
2026-05-23 14:51:03,693 INFO [T8] expand pattern=0385?????? got=49 ≥ 30 → split into 10 children
2026-05-23 14:51:03,745 INFO [T2] leaf pattern=09622????? got=10 saved=10
2026-05-23 14:51:03,768 INFO [T28] leaf pattern=09624????? got=18 saved=18
2026-05-23 14:51:03,774 INFO [T1] leaf pattern=09625????? got=11 saved=11
2026-05-23 14:51:03,796 INFO [T14] leaf pattern=09629????? got=13 saved=13
2026-05-23 14:51:03,803 INFO [T17] leaf pattern=09627????? got=8 saved=8
2026-05-23 14:51:03,833 INFO [T15] leaf pattern=09628????? got=8 saved=8
2026-05-23 14:51:03,846 INFO [T32] leaf pattern=09626????? got=9 saved=9
2026-05-23 14:51:03,875 INFO [T22] leaf pattern=09721????? got=11 saved=11
2026-05-23 14:51:03,884 INFO [T12] leaf pattern=09720????? got=6 saved=6
2026-05-23 14:51:03,907 INFO [T7] leaf pattern=09722????? got=4 saved=4
2026-05-23 14:51:03,958 INFO [T23] leaf pattern=09723????? got=14 saved=14
2026-05-23 14:51:04,101 INFO [T4] leaf pattern=09724????? got=19 saved=19
2026-05-23 14:51:04,400 INFO [T11] leaf pattern=09726????? got=5 saved=5
2026-05-23 14:51:04,407 INFO [T20] leaf pattern=09725????? got=16 saved=16
2026-05-23 14:51:04,445 INFO [T19] leaf pattern=09727????? got=6 saved=6
2026-05-23 14:51:04,467 INFO [T25] leaf pattern=09728????? got=4 saved=4
2026-05-23 14:51:04,506 INFO [T36] leaf pattern=09729????? got=5 saved=5
2026-05-23 14:51:04,705 INFO [T44] expand pattern=03822????? got=37 ≥ 30 → split into 10 children
2026-05-23 14:51:04,720 INFO [T31] expand pattern=03821????? got=46 ≥ 30 → split into 10 children
2026-05-23 14:51:04,744 INFO [T9] expand pattern=03823????? got=43 ≥ 30 → split into 10 children
2026-05-23 14:51:05,095 INFO [T16] expand pattern=03820????? got=49 ≥ 30 → split into 10 children
2026-05-23 14:51:05,405 WARNING [T50] ConnectionError attempt=1/3 pattern=09669?????: ('Connection aborted.', ConnectionResetError(10054, 'An existing connection was forcibly closed by the remote host', Non
2026-05-23 14:51:05,405 INFO [T50] rotate IP 9287d538 → 5b4586d7
2026-05-23 14:51:05,419 INFO [T48] expand pattern=03824????? got=41 ≥ 30 → split into 10 children
2026-05-23 14:51:05,681 INFO [T37] expand pattern=03826????? got=39 ≥ 30 → split into 10 children
2026-05-23 14:51:05,975 INFO [T49] expand pattern=03829????? got=44 ≥ 30 → split into 10 children
2026-05-23 14:51:06,048 INFO [T27] expand pattern=03828????? got=41 ≥ 30 → split into 10 children
2026-05-23 14:51:06,065 INFO [T33] expand pattern=03685????? got=34 ≥ 30 → split into 10 children
2026-05-23 14:51:06,084 INFO [T39] expand pattern=03687????? got=34 ≥ 30 → split into 10 children
2026-05-23 14:51:06,099 INFO [T34] expand pattern=03684????? got=39 ≥ 30 → split into 10 children
2026-05-23 14:51:06,114 INFO [T41] expand pattern=03682????? got=31 ≥ 30 → split into 10 children
2026-05-23 14:51:06,120 INFO [T21] expand pattern=03827????? got=43 ≥ 30 → split into 10 children
2026-05-23 14:51:06,151 INFO [T47] expand pattern=03681????? got=33 ≥ 30 → split into 10 children
2026-05-23 14:51:06,155 INFO [T45] leaf pattern=03686????? got=20 saved=20
2026-05-23 14:51:06,169 INFO [T46] expand pattern=03680????? got=39 ≥ 30 → split into 10 children
2026-05-23 14:51:06,188 INFO [T29] leaf pattern=03683????? got=27 saved=27
2026-05-23 14:51:06,201 INFO [T30] expand pattern=03890????? got=33 ≥ 30 → split into 10 children
2026-05-23 14:51:06,269 INFO [T6] expand pattern=03892????? got=40 ≥ 30 → split into 10 children
2026-05-23 14:51:06,331 INFO [T5] expand pattern=03893????? got=41 ≥ 30 → split into 10 children
2026-05-23 14:51:06,399 INFO [T43] expand pattern=03825????? got=40 ≥ 30 → split into 10 children
2026-05-23 14:51:06,409 INFO [T24] expand pattern=03895????? got=43 ≥ 30 → split into 10 children
2026-05-23 14:51:06,429 INFO [T40] expand pattern=03896????? got=34 ≥ 30 → split into 10 children
2026-05-23 14:51:06,484 INFO [T26] leaf pattern=03688????? got=24 saved=24
2026-05-23 14:51:06,504 INFO [T10] expand pattern=03897????? got=42 ≥ 30 → split into 10 children
2026-05-23 14:51:06,514 INFO [T13] expand pattern=03898????? got=35 ≥ 30 → split into 10 children
2026-05-23 14:51:06,535 INFO [T3] expand pattern=03689????? got=44 ≥ 30 → split into 10 children
2026-05-23 14:51:06,600 INFO [T35] leaf pattern=03880????? got=26 saved=26
2026-05-23 14:51:06,622 INFO [T38] expand pattern=03899????? got=30 ≥ 30 → split into 10 children
2026-05-23 14:51:06,626 INFO [T18] expand pattern=03891????? got=40 ≥ 30 → split into 10 children
2026-05-23 14:51:06,641 INFO [T28] expand pattern=03883????? got=30 ≥ 30 → split into 10 children
2026-05-23 14:51:06,693 INFO [T1] expand pattern=03884????? got=40 ≥ 30 → split into 10 children
2026-05-23 14:51:06,698 INFO [T2] expand pattern=03882????? got=31 ≥ 30 → split into 10 children
2026-05-23 14:51:06,710 INFO [T14] leaf pattern=03885????? got=28 saved=28
2026-05-23 14:51:06,740 INFO [T17] leaf pattern=03886????? got=26 saved=26
2026-05-23 14:51:06,744 INFO [T15] leaf pattern=03887????? got=25 saved=25
2026-05-23 14:51:06,749 INFO [T42] expand pattern=03894????? got=40 ≥ 30 → split into 10 children
2026-05-23 14:51:06,767 INFO [T32] leaf pattern=03888????? got=0 saved=0
2026-05-23 14:51:06,836 INFO [T7] leaf pattern=09711????? got=14 saved=14
2026-05-23 14:51:06,853 INFO [T8] leaf pattern=03881????? got=27 saved=27
2026-05-23 14:51:06,856 INFO [T12] leaf pattern=09710????? got=20 saved=20
2026-05-23 14:51:06,865 INFO [T22] leaf pattern=03889????? got=27 saved=27
2026-05-23 14:51:06,888 INFO [T23] leaf pattern=09712????? got=19 saved=19
2026-05-23 14:51:07,020 INFO [T4] leaf pattern=09713????? got=15 saved=15
2026-05-23 14:51:07,290 INFO [T20] leaf pattern=09715????? got=14 saved=14
2026-05-23 14:51:07,359 INFO [T19] leaf pattern=09716????? got=16 saved=16
2026-05-23 14:51:07,364 INFO [T11] leaf pattern=09714????? got=25 saved=25
2026-05-23 14:51:07,431 INFO [T25] leaf pattern=09717????? got=14 saved=14
2026-05-23 14:51:07,493 INFO [T36] leaf pattern=09718????? got=17 saved=17
2026-05-23 14:51:07,657 INFO [T9] leaf pattern=09651????? got=10 saved=10
2026-05-23 14:51:07,801 INFO [T31] leaf pattern=09650????? got=7 saved=7
2026-05-23 14:51:07,834 INFO [T44] leaf pattern=09719????? got=19 saved=19
2026-05-23 14:51:08,293 INFO [T50] D1N refreshed fbd7363e5ea68170…
2026-05-23 14:51:08,348 INFO [T48] leaf pattern=09653????? got=10 saved=10
2026-05-23 14:51:08,702 INFO [T16] leaf pattern=09652????? got=8 saved=8
2026-05-23 14:51:08,742 INFO [T37] leaf pattern=09654????? got=19 saved=19
2026-05-23 14:51:08,910 INFO [T49] leaf pattern=09655????? got=6 saved=6
2026-05-23 14:51:08,972 INFO [T33] leaf pattern=09657????? got=7 saved=7
2026-05-23 14:51:08,983 INFO [T27] leaf pattern=09656????? got=9 saved=9
2026-05-23 14:51:09,048 INFO [T47] expand pattern=03842????? got=46 ≥ 30 → split into 10 children
2026-05-23 14:51:09,085 INFO [T46] expand pattern=03844????? got=39 ≥ 30 → split into 10 children
2026-05-23 14:51:09,153 INFO [T30] expand pattern=03846????? got=40 ≥ 30 → split into 10 children
2026-05-23 14:51:09,171 INFO [T6] expand pattern=03847????? got=43 ≥ 30 → split into 10 children
2026-05-23 14:51:09,196 INFO [T39] leaf pattern=09658????? got=8 saved=8
2026-05-23 14:51:09,208 INFO [T5] expand pattern=03848????? got=37 ≥ 30 → split into 10 children
2026-05-23 14:51:09,218 INFO [T34] expand pattern=03841????? got=43 ≥ 30 → split into 10 children
2026-05-23 14:51:09,237 INFO [T45] expand pattern=03843????? got=39 ≥ 30 → split into 10 children
2026-05-23 14:51:09,369 INFO [T24] leaf pattern=09670????? got=11 saved=11
2026-05-23 14:51:09,388 INFO [T40] leaf pattern=09671????? got=8 saved=8
2026-05-23 14:51:09,412 INFO [T41] expand pattern=03840????? got=41 ≥ 30 → split into 10 children
2026-05-23 14:51:09,430 INFO [T26] leaf pattern=09672????? got=8 saved=8
2026-05-23 14:51:09,444 INFO [T29] expand pattern=03845????? got=42 ≥ 30 → split into 10 children
2026-05-23 14:51:09,470 INFO [T10] leaf pattern=09673????? got=10 saved=10
2026-05-23 14:51:09,485 INFO [T35] leaf pattern=09676????? got=4 saved=4
2026-05-23 14:51:09,510 INFO [T21] leaf pattern=09659????? got=10 saved=10
2026-05-23 14:51:09,528 INFO [T13] leaf pattern=09674????? got=9 saved=9
2026-05-23 14:51:09,550 INFO [T28] leaf pattern=09679????? got=12 saved=12
2026-05-23 14:51:09,566 INFO [T38] leaf pattern=09678????? got=2 saved=2
2026-05-23 14:51:09,587 INFO [T2] expand pattern=03661????? got=35 ≥ 30 → split into 10 children
2026-05-23 14:51:09,607 INFO [T18] leaf pattern=09677????? got=8 saved=8
2026-05-23 14:51:09,617 INFO [T15] leaf pattern=03664????? got=25 saved=25
2026-05-23 14:51:09,644 INFO [T1] expand pattern=03660????? got=41 ≥ 30 → split into 10 children
2026-05-23 14:51:09,707 INFO [T32] leaf pattern=03666????? got=0 saved=0
2026-05-23 14:51:09,715 INFO [T42] expand pattern=03665????? got=31 ≥ 30 → split into 10 children
2026-05-23 14:51:09,720 INFO [T14] leaf pattern=03662????? got=29 saved=29
2026-05-23 14:51:09,791 INFO [T8] expand pattern=03668????? got=32 ≥ 30 → split into 10 children
2026-05-23 14:51:09,806 INFO [T17] expand pattern=03663????? got=34 ≥ 30 → split into 10 children
2026-05-23 14:51:09,820 INFO [T23] leaf pattern=09641????? got=19 saved=19
2026-05-23 14:51:09,825 INFO [T12] leaf pattern=03669????? got=29 saved=29
2026-05-23 14:51:09,836 INFO [T7] leaf pattern=03667????? got=29 saved=29
2026-05-23 14:51:09,871 INFO [T3] leaf pattern=09675????? got=12 saved=12
2026-05-23 14:51:09,880 INFO [T22] leaf pattern=09640????? got=23 saved=23
2026-05-23 14:51:10,004 INFO [T4] leaf pattern=09642????? got=20 saved=20
2026-05-23 14:51:10,172 INFO [T20] leaf pattern=09643????? got=18 saved=18
2026-05-23 14:51:10,227 INFO [T43] expand pattern=03849????? got=45 ≥ 30 → split into 10 children
2026-05-23 14:51:10,256 INFO [T11] leaf pattern=09644????? got=19 saved=19
2026-05-23 14:51:10,322 INFO [T19] leaf pattern=09645????? got=19 saved=19
2026-05-23 14:51:10,374 INFO [T25] leaf pattern=09646????? got=15 saved=15
2026-05-23 14:51:10,508 INFO [T36] leaf pattern=09647????? got=20 saved=20
2026-05-23 14:51:10,601 INFO [T9] leaf pattern=09648????? got=19 saved=19
2026-05-23 14:51:10,745 INFO [T44] leaf pattern=09730????? got=12 saved=12
2026-05-23 14:51:10,776 INFO [T31] leaf pattern=09649????? got=20 saved=20
2026-05-23 14:51:11,367 INFO [T48] leaf pattern=09731????? got=12 saved=12
2026-05-23 14:51:11,665 INFO [T37] leaf pattern=09733????? got=14 saved=14
2026-05-23 14:51:11,758 INFO [T16] leaf pattern=09732????? got=12 saved=12
2026-05-23 14:51:11,828 INFO [T49] leaf pattern=09734????? got=19 saved=19
2026-05-23 14:51:11,902 INFO [T27] leaf pattern=09736????? got=14 saved=14
2026-05-23 14:51:11,968 INFO [T33] leaf pattern=09735????? got=10 saved=10
2026-05-23 14:51:12,046 INFO [T47] leaf pattern=09737????? got=14 saved=14
2026-05-23 14:51:12,052 INFO [T46] leaf pattern=09738????? got=19 saved=19
2026-05-23 14:51:12,082 INFO [T6] leaf pattern=080??????? got=0 saved=0
2026-05-23 14:51:12,097 INFO [T39] leaf pattern=081??????? got=0 saved=0
2026-05-23 14:51:12,105 INFO [T5] leaf pattern=082??????? got=0 saved=0
2026-05-23 14:51:12,110 INFO [T30] leaf pattern=09739????? got=13 saved=13
2026-05-23 14:51:12,152 INFO [T45] leaf pattern=084??????? got=0 saved=0
2026-05-23 14:51:12,155 INFO [T34] leaf pattern=083??????? got=0 saved=0
2026-05-23 14:51:12,313 INFO [T41] leaf pattern=087??????? got=0 saved=0
2026-05-23 14:51:12,317 INFO [T24] leaf pattern=085??????? got=0 saved=0
2026-05-23 14:51:12,322 INFO [T26] leaf pattern=088??????? got=0 saved=0
2026-05-23 14:51:12,341 INFO [T40] expand pattern=086??????? got=50 ≥ 30 → split into 10 children
2026-05-23 14:51:12,386 INFO [T35] leaf pattern=09631????? got=9 saved=9
2026-05-23 14:51:12,415 INFO [T29] leaf pattern=089??????? got=0 saved=0
2026-05-23 14:51:12,438 INFO [T10] leaf pattern=09630????? got=4 saved=4
2026-05-23 14:51:12,447 INFO [T50] leaf pattern=09669????? got=5 saved=5
2026-05-23 14:51:12,473 INFO [T13] leaf pattern=09633????? got=6 saved=6
2026-05-23 14:51:12,504 INFO [T38] leaf pattern=09635????? got=6 saved=6
2026-05-23 14:51:12,536 INFO [T15] leaf pattern=09638????? got=19 saved=19
2026-05-23 14:51:12,550 INFO [T1] leaf pattern=09639????? got=15 saved=15
2026-05-23 14:51:12,587 INFO [T14] expand pattern=03622????? got=33 ≥ 30 → split into 10 children
2026-05-23 14:51:12,602 INFO [T18] leaf pattern=09637????? got=10 saved=10
2026-05-23 14:51:12,684 INFO [T42] expand pattern=03620????? got=48 ≥ 30 → split into 10 children
2026-05-23 14:51:12,698 INFO [T2] leaf pattern=09636????? got=5 saved=5
2026-05-23 14:51:12,723 INFO [T7] expand pattern=03627????? got=39 ≥ 30 → split into 10 children
2026-05-23 14:51:12,783 INFO [T23] expand pattern=03625????? got=36 ≥ 30 → split into 10 children
2026-05-23 14:51:12,788 INFO [T21] leaf pattern=09632????? got=4 saved=4
2026-05-23 14:51:12,811 INFO [T28] leaf pattern=09634????? got=9 saved=9
2026-05-23 14:51:12,822 INFO [T17] expand pattern=03624????? got=37 ≥ 30 → split into 10 children
2026-05-23 14:51:12,834 INFO [T12] expand pattern=03626????? got=33 ≥ 30 → split into 10 children
2026-05-23 14:51:12,847 INFO [T22] expand pattern=03629????? got=38 ≥ 30 → split into 10 children
2026-05-23 14:51:12,900 INFO [T3] expand pattern=03628????? got=40 ≥ 30 → split into 10 children
2026-05-23 14:51:12,987 INFO [T8] expand pattern=03623????? got=37 ≥ 30 → split into 10 children
2026-05-23 14:51:12,998 INFO [T4] expand pattern=03870????? got=40 ≥ 30 → split into 10 children
2026-05-23 14:51:13,171 INFO [T11] expand pattern=03873????? got=45 ≥ 30 → split into 10 children
2026-05-23 14:51:13,248 INFO [T32] expand pattern=03621????? got=40 ≥ 30 → split into 10 children
2026-05-23 14:51:13,292 INFO [T19] expand pattern=03874????? got=40 ≥ 30 → split into 10 children
2026-05-23 14:51:13,340 INFO [T20] expand pattern=03871????? got=43 ≥ 30 → split into 10 children
2026-05-23 14:51:13,359 INFO [T25] expand pattern=03875????? got=39 ≥ 30 → split into 10 children
2026-05-23 14:51:13,426 INFO [T36] expand pattern=03876????? got=43 ≥ 30 → split into 10 children
2026-05-23 14:51:13,558 INFO [T43] expand pattern=03872????? got=37 ≥ 30 → split into 10 children
2026-05-23 14:51:13,595 INFO [T9] expand pattern=03877????? got=35 ≥ 30 → split into 10 children
2026-05-23 14:51:13,685 INFO [T44] expand pattern=03878????? got=36 ≥ 30 → split into 10 children
2026-05-23 14:51:13,732 INFO [T31] expand pattern=03879????? got=42 ≥ 30 → split into 10 children
2026-05-23 14:51:14,300 INFO [T48] expand pattern=03690????? got=35 ≥ 30 → split into 10 children
2026-05-23 14:51:14,616 INFO [T37] expand pattern=03691????? got=34 ≥ 30 → split into 10 children
2026-05-23 14:51:14,759 INFO [T49] leaf pattern=03693????? got=26 saved=26
2026-05-23 14:51:14,868 INFO [T33] expand pattern=03695????? got=42 ≥ 30 → split into 10 children
2026-05-23 14:51:14,880 INFO [T27] expand pattern=03694????? got=38 ≥ 30 → split into 10 children
2026-05-23 14:51:14,908 INFO [T46] expand pattern=03697????? got=34 ≥ 30 → split into 10 children
2026-05-23 14:51:14,917 INFO [T47] leaf pattern=03696????? got=23 saved=23
2026-05-23 14:51:14,999 INFO [T5] expand pattern=03670????? got=41 ≥ 30 → split into 10 children
2026-05-23 14:51:15,009 INFO [T6] expand pattern=03698????? got=34 ≥ 30 → split into 10 children
2026-05-23 14:51:15,021 INFO [T39] expand pattern=03699????? got=40 ≥ 30 → split into 10 children
2026-05-23 14:51:15,050 INFO [T16] expand pattern=03692????? got=33 ≥ 30 → split into 10 children
2026-05-23 14:51:15,066 INFO [T45] expand pattern=03672????? got=39 ≥ 30 → split into 10 children
2026-05-23 14:51:15,117 INFO [T30] expand pattern=03671????? got=34 ≥ 30 → split into 10 children
2026-05-23 14:51:15,188 INFO [T34] expand pattern=03673????? got=38 ≥ 30 → split into 10 children
2026-05-23 14:51:15,214 INFO [T26] expand pattern=03676????? got=39 ≥ 30 → split into 10 children
2026-05-23 14:51:15,248 INFO [T40] expand pattern=03677????? got=34 ≥ 30 → split into 10 children
2026-05-23 14:51:15,277 INFO [T41] expand pattern=03674????? got=38 ≥ 30 → split into 10 children
2026-05-23 14:51:15,346 INFO [T24] expand pattern=03675????? got=41 ≥ 30 → split into 10 children
2026-05-23 14:51:15,354 INFO [T35] leaf pattern=03678????? got=23 saved=23
2026-05-23 14:51:15,416 INFO [T29] expand pattern=03679????? got=31 ≥ 30 → split into 10 children
2026-05-23 14:51:15,438 INFO [T38] leaf pattern=03633????? got=24 saved=24
2026-05-23 14:51:15,442 INFO [T13] expand pattern=03632????? got=35 ≥ 30 → split into 10 children
2026-05-23 14:51:15,462 INFO [T50] expand pattern=03631????? got=35 ≥ 30 → split into 10 children
2026-05-23 14:51:15,479 INFO [T1] expand pattern=03635????? got=35 ≥ 30 → split into 10 children
2026-05-23 14:51:15,532 INFO [T14] leaf pattern=03636????? got=24 saved=24
2026-05-23 14:51:15,615 INFO [T18] expand pattern=03637????? got=39 ≥ 30 → split into 10 children
2026-05-23 14:51:15,626 INFO [T2] expand pattern=03639????? got=31 ≥ 30 → split into 10 children
2026-05-23 14:51:15,647 INFO [T42] expand pattern=03638????? got=33 ≥ 30 → split into 10 children
2026-05-23 14:51:15,662 INFO [T10] expand pattern=03630????? got=33 ≥ 30 → split into 10 children
2026-05-23 14:51:15,671 INFO [T23] expand pattern=03651????? got=34 ≥ 30 → split into 10 children
2026-05-23 14:51:15,685 INFO [T7] expand pattern=03650????? got=31 ≥ 30 → split into 10 children
2026-05-23 14:51:15,708 INFO [T28] expand pattern=03653????? got=33 ≥ 30 → split into 10 children
2026-05-23 14:51:15,723 INFO [T21] expand pattern=03652????? got=34 ≥ 30 → split into 10 children
2026-05-23 14:51:15,756 INFO [T12] expand pattern=03654????? got=37 ≥ 30 → split into 10 children
2026-05-23 14:51:15,787 INFO [T22] expand pattern=03655????? got=33 ≥ 30 → split into 10 children
2026-05-23 14:51:15,799 INFO [T17] expand pattern=03656????? got=32 ≥ 30 → split into 10 children
2026-05-23 14:51:15,876 INFO [T15] expand pattern=03634????? got=35 ≥ 30 → split into 10 children
2026-05-23 14:51:15,917 INFO [T8] expand pattern=03658????? got=36 ≥ 30 → split into 10 children
2026-05-23 14:51:16,010 INFO [T4] expand pattern=03659????? got=43 ≥ 30 → split into 10 children
2026-05-23 14:51:16,078 INFO [T11] leaf pattern=09760????? got=5 saved=5
2026-05-23 14:51:16,178 INFO [T32] leaf pattern=09761????? got=6 saved=6
2026-05-23 14:51:16,248 INFO [T3] expand pattern=03657????? got=40 ≥ 30 → split into 10 children
2026-05-23 14:51:16,263 INFO [T20] leaf pattern=09763????? got=16 saved=16
2026-05-23 14:51:16,369 INFO [T19] leaf pattern=09762????? got=8 saved=8
2026-05-23 14:51:16,387 INFO [T25] leaf pattern=09764????? got=21 saved=21
2026-05-23 14:51:16,405 INFO [T36] leaf pattern=09765????? got=12 saved=12
2026-05-23 14:51:16,601 INFO [T44] leaf pattern=09768????? got=6 saved=6
2026-05-23 14:51:16,690 INFO [T31] leaf pattern=09769????? got=16 saved=16
2026-05-23 14:51:16,812 INFO [T43] leaf pattern=09766????? got=8 saved=8
2026-05-23 14:51:16,828 INFO [T9] leaf pattern=09767????? got=8 saved=8
2026-05-23 14:51:17,289 INFO [T48] leaf pattern=09690????? got=9 saved=9
2026-05-23 14:51:17,505 INFO [T37] leaf pattern=09691????? got=11 saved=11
2026-05-23 14:51:17,668 INFO [T49] leaf pattern=09692????? got=9 saved=9
2026-05-23 14:51:17,808 INFO [T46] leaf pattern=09695????? got=6 saved=6
2026-05-23 14:51:17,826 INFO [T47] leaf pattern=09696????? got=6 saved=6
2026-05-23 14:51:17,838 INFO [T27] leaf pattern=09694????? got=7 saved=7
2026-05-23 14:51:17,848 INFO [T33] leaf pattern=09693????? got=12 saved=12
2026-05-23 14:51:17,903 INFO [T5] leaf pattern=09697????? got=8 saved=8
2026-05-23 14:51:17,914 INFO [T6] leaf pattern=09698????? got=1 saved=1
2026-05-23 14:51:17,931 INFO [T39] leaf pattern=09699????? got=3 saved=3
2026-05-23 14:51:17,988 INFO [T45] leaf pattern=03551????? got=23 saved=23
2026-05-23 14:51:18,100 INFO [T26] expand pattern=03554????? got=39 ≥ 30 → split into 10 children
2026-05-23 14:51:18,123 INFO [T30] expand pattern=03552????? got=32 ≥ 30 → split into 10 children
2026-05-23 14:51:18,181 INFO [T41] expand pattern=03556????? got=32 ≥ 30 → split into 10 children
2026-05-23 14:51:18,200 INFO [T24] expand pattern=03557????? got=32 ≥ 30 → split into 10 children
2026-05-23 14:51:18,223 INFO [T40] leaf pattern=03555????? got=6 saved=6
2026-05-23 14:51:18,236 INFO [T34] expand pattern=03553????? got=30 ≥ 30 → split into 10 children
2026-05-23 14:51:18,268 INFO [T35] expand pattern=03558????? got=34 ≥ 30 → split into 10 children
2026-05-23 14:51:18,319 INFO [T38] expand pattern=03540????? got=39 ≥ 30 → split into 10 children
2026-05-23 14:51:18,331 INFO [T29] expand pattern=03559????? got=37 ≥ 30 → split into 10 children
2026-05-23 14:51:18,357 INFO [T1] expand pattern=03543????? got=35 ≥ 30 → split into 10 children
2026-05-23 14:51:18,373 INFO [T13] expand pattern=03541????? got=39 ≥ 30 → split into 10 children
2026-05-23 14:51:18,492 INFO [T50] expand pattern=03542????? got=37 ≥ 30 → split into 10 children
2026-05-23 14:51:18,569 INFO [T23] expand pattern=03549????? got=36 ≥ 30 → split into 10 children
2026-05-23 14:51:18,598 INFO [T28] leaf pattern=09681????? got=11 saved=11
2026-05-23 14:51:18,609 INFO [T42] expand pattern=03547????? got=38 ≥ 30 → split into 10 children
2026-05-23 14:51:18,619 INFO [T18] expand pattern=03545????? got=36 ≥ 30 → split into 10 children
2026-05-23 14:51:18,636 INFO [T2] expand pattern=03546????? got=37 ≥ 30 → split into 10 children
2026-05-23 14:51:18,652 INFO [T10] expand pattern=03548????? got=38 ≥ 30 → split into 10 children
2026-05-23 14:51:18,744 INFO [T21] leaf pattern=09682????? got=13 saved=13
2026-05-23 14:51:18,755 INFO [T12] leaf pattern=09683????? got=12 saved=12
2026-05-23 14:51:18,763 INFO [T22] leaf pattern=09684????? got=18 saved=18
2026-05-23 14:51:18,776 INFO [T17] leaf pattern=09685????? got=9 saved=9
2026-05-23 14:51:18,834 INFO [T15] leaf pattern=09686????? got=4 saved=4
2026-05-23 14:51:18,853 INFO [T8] leaf pattern=09687????? got=10 saved=10
2026-05-23 14:51:18,920 INFO [T14] expand pattern=03544????? got=41 ≥ 30 → split into 10 children
2026-05-23 14:51:19,009 INFO [T4] leaf pattern=09688????? got=7 saved=7
2026-05-23 14:51:19,069 INFO [T11] leaf pattern=09689????? got=8 saved=8
2026-05-23 14:51:19,153 INFO [T16] leaf pattern=03550????? got=23 saved=23
2026-05-23 14:51:19,168 INFO [T20] expand pattern=03862????? got=34 ≥ 30 → split into 10 children
2026-05-23 14:51:19,173 INFO [T32] expand pattern=03860????? got=39 ≥ 30 → split into 10 children
2026-05-23 14:51:19,252 INFO [T19] expand pattern=03863????? got=38 ≥ 30 → split into 10 children
2026-05-23 14:51:19,321 INFO [T36] expand pattern=03865????? got=40 ≥ 30 → split into 10 children
2026-05-23 14:51:19,479 INFO [T25] expand pattern=03864????? got=43 ≥ 30 → split into 10 children
2026-05-23 14:51:19,532 INFO [T44] expand pattern=03866????? got=30 ≥ 30 → split into 10 children
2026-05-23 14:51:19,574 INFO [T3] expand pattern=03861????? got=42 ≥ 30 → split into 10 children
2026-05-23 14:51:19,611 INFO [T31] expand pattern=03867????? got=38 ≥ 30 → split into 10 children
2026-05-23 14:51:19,706 INFO [T7] leaf pattern=09680????? got=10 saved=10
2026-05-23 14:51:19,733 INFO [T9] expand pattern=03869????? got=36 ≥ 30 → split into 10 children
2026-05-23 14:51:19,883 INFO [T43] leaf pattern=03868????? got=28 saved=28
2026-05-23 14:51:20,241 INFO [T48] leaf pattern=09780????? got=9 saved=9
2026-05-23 14:51:20,405 INFO [T37] leaf pattern=09781????? got=14 saved=14
2026-05-23 14:51:20,570 INFO [T49] leaf pattern=09782????? got=13 saved=13
2026-05-23 14:51:20,665 INFO [T46] leaf pattern=09783????? got=8 saved=8
2026-05-23 14:51:20,698 INFO [T33] leaf pattern=09786????? got=9 saved=9
2026-05-23 14:51:20,752 INFO [T47] leaf pattern=09784????? got=10 saved=10
2026-05-23 14:51:20,776 INFO [T27] leaf pattern=09785????? got=10 saved=10
2026-05-23 14:51:20,811 INFO [T5] leaf pattern=09787????? got=4 saved=4
2026-05-23 14:51:20,853 INFO [T6] leaf pattern=09788????? got=6 saved=6
2026-05-23 14:51:20,896 INFO [T45] expand pattern=03570????? got=40 ≥ 30 → split into 10 children
2026-05-23 14:51:21,013 INFO [T26] expand pattern=03571????? got=38 ≥ 30 → split into 10 children
2026-05-23 14:51:21,085 INFO [T30] expand pattern=03572????? got=36 ≥ 30 → split into 10 children
2026-05-23 14:51:21,110 INFO [T41] expand pattern=03573????? got=35 ≥ 30 → split into 10 children
2026-05-23 14:51:21,145 INFO [T24] expand pattern=03574????? got=37 ≥ 30 → split into 10 children
2026-05-23 14:51:21,163 INFO [T39] leaf pattern=09789????? got=5 saved=5
2026-05-23 14:51:21,172 INFO [T35] expand pattern=03577????? got=35 ≥ 30 → split into 10 children
2026-05-23 14:51:21,186 INFO [T40] expand pattern=03575????? got=36 ≥ 30 → split into 10 children
2026-05-23 14:51:21,214 INFO [T34] expand pattern=03576????? got=35 ≥ 30 → split into 10 children
2026-05-23 14:51:21,241 INFO [T1] expand pattern=03590????? got=38 ≥ 30 → split into 10 children
2026-05-23 14:51:21,249 INFO [T38] expand pattern=03578????? got=35 ≥ 30 → split into 10 children
2026-05-23 14:51:21,285 INFO [T29] expand pattern=03579????? got=34 ≥ 30 → split into 10 children
2026-05-23 14:51:21,299 INFO [T13] expand pattern=03591????? got=37 ≥ 30 → split into 10 children
2026-05-23 14:51:21,450 INFO [T50] expand pattern=03592????? got=38 ≥ 30 → split into 10 children
2026-05-23 14:51:21,483 INFO [T23] expand pattern=03593????? got=34 ≥ 30 → split into 10 children
2026-05-23 14:51:21,528 INFO [T42] expand pattern=03594????? got=34 ≥ 30 → split into 10 children
2026-05-23 14:51:21,539 INFO [T2] expand pattern=03596????? got=37 ≥ 30 → split into 10 children
2026-05-23 14:51:21,584 INFO [T21] expand pattern=03599????? got=31 ≥ 30 → split into 10 children
2026-05-23 14:51:21,594 INFO [T18] expand pattern=03597????? got=33 ≥ 30 → split into 10 children
2026-05-23 14:51:21,633 INFO [T10] expand pattern=03598????? got=38 ≥ 30 → split into 10 children
2026-05-23 14:51:21,660 INFO [T15] expand pattern=03584????? got=38 ≥ 30 → split into 10 children
2026-05-23 14:51:21,696 INFO [T22] expand pattern=03581????? got=33 ≥ 30 → split into 10 children
2026-05-23 14:51:21,718 INFO [T12] expand pattern=03580????? got=36 ≥ 30 → split into 10 children
2026-05-23 14:51:21,731 INFO [T28] expand pattern=03595????? got=38 ≥ 30 → split into 10 children
2026-05-23 14:51:21,741 INFO [T8] expand pattern=03583????? got=35 ≥ 30 → split into 10 children
2026-05-23 14:51:21,835 INFO [T17] expand pattern=03582????? got=36 ≥ 30 → split into 10 children
2026-05-23 14:51:21,931 INFO [T14] expand pattern=03585????? got=38 ≥ 30 → split into 10 children
2026-05-23 14:51:21,969 INFO [T4] leaf pattern=03586????? got=29 saved=29
2026-05-23 14:51:21,992 INFO [T11] expand pattern=03587????? got=36 ≥ 30 → split into 10 children
2026-05-23 14:51:22,083 INFO [T20] expand pattern=03589????? got=45 ≥ 30 → split into 10 children
2026-05-23 14:51:22,145 INFO [T32] leaf pattern=09740????? got=15 saved=15
2026-05-23 14:51:22,208 INFO [T19] leaf pattern=09741????? got=14 saved=14
2026-05-23 14:51:22,272 INFO [T36] leaf pattern=09742????? got=16 saved=16
2026-05-23 14:51:22,424 INFO [T16] expand pattern=03588????? got=34 ≥ 30 → split into 10 children
2026-05-23 14:51:22,453 INFO [T44] leaf pattern=09744????? got=16 saved=16
2026-05-23 14:51:22,540 INFO [T31] leaf pattern=09746????? got=16 saved=16
2026-05-23 14:51:22,549 INFO [T25] leaf pattern=09743????? got=13 saved=13
2026-05-23 14:51:22,676 INFO [T7] leaf pattern=09747????? got=13 saved=13
2026-05-23 14:51:22,681 INFO [T9] leaf pattern=09748????? got=13 saved=13
2026-05-23 14:51:22,940 INFO [T43] leaf pattern=09749????? got=16 saved=16
2026-05-23 14:51:22,967 INFO [T3] leaf pattern=09745????? got=17 saved=17
2026-05-23 14:51:23,270 INFO [T48] expand pattern=03530????? got=40 ≥ 30 → split into 10 children
2026-05-23 14:51:23,379 INFO [T37] expand pattern=03531????? got=42 ≥ 30 → split into 10 children
2026-05-23 14:51:23,501 INFO [T49] expand pattern=03532????? got=39 ≥ 30 → split into 10 children
2026-05-23 14:51:23,607 INFO [T46] expand pattern=03533????? got=31 ≥ 30 → split into 10 children
2026-05-23 14:51:23,643 INFO [T33] expand pattern=03534????? got=37 ≥ 30 → split into 10 children
2026-05-23 14:51:23,656 INFO [T47] expand pattern=03535????? got=37 ≥ 30 → split into 10 children
2026-05-23 14:51:23,738 INFO [T5] expand pattern=03537????? got=35 ≥ 30 → split into 10 children
2026-05-23 14:51:23,763 INFO [T27] expand pattern=03536????? got=37 ≥ 30 → split into 10 children
2026-05-23 14:51:23,785 INFO [T45] expand pattern=03539????? got=37 ≥ 30 → split into 10 children
2026-05-23 14:51:23,794 INFO [T6] expand pattern=03538????? got=41 ≥ 30 → split into 10 children
2026-05-23 14:51:24,008 INFO [T26] expand pattern=03560????? got=32 ≥ 30 → split into 10 children
2026-05-23 14:51:24,036 INFO [T24] expand pattern=03563????? got=36 ≥ 30 → split into 10 children
2026-05-23 14:51:24,041 INFO [T41] expand pattern=03562????? got=33 ≥ 30 → split into 10 children
2026-05-23 14:51:24,072 INFO [T39] expand pattern=03564????? got=40 ≥ 30 → split into 10 children
2026-05-23 14:51:24,096 INFO [T35] expand pattern=03565????? got=44 ≥ 30 → split into 10 children
2026-05-23 14:51:24,105 INFO [T40] expand pattern=03566????? got=40 ≥ 30 → split into 10 children
2026-05-23 14:51:24,119 INFO [T1] expand pattern=03568????? got=37 ≥ 30 → split into 10 children
2026-05-23 14:51:24,175 INFO [T38] expand pattern=03569????? got=40 ≥ 30 → split into 10 children
2026-05-23 14:51:24,191 INFO [T30] expand pattern=03561????? got=32 ≥ 30 → split into 10 children
2026-05-23 14:51:24,275 INFO [T29] expand pattern=03280????? got=31 ≥ 30 → split into 10 children
2026-05-23 14:51:24,360 INFO [T23] expand pattern=03283????? got=34 ≥ 30 → split into 10 children
2026-05-23 14:51:24,388 INFO [T34] expand pattern=03567????? got=45 ≥ 30 → split into 10 children
2026-05-23 14:51:24,462 INFO [T2] expand pattern=03285????? got=31 ≥ 30 → split into 10 children
2026-05-23 14:51:24,469 INFO [T42] expand pattern=03284????? got=38 ≥ 30 → split into 10 children
2026-05-23 14:51:24,533 INFO [T10] expand pattern=03288????? got=31 ≥ 30 → split into 10 children
2026-05-23 14:51:24,550 INFO [T21] leaf pattern=03286????? got=29 saved=29
2026-05-23 14:51:24,576 INFO [T18] expand pattern=03287????? got=41 ≥ 30 → split into 10 children
2026-05-23 14:51:24,584 INFO [T15] expand pattern=03289????? got=35 ≥ 30 → split into 10 children
2026-05-23 14:51:24,602 INFO [T50] leaf pattern=03282????? got=27 saved=27
2026-05-23 14:51:24,619 INFO [T13] expand pattern=03281????? got=32 ≥ 30 → split into 10 children
2026-05-23 14:51:24,645 INFO [T22] expand pattern=03270????? got=37 ≥ 30 → split into 10 children
2026-05-23 14:51:24,659 INFO [T28] expand pattern=03273????? got=38 ≥ 30 → split into 10 children
2026-05-23 14:51:24,692 INFO [T12] expand pattern=03271????? got=33 ≥ 30 → split into 10 children
2026-05-23 14:51:24,701 INFO [T8] expand pattern=03272????? got=32 ≥ 30 → split into 10 children
2026-05-23 14:51:24,733 INFO [T17] expand pattern=03274????? got=41 ≥ 30 → split into 10 children
2026-05-23 14:51:24,836 INFO [T14] expand pattern=03275????? got=39 ≥ 30 → split into 10 children
2026-05-23 14:51:24,921 INFO [T11] leaf pattern=03277????? got=29 saved=29
2026-05-23 14:51:24,951 INFO [T4] expand pattern=03276????? got=38 ≥ 30 → split into 10 children
2026-05-23 14:51:24,999 INFO [T20] expand pattern=03278????? got=34 ≥ 30 → split into 10 children
2026-05-23 14:51:25,115 INFO [T32] expand pattern=03279????? got=37 ≥ 30 → split into 10 children
2026-05-23 14:51:25,172 INFO [T19] leaf pattern=03250????? got=8 saved=8
2026-05-23 14:51:25,257 INFO [T36] leaf pattern=03251????? got=28 saved=28
2026-05-23 14:51:25,390 INFO [T44] expand pattern=03253????? got=42 ≥ 30 → split into 10 children
2026-05-23 14:51:25,496 INFO [T25] expand pattern=03255????? got=41 ≥ 30 → split into 10 children
2026-05-23 14:51:25,635 INFO [T7] expand pattern=03256????? got=44 ≥ 30 → split into 10 children
2026-05-23 14:51:25,639 INFO [T9] expand pattern=03257????? got=44 ≥ 30 → split into 10 children
2026-05-23 14:51:25,657 INFO [T16] expand pattern=03252????? got=30 ≥ 30 → split into 10 children
2026-05-23 14:51:25,968 INFO [T43] expand pattern=03258????? got=36 ≥ 30 → split into 10 children
2026-05-23 14:51:26,176 INFO [T48] leaf pattern=09820????? got=11 saved=11
2026-05-23 14:51:26,200 INFO [T37] leaf pattern=09821????? got=6 saved=6
2026-05-23 14:51:26,355 INFO [T3] expand pattern=03259????? got=44 ≥ 30 → split into 10 children
2026-05-23 14:51:26,478 INFO [T31] expand pattern=03254????? got=44 ≥ 30 → split into 10 children
2026-05-23 14:51:26,536 INFO [T46] leaf pattern=09823????? got=1 saved=1
2026-05-23 14:51:26,546 INFO [T47] leaf pattern=09825????? got=9 saved=9
2026-05-23 14:51:26,592 INFO [T33] leaf pattern=09824????? got=18 saved=18
2026-05-23 14:51:26,724 INFO [T49] leaf pattern=09822????? got=5 saved=5
2026-05-23 14:51:26,743 INFO [T27] leaf pattern=09827????? got=5 saved=5
2026-05-23 14:51:26,805 INFO [T45] leaf pattern=09828????? got=3 saved=3
2026-05-23 14:51:26,820 INFO [T5] leaf pattern=09826????? got=4 saved=4
2026-05-23 14:51:27,006 INFO [T41] leaf pattern=09812????? got=12 saved=12
2026-05-23 14:51:27,028 INFO [T1] leaf pattern=09816????? got=13 saved=13
2026-05-23 14:51:27,033 INFO [T35] leaf pattern=09814????? got=19 saved=19
2026-05-23 14:51:27,053 INFO [T6] leaf pattern=09829????? got=8 saved=8
2026-05-23 14:51:27,070 INFO [T40] leaf pattern=09815????? got=12 saved=12
2026-05-23 14:51:27,084 INFO [T24] leaf pattern=09811????? got=9 saved=9
2026-05-23 14:51:27,093 INFO [T38] leaf pattern=09817????? got=19 saved=19
2026-05-23 14:51:27,189 INFO [T30] leaf pattern=09818????? got=4 saved=4
2026-05-23 14:51:27,249 INFO [T23] leaf pattern=09850????? got=8 saved=8
2026-05-23 14:51:27,290 INFO [T29] leaf pattern=09819????? got=13 saved=13
2026-05-23 14:51:27,356 INFO [T39] leaf pattern=09813????? got=12 saved=12
2026-05-23 14:51:27,365 INFO [T26] leaf pattern=09810????? got=8 saved=8
2026-05-23 14:51:27,418 INFO [T34] leaf pattern=09851????? got=13 saved=13
2026-05-23 14:51:27,431 INFO [T42] leaf pattern=09852????? got=2 saved=2
2026-05-23 14:51:27,460 INFO [T21] leaf pattern=09855????? got=5 saved=5
2026-05-23 14:51:27,481 INFO [T15] leaf pattern=09857????? got=8 saved=8
2026-05-23 14:51:27,486 INFO [T2] leaf pattern=09853????? got=6 saved=6
2026-05-23 14:51:27,507 INFO [T10] leaf pattern=09854????? got=10 saved=10
2026-05-23 14:51:27,526 INFO [T50] leaf pattern=09858????? got=5 saved=5
2026-05-23 14:51:27,559 INFO [T18] leaf pattern=09856????? got=7 saved=7
2026-05-23 14:51:27,595 INFO [T28] expand pattern=03291????? got=34 ≥ 30 → split into 10 children
2026-05-23 14:51:27,610 INFO [T13] leaf pattern=09859????? got=5 saved=5
2026-05-23 14:51:27,633 INFO [T22] expand pattern=03290????? got=33 ≥ 30 → split into 10 children
2026-05-23 14:51:27,642 INFO [T17] expand pattern=03294????? got=35 ≥ 30 → split into 10 children
2026-05-23 14:51:27,685 INFO [T12] expand pattern=03293????? got=40 ≥ 30 → split into 10 children
2026-05-23 14:51:27,714 INFO [T8] expand pattern=03292????? got=38 ≥ 30 → split into 10 children
2026-05-23 14:51:27,811 INFO [T14] expand pattern=03295????? got=44 ≥ 30 → split into 10 children
2026-05-23 14:51:27,916 INFO [T11] expand pattern=03296????? got=42 ≥ 30 → split into 10 children
2026-05-23 14:51:27,925 INFO [T20] expand pattern=03298????? got=42 ≥ 30 → split into 10 children
2026-05-23 14:51:28,072 INFO [T32] expand pattern=03299????? got=32 ≥ 30 → split into 10 children
2026-05-23 14:51:28,139 INFO [T19] leaf pattern=09840????? got=13 saved=13
2026-05-23 14:51:28,250 INFO [T4] expand pattern=03297????? got=36 ≥ 30 → split into 10 children
2026-05-23 14:51:28,311 INFO [T44] leaf pattern=09842????? got=10 saved=10
2026-05-23 14:51:28,323 INFO [T36] leaf pattern=09841????? got=6 saved=6
2026-05-23 14:51:28,485 INFO [T25] leaf pattern=09843????? got=7 saved=7
2026-05-23 14:51:28,506 INFO [T9] leaf pattern=09845????? got=8 saved=8
2026-05-23 14:51:28,656 INFO [T7] leaf pattern=09844????? got=5 saved=5
2026-05-23 14:51:29,013 INFO [T16] leaf pattern=09846????? got=9 saved=9
2026-05-23 14:51:29,108 INFO [T37] leaf pattern=09849????? got=12 saved=12
2026-05-23 14:51:29,178 INFO [T48] leaf pattern=09848????? got=13 saved=13
2026-05-23 14:51:29,286 INFO [T43] leaf pattern=09847????? got=9 saved=9
2026-05-23 14:51:29,441 INFO [T31] leaf pattern=09891????? got=4 saved=4
2026-05-23 14:51:29,464 INFO [T46] leaf pattern=09892????? got=1 saved=1
2026-05-23 14:51:29,488 INFO [T47] leaf pattern=09893????? got=5 saved=5
2026-05-23 14:51:29,540 INFO [T33] leaf pattern=09894????? got=10 saved=10
2026-05-23 14:51:29,618 INFO [T45] leaf pattern=09897????? got=6 saved=6
2026-05-23 14:51:29,672 INFO [T3] leaf pattern=09890????? got=8 saved=8
2026-05-23 14:51:29,706 INFO [T5] leaf pattern=09898????? got=2 saved=2
2026-05-23 14:51:29,859 INFO [T27] leaf pattern=09896????? got=0 saved=0
2026-05-23 14:51:29,968 INFO [T24] expand pattern=03264????? got=47 ≥ 30 → split into 10 children
2026-05-23 14:51:29,983 INFO [T6] expand pattern=03262????? got=36 ≥ 30 → split into 10 children
2026-05-23 14:51:29,987 INFO [T38] leaf pattern=03265????? got=29 saved=29
2026-05-23 14:51:30,023 INFO [T35] expand pattern=03261????? got=39 ≥ 30 → split into 10 children
2026-05-23 14:51:30,034 INFO [T40] expand pattern=03263????? got=44 ≥ 30 → split into 10 children
2026-05-23 14:51:30,051 INFO [T41] leaf pattern=09899????? got=2 saved=2
2026-05-23 14:51:30,110 INFO [T49] leaf pattern=09895????? got=6 saved=6
2026-05-23 14:51:30,130 INFO [T23] expand pattern=03267????? got=37 ≥ 30 → split into 10 children
2026-05-23 14:51:30,223 INFO [T1] expand pattern=03260????? got=44 ≥ 30 → split into 10 children
2026-05-23 14:51:30,233 INFO [T30] expand pattern=03266????? got=30 ≥ 30 → split into 10 children
2026-05-23 14:51:30,467 INFO [T29] expand pattern=03268????? got=37 ≥ 30 → split into 10 children
2026-05-23 14:51:30,482 INFO [T39] expand pattern=03269????? got=38 ≥ 30 → split into 10 children
2026-05-23 14:51:30,775 INFO [T10] expand pattern=03426????? got=37 ≥ 30 → split into 10 children
2026-05-23 14:51:30,832 INFO [T18] expand pattern=03428????? got=32 ≥ 30 → split into 10 children
2026-05-23 14:51:30,851 INFO [T21] expand pattern=03423????? got=36 ≥ 30 → split into 10 children
2026-05-23 14:51:30,855 INFO [T2] expand pattern=03425????? got=30 ≥ 30 → split into 10 children
2026-05-23 14:51:30,883 INFO [T50] expand pattern=03427????? got=39 ≥ 30 → split into 10 children
2026-05-23 14:51:30,888 INFO [T28] expand pattern=03429????? got=38 ≥ 30 → split into 10 children
2026-05-23 14:51:30,899 INFO [T26] expand pattern=03420????? got=38 ≥ 30 → split into 10 children
2026-05-23 14:51:30,905 INFO [T15] expand pattern=03424????? got=37 ≥ 30 → split into 10 children
2026-05-23 14:51:30,974 INFO [T42] expand pattern=03422????? got=34 ≥ 30 → split into 10 children
2026-05-23 14:51:31,061 INFO [T34] expand pattern=03421????? got=34 ≥ 30 → split into 10 children
2026-05-23 14:51:31,065 INFO [T17] leaf pattern=09832????? got=7 saved=7
2026-05-23 14:51:31,079 INFO [T8] leaf pattern=09834????? got=8 saved=8
2026-05-23 14:51:31,088 INFO [T22] leaf pattern=09831????? got=6 saved=6
2026-05-23 14:51:31,144 INFO [T12] leaf pattern=09833????? got=8 saved=8
2026-05-23 14:51:31,198 INFO [T14] leaf pattern=09835????? got=5 saved=5
2026-05-23 14:51:31,239 INFO [T20] leaf pattern=09837????? got=4 saved=4
2026-05-23 14:51:31,248 INFO [T32] leaf pattern=09838????? got=8 saved=8
2026-05-23 14:51:31,258 INFO [T11] leaf pattern=09836????? got=9 saved=9
2026-05-23 14:51:31,263 INFO [T13] leaf pattern=09830????? got=3 saved=3
2026-05-23 14:51:31,272 INFO [T4] expand pattern=03430????? got=33 ≥ 30 → split into 10 children
2026-05-23 14:51:31,294 INFO [T44] expand pattern=03431????? got=30 ≥ 30 → split into 10 children
2026-05-23 14:51:31,320 INFO [T36] leaf pattern=03432????? got=26 saved=26
2026-05-23 14:51:31,345 INFO [T19] leaf pattern=09839????? got=1 saved=1
2026-05-23 14:51:31,498 INFO [T9] expand pattern=03434????? got=32 ≥ 30 → split into 10 children
2026-05-23 14:51:31,661 INFO [T25] expand pattern=03433????? got=37 ≥ 30 → split into 10 children
2026-05-23 14:51:31,686 INFO [T7] expand pattern=03435????? got=30 ≥ 30 → split into 10 children
2026-05-23 14:51:32,073 INFO [T37] expand pattern=03437????? got=35 ≥ 30 → split into 10 children
2026-05-23 14:51:32,093 INFO [T48] expand pattern=03438????? got=36 ≥ 30 → split into 10 children
2026-05-23 14:51:32,225 INFO [T16] expand pattern=03436????? got=37 ≥ 30 → split into 10 children
2026-05-23 14:51:32,272 INFO [T43] expand pattern=03439????? got=35 ≥ 30 → split into 10 children
2026-05-23 14:51:32,375 INFO [T31] expand pattern=03440????? got=35 ≥ 30 → split into 10 children
2026-05-23 14:51:32,421 INFO [T47] expand pattern=03442????? got=40 ≥ 30 → split into 10 children
2026-05-23 14:51:32,531 INFO [T46] expand pattern=03441????? got=37 ≥ 30 → split into 10 children
2026-05-23 14:51:32,537 INFO [T33] expand pattern=03443????? got=37 ≥ 30 → split into 10 children
2026-05-23 14:51:32,568 INFO [T45] leaf pattern=03444????? got=23 saved=23
2026-05-23 14:51:32,662 INFO [T5] expand pattern=03446????? got=41 ≥ 30 → split into 10 children
2026-05-23 14:51:32,697 INFO [T3] expand pattern=03445????? got=38 ≥ 30 → split into 10 children
2026-05-23 14:51:32,845 INFO [T27] expand pattern=03447????? got=40 ≥ 30 → split into 10 children
2026-05-23 14:51:32,880 INFO [T38] leaf pattern=03450????? got=18 saved=18
2026-05-23 14:51:32,898 INFO [T24] expand pattern=03448????? got=41 ≥ 30 → split into 10 children
2026-05-23 14:51:32,928 INFO [T6] expand pattern=03449????? got=39 ≥ 30 → split into 10 children
2026-05-23 14:51:33,031 INFO [T41] leaf pattern=03453????? got=10 saved=10
2026-05-23 14:51:33,050 INFO [T49] leaf pattern=03454????? got=8 saved=8
2026-05-23 14:51:33,068 INFO [T1] leaf pattern=03456????? got=0 saved=0
2026-05-23 14:51:33,084 INFO [T35] leaf pattern=03451????? got=19 saved=19
2026-05-23 14:51:33,096 INFO [T23] leaf pattern=03455????? got=8 saved=8
2026-05-23 14:51:33,118 INFO [T40] leaf pattern=03452????? got=12 saved=12
2026-05-23 14:51:33,195 INFO [T30] leaf pattern=03457????? got=16 saved=16
2026-05-23 14:51:33,277 INFO [T26] expand pattern=03465????? got=40 ≥ 30 → split into 10 children
2026-05-23 14:51:33,288 INFO [T15] expand pattern=03466????? got=42 ≥ 30 → split into 10 children
2026-05-23 14:51:33,324 INFO [T29] leaf pattern=03459????? got=22 saved=22
2026-05-23 14:51:33,392 INFO [T28] expand pattern=03464????? got=41 ≥ 30 → split into 10 children
2026-05-23 14:51:33,397 INFO [T2] expand pattern=03468????? got=38 ≥ 30 → split into 10 children
2026-05-23 14:51:33,417 INFO [T50] expand pattern=03463????? got=38 ≥ 30 → split into 10 children
2026-05-23 14:51:33,434 INFO [T21] expand pattern=03462????? got=36 ≥ 30 → split into 10 children
2026-05-23 14:51:33,490 INFO [T17] leaf pattern=03522????? got=28 saved=28
2026-05-23 14:51:33,554 INFO [T8] expand pattern=03520????? got=33 ≥ 30 → split into 10 children
2026-05-23 14:51:33,570 INFO [T42] expand pattern=03467????? got=37 ≥ 30 → split into 10 children
2026-05-23 14:51:33,579 INFO [T10] expand pattern=03460????? got=41 ≥ 30 → split into 10 children
2026-05-23 14:51:33,597 INFO [T39] leaf pattern=03458????? got=21 saved=21
2026-05-23 14:51:33,606 INFO [T22] expand pattern=03521????? got=34 ≥ 30 → split into 10 children
2026-05-23 14:51:33,752 INFO [T11] expand pattern=03526????? got=34 ≥ 30 → split into 10 children
2026-05-23 14:51:33,762 INFO [T34] expand pattern=03469????? got=36 ≥ 30 → split into 10 children
2026-05-23 14:51:33,777 INFO [T20] expand pattern=03523????? got=37 ≥ 30 → split into 10 children
2026-05-23 14:51:33,796 INFO [T14] expand pattern=03528????? got=37 ≥ 30 → split into 10 children
2026-05-23 14:51:33,959 INFO [T13] expand pattern=03527????? got=35 ≥ 30 → split into 10 children
2026-05-23 14:51:34,094 INFO [T32] expand pattern=03524????? got=40 ≥ 30 → split into 10 children
2026-05-23 14:51:34,183 INFO [T44] expand pattern=03529????? got=40 ≥ 30 → split into 10 children
2026-05-23 14:51:34,200 INFO [T19] expand pattern=03472????? got=36 ≥ 30 → split into 10 children
2026-05-23 14:51:34,263 INFO [T36] expand pattern=03470????? got=40 ≥ 30 → split into 10 children
2026-05-23 14:51:34,394 INFO [T4] expand pattern=03471????? got=43 ≥ 30 → split into 10 children
2026-05-23 14:51:34,473 INFO [T9] expand pattern=03473????? got=36 ≥ 30 → split into 10 children
2026-05-23 14:51:34,482 INFO [T25] expand pattern=03475????? got=37 ≥ 30 → split into 10 children
2026-05-23 14:51:34,560 INFO [T7] expand pattern=03474????? got=42 ≥ 30 → split into 10 children
2026-05-23 14:51:34,578 INFO [T18] expand pattern=03461????? got=35 ≥ 30 → split into 10 children
2026-05-23 14:51:34,682 INFO [T12] expand pattern=03525????? got=31 ≥ 30 → split into 10 children
2026-05-23 14:51:35,064 INFO [T48] expand pattern=03477????? got=34 ≥ 30 → split into 10 children
2026-05-23 14:51:35,218 INFO [T43] expand pattern=03479????? got=39 ≥ 30 → split into 10 children
2026-05-23 14:51:35,390 INFO [T31] expand pattern=03480????? got=38 ≥ 30 → split into 10 children
2026-05-23 14:51:35,680 INFO [T37] expand pattern=03476????? got=37 ≥ 30 → split into 10 children
2026-05-23 14:51:35,999 INFO [T47] expand pattern=03481????? got=38 ≥ 30 → split into 10 children
2026-05-23 14:51:36,071 INFO [T6] leaf pattern=0370?????? got=0 saved=0
2026-05-23 14:51:36,083 INFO [T41] leaf pattern=0371?????? got=0 saved=0
2026-05-23 14:51:36,091 INFO [T49] expand pattern=0372?????? got=49 ≥ 30 → split into 10 children
2026-05-23 14:51:36,105 INFO [T3] expand pattern=03486????? got=38 ≥ 30 → split into 10 children
2026-05-23 14:51:36,151 INFO [T23] expand pattern=0375?????? got=46 ≥ 30 → split into 10 children
2026-05-23 14:51:36,210 INFO [T45] expand pattern=03484????? got=38 ≥ 30 → split into 10 children
2026-05-23 14:51:36,421 INFO [T5] expand pattern=03485????? got=35 ≥ 30 → split into 10 children
2026-05-23 14:51:36,424 INFO [T16] expand pattern=03478????? got=39 ≥ 30 → split into 10 children
2026-05-23 14:51:36,441 INFO [T27] expand pattern=03487????? got=39 ≥ 30 → split into 10 children
2026-05-23 14:51:36,463 INFO [T1] expand pattern=0373?????? got=49 ≥ 30 → split into 10 children
2026-05-23 14:51:36,472 INFO [T40] expand pattern=0376?????? got=48 ≥ 30 → split into 10 children
2026-05-23 14:51:36,522 INFO [T24] expand pattern=03489????? got=37 ≥ 30 → split into 10 children
2026-05-23 14:51:36,630 INFO [T26] expand pattern=0379?????? got=48 ≥ 30 → split into 10 children
2026-05-23 14:51:36,910 INFO [T2] expand pattern=03492????? got=38 ≥ 30 → split into 10 children
2026-05-23 14:51:36,919 INFO [T28] expand pattern=03491????? got=35 ≥ 30 → split into 10 children
2026-05-23 14:51:36,927 INFO [T17] expand pattern=03495????? got=39 ≥ 30 → split into 10 children
2026-05-23 14:51:36,930 INFO [T38] leaf pattern=03488????? got=29 saved=29
2026-05-23 14:51:36,944 INFO [T35] expand pattern=0374?????? got=50 ≥ 30 → split into 10 children
2026-05-23 14:51:36,952 INFO [T33] expand pattern=03483????? got=39 ≥ 30 → split into 10 children
2026-05-23 14:51:36,961 INFO [T46] expand pattern=03482????? got=39 ≥ 30 → split into 10 children
2026-05-23 14:51:36,969 INFO [T30] expand pattern=0377?????? got=47 ≥ 30 → split into 10 children
2026-05-23 14:51:37,010 INFO [T8] expand pattern=03496????? got=45 ≥ 30 → split into 10 children
2026-05-23 14:51:37,066 INFO [T15] expand pattern=0378?????? got=50 ≥ 30 → split into 10 children
2026-05-23 14:51:37,161 INFO [T34] expand pattern=03942????? got=42 ≥ 30 → split into 10 children
2026-05-23 14:51:37,178 INFO [T20] expand pattern=03943????? got=40 ≥ 30 → split into 10 children
2026-05-23 14:51:37,186 INFO [T11] expand pattern=03941????? got=43 ≥ 30 → split into 10 children
2026-05-23 14:51:37,195 INFO [T50] expand pattern=03493????? got=37 ≥ 30 → split into 10 children
2026-05-23 14:51:37,474 INFO [T13] expand pattern=03945????? got=40 ≥ 30 → split into 10 children
2026-05-23 14:51:37,496 INFO [T21] expand pattern=03494????? got=39 ≥ 30 → split into 10 children
2026-05-23 14:51:37,510 INFO [T10] expand pattern=03498????? got=34 ≥ 30 → split into 10 children
2026-05-23 14:51:37,515 INFO [T42] expand pattern=03497????? got=36 ≥ 30 → split into 10 children
2026-05-23 14:51:37,523 INFO [T29] expand pattern=03490????? got=38 ≥ 30 → split into 10 children
2026-05-23 14:51:37,527 INFO [T14] expand pattern=03944????? got=43 ≥ 30 → split into 10 children
2026-05-23 14:51:37,729 INFO [T22] expand pattern=03940????? got=38 ≥ 30 → split into 10 children
2026-05-23 14:51:37,820 INFO [T9] expand pattern=03921????? got=36 ≥ 30 → split into 10 children
2026-05-23 14:51:37,825 INFO [T19] expand pattern=03948????? got=49 ≥ 30 → split into 10 children
2026-05-23 14:51:37,844 INFO [T39] expand pattern=03499????? got=41 ≥ 30 → split into 10 children
2026-05-23 14:51:37,891 INFO [T18] expand pattern=03924????? got=32 ≥ 30 → split into 10 children
2026-05-23 14:51:37,933 INFO [T25] expand pattern=03922????? got=32 ≥ 30 → split into 10 children
2026-05-23 14:51:37,938 INFO [T4] expand pattern=03920????? got=32 ≥ 30 → split into 10 children
2026-05-23 14:51:37,985 INFO [T32] expand pattern=03946????? got=47 ≥ 30 → split into 10 children
2026-05-23 14:51:38,049 INFO [T7] expand pattern=03923????? got=36 ≥ 30 → split into 10 children
2026-05-23 14:51:38,063 INFO [T36] expand pattern=03949????? got=45 ≥ 30 → split into 10 children
2026-05-23 14:51:38,075 INFO [T44] expand pattern=03947????? got=46 ≥ 30 → split into 10 children
2026-05-23 14:51:38,108 INFO [T12] expand pattern=03925????? got=40 ≥ 30 → split into 10 children
2026-05-23 14:51:38,117 INFO [T48] expand pattern=03926????? got=39 ≥ 30 → split into 10 children
2026-05-23 14:51:38,232 INFO [T43] expand pattern=03927????? got=42 ≥ 30 → split into 10 children
2026-05-23 14:51:38,291 INFO [T47] expand pattern=03975????? got=36 ≥ 30 → split into 10 children
2026-05-23 14:51:38,301 INFO [T37] expand pattern=03929????? got=40 ≥ 30 → split into 10 children
2026-05-23 14:51:38,388 INFO [T45] leaf pattern=03991????? got=26 saved=26
2026-05-23 14:51:38,596 INFO [T46] leaf pattern=03999????? got=0 saved=0
2026-05-23 14:51:38,644 INFO [T31] expand pattern=03928????? got=40 ≥ 30 → split into 10 children
2026-05-23 14:51:38,668 INFO [T5] expand pattern=03994????? got=43 ≥ 30 → split into 10 children
2026-05-23 14:51:38,710 INFO [T33] leaf pattern=03998????? got=27 saved=27
2026-05-23 14:51:38,790 INFO [T6] expand pattern=03972????? got=42 ≥ 30 → split into 10 children
2026-05-23 14:51:38,843 INFO [T38] expand pattern=03996????? got=32 ≥ 30 → split into 10 children
2026-05-23 14:51:38,852 INFO [T27] expand pattern=03977????? got=42 ≥ 30 → split into 10 children
2026-05-23 14:51:38,872 INFO [T1] expand pattern=03978????? got=45 ≥ 30 → split into 10 children
2026-05-23 14:51:38,892 INFO [T35] expand pattern=03997????? got=35 ≥ 30 → split into 10 children
2026-05-23 14:51:38,903 INFO [T49] expand pattern=03974????? got=41 ≥ 30 → split into 10 children
2026-05-23 14:51:38,911 INFO [T23] expand pattern=03971????? got=39 ≥ 30 → split into 10 children
2026-05-23 14:51:38,946 INFO [T16] expand pattern=03976????? got=39 ≥ 30 → split into 10 children
2026-05-23 14:51:38,949 INFO [T40] leaf pattern=03990????? got=23 saved=23
2026-05-23 14:51:39,056 INFO [T41] expand pattern=03973????? got=45 ≥ 30 → split into 10 children
2026-05-23 14:51:39,095 INFO [T24] expand pattern=03970????? got=38 ≥ 30 → split into 10 children
2026-05-23 14:51:39,181 INFO [T26] leaf pattern=03992????? got=20 saved=20
2026-05-23 14:51:39,226 INFO [T30] expand pattern=03960????? got=38 ≥ 30 → split into 10 children
2026-05-23 14:51:39,248 INFO [T15] expand pattern=03961????? got=34 ≥ 30 → split into 10 children
2026-05-23 14:51:39,326 INFO [T2] expand pattern=03963????? got=44 ≥ 30 → split into 10 children
2026-05-23 14:51:39,331 INFO [T28] expand pattern=03965????? got=41 ≥ 30 → split into 10 children
2026-05-23 14:51:39,423 INFO [T3] leaf pattern=03979????? got=21 saved=21
2026-05-23 14:51:39,428 INFO [T50] expand pattern=03966????? got=32 ≥ 30 → split into 10 children
2026-05-23 14:51:39,455 INFO [T17] expand pattern=03995????? got=33 ≥ 30 → split into 10 children
2026-05-23 14:51:39,534 INFO [T29] leaf pattern=03322????? got=19 saved=19
2026-05-23 14:51:39,561 INFO [T8] leaf pattern=03993????? got=27 saved=27
2026-05-23 14:51:39,580 INFO [T22] expand pattern=03967????? got=40 ≥ 30 → split into 10 children
2026-05-23 14:51:39,620 INFO [T21] expand pattern=03969????? got=40 ≥ 30 → split into 10 children
2026-05-23 14:51:39,770 INFO [T10] expand pattern=03320????? got=33 ≥ 30 → split into 10 children
2026-05-23 14:51:39,815 INFO [T42] expand pattern=03321????? got=30 ≥ 30 → split into 10 children
2026-05-23 14:51:39,841 INFO [T39] expand pattern=03324????? got=34 ≥ 30 → split into 10 children
2026-05-23 14:51:39,875 INFO [T34] expand pattern=03962????? got=36 ≥ 30 → split into 10 children
2026-05-23 14:51:39,881 INFO [T20] expand pattern=03325????? got=34 ≥ 30 → split into 10 children
2026-05-23 14:51:39,885 INFO [T11] expand pattern=03964????? got=40 ≥ 30 → split into 10 children
2026-05-23 14:51:39,968 INFO [T44] expand pattern=03934????? got=37 ≥ 30 → split into 10 children
2026-05-23 14:51:40,047 INFO [T13] expand pattern=03968????? got=44 ≥ 30 → split into 10 children
2026-05-23 14:51:40,085 INFO [T32] expand pattern=03931????? got=39 ≥ 30 → split into 10 children
2026-05-23 14:51:40,116 INFO [T19] leaf pattern=03327????? got=29 saved=29
2026-05-23 14:51:40,233 INFO [T14] leaf pattern=03323????? got=28 saved=28
2026-05-23 14:51:40,303 INFO [T36] expand pattern=03933????? got=30 ≥ 30 → split into 10 children
2026-05-23 14:51:40,320 INFO [T25] expand pattern=03329????? got=31 ≥ 30 → split into 10 children
2026-05-23 14:51:40,484 INFO [T4] expand pattern=03930????? got=35 ≥ 30 → split into 10 children
2026-05-23 14:51:40,565 INFO [T7] expand pattern=03936????? got=37 ≥ 30 → split into 10 children
2026-05-23 14:51:40,569 INFO [T9] expand pattern=03326????? got=34 ≥ 30 → split into 10 children
2026-05-23 14:51:40,603 INFO [T18] expand pattern=03328????? got=38 ≥ 30 → split into 10 children
2026-05-23 14:51:40,806 INFO [T12] expand pattern=03932????? got=34 ≥ 30 → split into 10 children
2026-05-23 14:51:41,125 INFO [T43] expand pattern=03937????? got=41 ≥ 30 → split into 10 children
2026-05-23 14:51:41,179 INFO [T48] expand pattern=03935????? got=42 ≥ 30 → split into 10 children
2026-05-23 14:51:41,194 INFO [T37] leaf pattern=03939????? got=2 saved=2
2026-05-23 14:51:41,221 INFO [T47] expand pattern=03938????? got=40 ≥ 30 → split into 10 children
2026-05-23 14:51:41,288 INFO [T45] expand pattern=03980????? got=36 ≥ 30 → split into 10 children
2026-05-23 14:51:41,502 INFO [T46] expand pattern=03981????? got=39 ≥ 30 → split into 10 children
2026-05-23 14:51:41,572 INFO [T5] expand pattern=03982????? got=35 ≥ 30 → split into 10 children
2026-05-23 14:51:41,577 INFO [T31] expand pattern=03983????? got=35 ≥ 30 → split into 10 children
2026-05-23 14:51:41,608 INFO [T33] expand pattern=03984????? got=40 ≥ 30 → split into 10 children
2026-05-23 14:51:41,715 INFO [T6] expand pattern=03985????? got=38 ≥ 30 → split into 10 children
2026-05-23 14:51:41,816 INFO [T38] expand pattern=03986????? got=43 ≥ 30 → split into 10 children
2026-05-23 14:51:41,826 INFO [T49] expand pattern=03989????? got=30 ≥ 30 → split into 10 children
2026-05-23 14:51:41,840 INFO [T40] expand pattern=03953????? got=34 ≥ 30 → split into 10 children
2026-05-23 14:51:41,849 INFO [T23] expand pattern=03951????? got=35 ≥ 30 → split into 10 children
2026-05-23 14:51:41,859 INFO [T1] expand pattern=03988????? got=37 ≥ 30 → split into 10 children
2026-05-23 14:51:41,863 INFO [T27] expand pattern=03987????? got=41 ≥ 30 → split into 10 children
2026-05-23 14:51:41,881 INFO [T35] expand pattern=03950????? got=35 ≥ 30 → split into 10 children
2026-05-23 14:51:42,003 INFO [T24] expand pattern=03955????? got=42 ≥ 30 → split into 10 children
2026-05-23 14:51:42,016 INFO [T41] expand pattern=03954????? got=41 ≥ 30 → split into 10 children
2026-05-23 14:51:42,129 INFO [T15] expand pattern=03958????? got=44 ≥ 30 → split into 10 children
2026-05-23 14:51:42,195 INFO [T28] expand pattern=03350????? got=37 ≥ 30 → split into 10 children
2026-05-23 14:51:42,207 INFO [T26] expand pattern=03956????? got=43 ≥ 30 → split into 10 children
2026-05-23 14:51:42,266 INFO [T2] expand pattern=03959????? got=44 ≥ 30 → split into 10 children
2026-05-23 14:51:42,325 INFO [T16] expand pattern=03952????? got=38 ≥ 30 → split into 10 children
2026-05-23 14:51:42,380 INFO [T50] leaf pattern=03351????? got=24 saved=24
2026-05-23 14:51:42,502 INFO [T8] leaf pattern=03355????? got=24 saved=24
2026-05-23 14:51:42,525 INFO [T17] leaf pattern=03353????? got=27 saved=27
2026-05-23 14:51:42,551 INFO [T21] expand pattern=03357????? got=30 ≥ 30 → split into 10 children
2026-05-23 14:51:42,567 INFO [T22] leaf pattern=03356????? got=26 saved=26
2026-05-23 14:51:42,609 INFO [T29] expand pattern=03354????? got=32 ≥ 30 → split into 10 children
2026-05-23 14:51:42,643 INFO [T3] expand pattern=03352????? got=31 ≥ 30 → split into 10 children
2026-05-23 14:51:42,718 INFO [T39] expand pattern=03341????? got=35 ≥ 30 → split into 10 children
2026-05-23 14:51:42,736 INFO [T42] leaf pattern=03359????? got=28 saved=28
2026-05-23 14:51:42,746 INFO [T20] expand pattern=03340????? got=34 ≥ 30 → split into 10 children
2026-05-23 14:51:42,783 INFO [T11] expand pattern=03343????? got=38 ≥ 30 → split into 10 children
2026-05-23 14:51:42,791 INFO [T34] expand pattern=03342????? got=35 ≥ 30 → split into 10 children
2026-05-23 14:51:42,808 INFO [T10] leaf pattern=03358????? got=27 saved=27
2026-05-23 14:51:42,944 INFO [T44] leaf pattern=03344????? got=25 saved=25
2026-05-23 14:51:43,024 INFO [T13] expand pattern=03345????? got=32 ≥ 30 → split into 10 children
2026-05-23 14:51:43,091 INFO [T19] expand pattern=03347????? got=36 ≥ 30 → split into 10 children
2026-05-23 14:51:43,099 INFO [T32] expand pattern=03346????? got=33 ≥ 30 → split into 10 children
2026-05-23 14:51:43,147 INFO [T14] expand pattern=03348????? got=37 ≥ 30 → split into 10 children
2026-05-23 14:51:43,317 INFO [T36] leaf pattern=03349????? got=29 saved=29
2026-05-23 14:51:43,329 INFO [T25] expand pattern=03360????? got=39 ≥ 30 → split into 10 children
2026-05-23 14:51:43,441 INFO [T4] expand pattern=03361????? got=31 ≥ 30 → split into 10 children
2026-05-23 14:51:43,451 INFO [T7] expand pattern=03362????? got=36 ≥ 30 → split into 10 children
2026-05-23 14:51:43,547 INFO [T9] leaf pattern=03363????? got=28 saved=28
2026-05-23 14:51:43,605 INFO [T18] leaf pattern=03364????? got=26 saved=26
2026-05-23 14:51:43,761 INFO [T12] expand pattern=03365????? got=33 ≥ 30 → split into 10 children
2026-05-23 14:51:44,092 INFO [T37] leaf pattern=03368????? got=28 saved=28
2026-05-23 14:51:44,154 INFO [T48] expand pattern=03367????? got=38 ≥ 30 → split into 10 children
2026-05-23 14:51:44,176 INFO [T45] leaf pattern=03380????? got=29 saved=29
2026-05-23 14:51:44,397 INFO [T46] expand pattern=03381????? got=34 ≥ 30 → split into 10 children
2026-05-23 14:51:44,406 INFO [T47] expand pattern=03369????? got=31 ≥ 30 → split into 10 children
2026-05-23 14:51:44,424 INFO [T43] leaf pattern=03366????? got=8 saved=8
2026-05-23 14:51:44,450 INFO [T5] expand pattern=03382????? got=34 ≥ 30 → split into 10 children
2026-05-23 14:51:44,512 INFO [T33] expand pattern=03384????? got=40 ≥ 30 → split into 10 children
2026-05-23 14:51:44,542 INFO [T31] leaf pattern=03383????? got=29 saved=29
2026-05-23 14:51:44,605 INFO [T6] expand pattern=03385????? got=37 ≥ 30 → split into 10 children
2026-05-23 14:51:44,676 INFO [T1] expand pattern=03389????? got=38 ≥ 30 → split into 10 children
2026-05-23 14:51:44,690 INFO [T38] expand pattern=03387????? got=30 ≥ 30 → split into 10 children
2026-05-23 14:51:44,700 INFO [T49] expand pattern=03391????? got=31 ≥ 30 → split into 10 children
2026-05-23 14:51:44,717 INFO [T35] leaf pattern=03392????? got=25 saved=25
2026-05-23 14:51:44,727 INFO [T27] expand pattern=03390????? got=37 ≥ 30 → split into 10 children
2026-05-23 14:51:44,749 INFO [T40] leaf pattern=03386????? got=29 saved=29
2026-05-23 14:51:44,896 INFO [T24] leaf pattern=03393????? got=29 saved=29
2026-05-23 14:51:45,035 INFO [T15] expand pattern=03395????? got=37 ≥ 30 → split into 10 children
2026-05-23 14:51:45,057 INFO [T30] expand pattern=03957????? got=43 ≥ 30 → split into 10 children
2026-05-23 14:51:45,261 INFO [T41] expand pattern=03394????? got=34 ≥ 30 → split into 10 children
2026-05-23 14:51:45,264 INFO [T2] expand pattern=03398????? got=31 ≥ 30 → split into 10 children
2026-05-23 14:51:45,420 INFO [T26] expand pattern=03397????? got=30 ≥ 30 → split into 10 children
2026-05-23 14:51:45,433 INFO [T50] expand pattern=03370????? got=37 ≥ 30 → split into 10 children
2026-05-23 14:51:45,507 INFO [T17] expand pattern=03372????? got=37 ≥ 30 → split into 10 children
2026-05-23 14:51:45,525 INFO [T22] expand pattern=03374????? got=36 ≥ 30 → split into 10 children
2026-05-23 14:51:45,532 INFO [T16] leaf pattern=03399????? got=13 saved=13
2026-05-23 14:51:45,540 INFO [T21] leaf pattern=03373????? got=29 saved=29
2026-05-23 14:51:45,617 INFO [T39] leaf pattern=03377????? got=28 saved=28
2026-05-23 14:51:45,636 INFO [T20] expand pattern=03379????? got=37 ≥ 30 → split into 10 children
2026-05-23 14:51:45,658 INFO [T23] leaf pattern=03388????? got=20 saved=20
2026-05-23 14:51:45,701 INFO [T42] expand pattern=03378????? got=41 ≥ 30 → split into 10 children
2026-05-23 14:51:45,763 INFO [T34] leaf pattern=036421???? got=14 saved=14
2026-05-23 14:51:45,784 INFO [T11] leaf pattern=036420???? got=8 saved=8
2026-05-23 14:51:45,788 INFO [T44] leaf pattern=036423???? got=9 saved=9
2026-05-23 14:51:45,799 INFO [T10] leaf pattern=036422???? got=5 saved=5
2026-05-23 14:51:45,845 INFO [T29] expand pattern=03375????? got=41 ≥ 30 → split into 10 children
2026-05-23 14:51:45,911 INFO [T13] leaf pattern=036424???? got=10 saved=10
2026-05-23 14:51:46,048 INFO [T14] leaf pattern=036427???? got=11 saved=11
2026-05-23 14:51:46,061 INFO [T32] leaf pattern=036426???? got=16 saved=16
2026-05-23 14:51:46,070 INFO [T19] leaf pattern=036425???? got=9 saved=9
2026-05-23 14:51:46,121 INFO [T28] expand pattern=03396????? got=35 ≥ 30 → split into 10 children
2026-05-23 14:51:46,155 INFO [T3] expand pattern=03376????? got=40 ≥ 30 → split into 10 children
2026-05-23 14:51:46,244 INFO [T36] leaf pattern=036428???? got=14 saved=14
2026-05-23 14:51:46,325 INFO [T25] leaf pattern=036429???? got=14 saved=14
2026-05-23 14:51:46,423 INFO [T8] expand pattern=03371????? got=33 ≥ 30 → split into 10 children
2026-05-23 14:51:46,440 INFO [T7] leaf pattern=036401???? got=7 saved=7
2026-05-23 14:51:46,458 INFO [T4] leaf pattern=036400???? got=3 saved=3
2026-05-23 14:51:46,525 INFO [T9] leaf pattern=036402???? got=9 saved=9
2026-05-23 14:51:46,623 INFO [T18] leaf pattern=036403???? got=6 saved=6
2026-05-23 14:51:46,742 INFO [T12] leaf pattern=036404???? got=9 saved=9
2026-05-23 14:51:46,953 INFO [T37] leaf pattern=036405???? got=7 saved=7
2026-05-23 14:51:47,040 INFO [T45] leaf pattern=036407???? got=10 saved=10
2026-05-23 14:51:47,121 INFO [T48] leaf pattern=036406???? got=7 saved=7
2026-05-23 14:51:47,292 INFO [T46] leaf pattern=036408???? got=12 saved=12
2026-05-23 14:51:47,304 INFO [T47] leaf pattern=036409???? got=10 saved=10
2026-05-23 14:51:47,334 INFO [T5] leaf pattern=036411???? got=4 saved=4
2026-05-23 14:51:47,395 INFO [T43] leaf pattern=036410???? got=14 saved=14
2026-05-23 14:51:47,438 INFO [T31] leaf pattern=036413???? got=10 saved=10
2026-05-23 14:51:47,499 INFO [T6] leaf pattern=036414???? got=11 saved=11
2026-05-23 14:51:47,526 INFO [T33] leaf pattern=036412???? got=10 saved=10
2026-05-23 14:51:47,557 INFO [T1] leaf pattern=036415???? got=7 saved=7
2026-05-23 14:51:47,625 INFO [T38] leaf pattern=036416???? got=6 saved=6
2026-05-23 14:51:47,639 INFO [T40] leaf pattern=036430???? got=12 saved=12
2026-05-23 14:51:47,657 INFO [T27] leaf pattern=036419???? got=7 saved=7
2026-05-23 14:51:47,779 INFO [T49] leaf pattern=036417???? got=15 saved=15
2026-05-23 14:51:47,859 INFO [T24] leaf pattern=036431???? got=11 saved=11
2026-05-23 14:51:47,911 INFO [T15] leaf pattern=036432???? got=7 saved=7
2026-05-23 14:51:48,034 INFO [T35] leaf pattern=036418???? got=6 saved=6
2026-05-23 14:51:48,105 INFO [T41] leaf pattern=036435???? got=13 saved=13
2026-05-23 14:51:48,146 INFO [T2] leaf pattern=036434???? got=11 saved=11
2026-05-23 14:51:48,197 INFO [T26] leaf pattern=036437???? got=14 saved=14
2026-05-23 14:51:48,293 INFO [T50] leaf pattern=036436???? got=8 saved=8
2026-05-23 14:51:48,460 INFO [T17] leaf pattern=036438???? got=14 saved=14
2026-05-23 14:51:48,511 INFO [T22] leaf pattern=036439???? got=12 saved=12
2026-05-23 14:51:48,525 INFO [T39] leaf pattern=036442???? got=11 saved=11
2026-05-23 14:51:48,562 INFO [T20] leaf pattern=036443???? got=9 saved=9
2026-05-23 14:51:48,604 INFO [T44] leaf pattern=036448???? got=9 saved=9
2026-05-23 14:51:48,670 INFO [T42] leaf pattern=036445???? got=7 saved=7
2026-05-23 14:51:48,705 INFO [T21] leaf pattern=036441???? got=9 saved=9
2026-05-23 14:51:48,709 INFO [T11] leaf pattern=036447???? got=5 saved=5
2026-05-23 14:51:48,752 INFO [T23] leaf pattern=036444???? got=2 saved=2
2026-05-23 14:51:48,757 INFO [T10] leaf pattern=036449???? got=8 saved=8
2026-05-23 14:51:48,814 INFO [T34] leaf pattern=036446???? got=5 saved=5
2026-05-23 14:51:48,860 INFO [T13] leaf pattern=036451???? got=15 saved=15
2026-05-23 14:51:48,977 INFO [T29] leaf pattern=036450???? got=12 saved=12
2026-05-23 14:51:48,992 INFO [T16] leaf pattern=036440???? got=9 saved=9
2026-05-23 14:51:49,003 INFO [T14] leaf pattern=036452???? got=6 saved=6
2026-05-23 14:51:49,126 INFO [T32] leaf pattern=036453???? got=16 saved=16
2026-05-23 14:51:49,131 INFO [T28] leaf pattern=036455???? got=2 saved=2
2026-05-23 14:51:49,135 INFO [T3] leaf pattern=036456???? got=5 saved=5
2026-05-23 14:51:49,140 INFO [T19] leaf pattern=036454???? got=5 saved=5
2026-05-23 14:51:49,195 INFO [T36] leaf pattern=036457???? got=14 saved=14
2026-05-23 14:51:49,242 INFO [T25] leaf pattern=036458???? got=14 saved=14
2026-05-23 14:51:49,390 INFO [T8] leaf pattern=036459???? got=17 saved=17
2026-05-23 14:51:49,397 INFO [T7] leaf pattern=036490???? got=12 saved=12
2026-05-23 14:51:49,483 INFO [T4] leaf pattern=036491???? got=8 saved=8
2026-05-23 14:51:49,558 INFO [T9] leaf pattern=036492???? got=10 saved=10
2026-05-23 14:51:49,643 INFO [T18] leaf pattern=036493???? got=11 saved=11
2026-05-23 14:51:49,685 INFO [T12] leaf pattern=036494???? got=6 saved=6
2026-05-23 14:51:49,796 WARNING [T45] ec=1 rate limited, rotating IP
2026-05-23 14:51:49,797 INFO [T45] rotate IP e2cbb955 → 2913ea35
2026-05-23 14:51:49,856 INFO [T37] leaf pattern=036495???? got=11 saved=11
2026-05-23 14:51:50,218 INFO [T46] leaf pattern=036498???? got=11 saved=11
2026-05-23 14:51:50,238 INFO [T47] leaf pattern=036499???? got=5 saved=5
2026-05-23 14:51:50,251 INFO [T5] leaf pattern=036480???? got=24 saved=24
2026-05-23 14:51:50,262 INFO [T48] leaf pattern=036497???? got=6 saved=6
2026-05-23 14:51:50,312 INFO [T43] leaf pattern=036481???? got=12 saved=12
2026-05-23 14:51:50,336 INFO [T31] leaf pattern=036482???? got=17 saved=17
2026-05-23 14:51:50,400 INFO [T33] leaf pattern=036484???? got=17 saved=17
2026-05-23 14:51:50,423 INFO [T6] leaf pattern=036483???? got=26 saved=26
2026-05-23 14:51:50,497 INFO [T1] leaf pattern=036485???? got=20 saved=20
2026-05-23 14:51:50,512 INFO [T40] leaf pattern=036487???? got=10 saved=10
2026-05-23 14:51:50,599 INFO [T27] leaf pattern=036488???? got=14 saved=14
2026-05-23 14:51:50,733 INFO [T24] leaf pattern=036460???? got=4 saved=4
2026-05-23 14:51:50,798 INFO [T30] leaf pattern=036433???? got=4 saved=4
2026-05-23 14:51:50,836 INFO [T15] leaf pattern=036461???? got=15 saved=15
2026-05-23 14:51:50,890 INFO [T49] leaf pattern=036489???? got=9 saved=9
2026-05-23 14:51:50,903 INFO [T38] leaf pattern=036486???? got=16 saved=16
2026-05-23 14:51:50,985 INFO [T35] leaf pattern=036462???? got=13 saved=13
2026-05-23 14:51:51,046 INFO [T41] leaf pattern=036463???? got=14 saved=14
2026-05-23 14:51:51,066 INFO [T2] leaf pattern=036464???? got=6 saved=6
2026-05-23 14:51:51,093 INFO [T26] leaf pattern=036465???? got=12 saved=12
2026-05-23 14:51:51,287 INFO [T50] leaf pattern=036466???? got=2 saved=2
2026-05-23 14:51:51,361 INFO [T17] leaf pattern=036467???? got=11 saved=11
2026-05-23 14:51:51,451 INFO [T39] leaf pattern=036469???? got=9 saved=9
2026-05-23 14:51:51,492 INFO [T20] leaf pattern=036470???? got=9 saved=9
2026-05-23 14:51:51,507 INFO [T22] leaf pattern=036468???? got=11 saved=11
2026-05-23 14:51:51,530 INFO [T44] leaf pattern=036471???? got=8 saved=8
2026-05-23 14:51:51,574 INFO [T11] leaf pattern=036473???? got=21 saved=21
2026-05-23 14:51:51,596 INFO [T42] leaf pattern=036472???? got=15 saved=15
2026-05-23 14:51:51,619 INFO [T21] leaf pattern=036474???? got=10 saved=10
2026-05-23 14:51:51,676 INFO [T23] leaf pattern=036475???? got=13 saved=13
2026-05-23 14:51:51,748 INFO [T10] leaf pattern=036476???? got=13 saved=13
2026-05-23 14:51:51,757 INFO [T45] D1N refreshed a5cfccdcb4183f3c…
2026-05-23 14:51:51,784 INFO [T13] leaf pattern=036478???? got=12 saved=12
2026-05-23 14:51:51,835 INFO [T29] leaf pattern=036479???? got=16 saved=16
2026-05-23 14:51:51,874 INFO [T14] leaf pattern=038310???? got=20 saved=20
2026-05-23 14:51:51,891 INFO [T34] leaf pattern=036477???? got=2 saved=2
2026-05-23 14:51:51,937 INFO [T28] leaf pattern=038315???? got=4 saved=4
2026-05-23 14:51:51,999 INFO [T19] leaf pattern=038314???? got=8 saved=8
2026-05-23 14:51:52,019 INFO [T32] leaf pattern=038312???? got=12 saved=12
2026-05-23 14:51:52,087 INFO [T3] leaf pattern=038313???? got=7 saved=7
2026-05-23 14:51:52,100 INFO [T16] leaf pattern=038311???? got=3 saved=3
2026-05-23 14:51:52,169 INFO [T36] leaf pattern=038316???? got=8 saved=8
2026-05-23 14:51:52,177 INFO [T25] leaf pattern=038317???? got=6 saved=6
2026-05-23 14:51:52,303 INFO [T8] leaf pattern=038318???? got=8 saved=8
2026-05-23 14:51:52,308 INFO [T7] leaf pattern=038319???? got=6 saved=6
2026-05-23 14:51:52,435 INFO [T4] leaf pattern=038320???? got=4 saved=4
2026-05-23 14:51:52,603 INFO [T18] leaf pattern=038322???? got=1 saved=1
2026-05-23 14:51:52,617 INFO [T12] leaf pattern=038323???? got=1 saved=1
2026-05-23 14:51:52,697 INFO [T9] leaf pattern=038321???? got=8 saved=8
2026-05-23 14:51:52,731 INFO [T37] leaf pattern=038324???? got=9 saved=9
2026-05-23 14:51:53,079 INFO [T46] leaf pattern=038325???? got=6 saved=6
2026-05-23 14:51:53,133 INFO [T5] leaf pattern=038327???? got=6 saved=6
2026-05-23 14:51:53,174 INFO [T47] leaf pattern=038326???? got=8 saved=8
2026-05-23 14:51:53,209 INFO [T48] leaf pattern=038328???? got=3 saved=3
2026-05-23 14:51:53,258 INFO [T43] leaf pattern=038329???? got=4 saved=4
2026-05-23 14:51:53,293 INFO [T31] leaf pattern=038330???? got=4 saved=4
2026-05-23 14:51:53,315 INFO [T33] leaf pattern=038331???? got=4 saved=4
2026-05-23 14:51:53,364 INFO [T6] leaf pattern=038332???? got=3 saved=3
2026-05-23 14:51:53,385 INFO [T1] leaf pattern=038333???? got=0 saved=0
2026-05-23 14:51:53,428 INFO [T40] leaf pattern=038334???? got=3 saved=3
2026-05-23 14:51:53,652 INFO [T24] leaf pattern=038336???? got=3 saved=3
2026-05-23 14:51:53,765 INFO [T27] leaf pattern=038335???? got=10 saved=10
2026-05-23 14:51:53,770 INFO [T15] leaf pattern=038338???? got=1 saved=1
2026-05-23 14:51:53,813 INFO [T49] leaf pattern=038339???? got=19 saved=19
2026-05-23 14:51:53,846 INFO [T30] leaf pattern=038337???? got=8 saved=8
2026-05-23 14:51:53,895 INFO [T35] leaf pattern=038381???? got=3 saved=3
2026-05-23 14:51:54,043 INFO [T41] leaf pattern=038382???? got=12 saved=12
2026-05-23 14:51:54,053 INFO [T26] leaf pattern=038384???? got=11 saved=11
2026-05-23 14:51:54,071 INFO [T2] leaf pattern=038383???? got=2 saved=2
2026-05-23 14:51:54,144 INFO [T38] leaf pattern=038380???? got=2 saved=2
2026-05-23 14:51:54,259 INFO [T50] leaf pattern=038385???? got=18 saved=18
2026-05-23 14:51:54,320 INFO [T39] leaf pattern=038387???? got=18 saved=18
2026-05-23 14:51:54,388 INFO [T20] leaf pattern=038388???? got=2 saved=2
2026-05-23 14:51:54,470 INFO [T22] leaf pattern=038389???? got=19 saved=19
2026-05-23 14:51:54,485 INFO [T21] leaf pattern=038343???? got=23 saved=23
2026-05-23 14:51:54,490 INFO [T17] leaf pattern=038386???? got=0 saved=0
2026-05-23 14:51:54,511 INFO [T42] leaf pattern=038342???? got=21 saved=21
2026-05-23 14:51:54,515 INFO [T44] leaf pattern=038340???? got=27 saved=27
2026-05-23 14:51:54,562 INFO [T23] leaf pattern=038344???? got=12 saved=12
2026-05-23 14:51:54,594 INFO [T11] leaf pattern=038341???? got=25 saved=25
2026-05-23 14:51:54,731 INFO [T10] leaf pattern=038345???? got=23 saved=23
2026-05-23 14:51:54,839 INFO [T14] leaf pattern=038348???? got=12 saved=12
2026-05-23 14:51:54,848 INFO [T13] leaf pattern=038346???? got=28 saved=28
2026-05-23 14:51:54,951 INFO [T34] leaf pattern=038349???? got=18 saved=18
2026-05-23 14:51:54,956 INFO [T29] leaf pattern=038347???? got=11 saved=11
2026-05-23 14:51:54,978 INFO [T19] leaf pattern=038391???? got=14 saved=14
2026-05-23 14:51:54,990 INFO [T32] leaf pattern=038392???? got=8 saved=8
2026-05-23 14:51:55,108 INFO [T25] leaf pattern=038396???? got=10 saved=10
2026-05-23 14:51:55,123 INFO [T36] leaf pattern=038395???? got=5 saved=5
2026-05-23 14:51:55,221 INFO [T28] leaf pattern=038390???? got=16 saved=16
2026-05-23 14:51:55,238 INFO [T8] leaf pattern=038397???? got=5 saved=5
2026-05-23 14:51:55,252 INFO [T7] leaf pattern=038398???? got=5 saved=5
2026-05-23 14:51:55,468 INFO [T4] leaf pattern=038399???? got=2 saved=2
2026-05-23 14:51:55,524 INFO [T3] leaf pattern=038393???? got=3 saved=3
2026-05-23 14:51:55,568 INFO [T12] leaf pattern=038371???? got=7 saved=7
2026-05-23 14:51:55,621 INFO [T9] leaf pattern=038372???? got=8 saved=8
2026-05-23 14:51:55,646 INFO [T16] leaf pattern=038394???? got=6 saved=6
2026-05-23 14:51:55,664 INFO [T18] leaf pattern=038370???? got=7 saved=7
2026-05-23 14:51:55,856 INFO [T37] leaf pattern=038373???? got=6 saved=6
2026-05-23 14:51:55,871 WARNING [T46] ec=1 rate limited, rotating IP
2026-05-23 14:51:55,871 INFO [T46] rotate IP 2d47d430 → 4ea5480b
2026-05-23 14:51:56,045 INFO [T5] leaf pattern=038375???? got=5 saved=5
2026-05-23 14:51:56,066 INFO [T45] leaf pattern=036496???? got=11 saved=11
2026-05-23 14:51:56,092 INFO [T47] leaf pattern=038376???? got=8 saved=8
2026-05-23 14:51:56,166 WARNING [T40] ec=1 rate limited, rotating IP
2026-05-23 14:51:56,166 INFO [T40] rotate IP ab6d898b → 06073abb
2026-05-23 14:51:56,221 INFO [T6] leaf pattern=038352???? got=19 saved=19
2026-05-23 14:51:56,266 INFO [T1] leaf pattern=038351???? got=8 saved=8
2026-05-23 14:51:56,311 INFO [T48] leaf pattern=038377???? got=5 saved=5
2026-05-23 14:51:56,319 INFO [T33] leaf pattern=038350???? got=7 saved=7
2026-05-23 14:51:56,392 WARNING [T24] ec=1 rate limited, rotating IP
2026-05-23 14:51:56,392 INFO [T24] rotate IP 0e70622d → 9abf9014
2026-05-23 14:51:56,428 INFO [T31] leaf pattern=038379???? got=7 saved=7
2026-05-23 14:51:56,541 INFO [T43] leaf pattern=038378???? got=6 saved=6
2026-05-23 14:51:56,625 INFO [T15] leaf pattern=038356???? got=21 saved=21
2026-05-23 14:51:56,704 INFO [T27] leaf pattern=038355???? got=9 saved=9
2026-05-23 14:51:56,762 INFO [T49] leaf pattern=038357???? got=25 saved=25
2026-05-23 14:51:56,809 INFO [T35] leaf pattern=038359???? got=25 saved=25
2026-05-23 14:51:56,936 INFO [T41] leaf pattern=038360???? got=17 saved=17
2026-05-23 14:51:56,949 INFO [T30] leaf pattern=038358???? got=18 saved=18
2026-05-23 14:51:56,959 INFO [T26] leaf pattern=038361???? got=18 saved=18
2026-05-23 14:51:56,977 INFO [T2] leaf pattern=038362???? got=21 saved=21
2026-05-23 14:51:57,035 WARNING [T38] ec=1 rate limited, rotating IP
2026-05-23 14:51:57,035 INFO [T38] rotate IP f690906c → d63b7307
2026-05-23 14:51:57,137 WARNING [T20] ec=1 rate limited, rotating IP
2026-05-23 14:51:57,137 INFO [T20] rotate IP 96bc687c → 4eb543ab
2026-05-23 14:51:57,232 INFO [T50] leaf pattern=038364???? got=18 saved=18
2026-05-23 14:51:57,245 WARNING [T17] ec=1 rate limited, rotating IP
2026-05-23 14:51:57,245 INFO [T39] leaf pattern=038365???? got=7 saved=7
2026-05-23 14:51:57,245 INFO [T17] rotate IP c5532e68 → 828a457b
2026-05-23 14:51:57,263 WARNING [T44] ec=1 rate limited, rotating IP
2026-05-23 14:51:57,263 INFO [T44] rotate IP 6bf92333 → 0a51c12b
2026-05-23 14:51:57,390 INFO [T22] leaf pattern=038367???? got=8 saved=8
2026-05-23 14:51:57,418 INFO [T21] leaf pattern=038368???? got=1 saved=1
2026-05-23 14:51:57,431 INFO [T42] leaf pattern=038301???? got=19 saved=19
2026-05-23 14:51:57,514 INFO [T23] leaf pattern=038302???? got=20 saved=20
2026-05-23 14:51:57,552 INFO [T11] leaf pattern=038303???? got=7 saved=7
2026-05-23 14:51:57,644 INFO [T10] leaf pattern=038304???? got=26 saved=26
2026-05-23 14:51:57,681 INFO [T46] D1N refreshed 2f08e4085d9a96fa…
2026-05-23 14:51:57,692 INFO [T14] leaf pattern=038305???? got=24 saved=24
2026-05-23 14:51:57,864 INFO [T13] leaf pattern=038306???? got=25 saved=25
2026-05-23 14:51:57,900 INFO [T29] leaf pattern=038308???? got=22 saved=22
2026-05-23 14:51:57,922 INFO [T34] leaf pattern=038307???? got=29 saved=29
2026-05-23 14:51:57,945 INFO [T19] leaf pattern=038309???? got=13 saved=13
2026-05-23 14:51:58,043 INFO [T40] D1N refreshed 4cab86c16e05aeb7…
2026-05-23 14:51:58,060 INFO [T32] expand pattern=03850????? got=37 ≥ 30 → split into 10 children
2026-05-23 14:51:58,073 INFO [T25] expand pattern=03851????? got=41 ≥ 30 → split into 10 children
2026-05-23 14:51:58,079 INFO [T36] expand pattern=03852????? got=42 ≥ 30 → split into 10 children
2026-05-23 14:51:58,123 INFO [T24] D1N refreshed c8d22c57ce7f67cc…
2026-05-23 14:51:58,145 INFO [T8] expand pattern=03854????? got=41 ≥ 30 → split into 10 children
2026-05-23 14:51:58,220 INFO [T7] expand pattern=03855????? got=34 ≥ 30 → split into 10 children
2026-05-23 14:51:58,234 INFO [T28] expand pattern=03853????? got=38 ≥ 30 → split into 10 children
2026-05-23 14:51:58,442 INFO [T4] expand pattern=03856????? got=45 ≥ 30 → split into 10 children
2026-05-23 14:51:58,491 INFO [T12] expand pattern=03858????? got=39 ≥ 30 → split into 10 children
2026-05-23 14:51:58,510 INFO [T3] expand pattern=03857????? got=46 ≥ 30 → split into 10 children
2026-05-23 14:51:58,560 INFO [T9] expand pattern=03859????? got=41 ≥ 30 → split into 10 children
2026-05-23 14:51:58,596 INFO [T18] leaf pattern=038221???? got=4 saved=4
2026-05-23 14:51:58,635 WARNING [T37] ec=1 rate limited, rotating IP
2026-05-23 14:51:58,635 INFO [T37] rotate IP 43de7134 → 7083f83f
2026-05-23 14:51:58,876 INFO [T38] D1N refreshed b6f8b643a5cce66b…
2026-05-23 14:51:58,910 INFO [T5] leaf pattern=038223???? got=16 saved=16
2026-05-23 14:51:58,942 INFO [T20] D1N refreshed d2843fa795dbdec3…
2026-05-23 14:51:58,993 WARNING [T6] ec=1 rate limited, rotating IP
2026-05-23 14:51:58,993 INFO [T6] rotate IP 0fac0042 → f1e7dc2c
2026-05-23 14:51:58,994 INFO [T47] leaf pattern=038225???? got=6 saved=6
2026-05-23 14:51:59,063 INFO [T45] leaf pattern=038224???? got=15 saved=15
2026-05-23 14:51:59,098 WARNING [T33] ec=1 rate limited, rotating IP
2026-05-23 14:51:59,098 INFO [T33] rotate IP 465b8ee4 → c9a770cd
2026-05-23 14:51:59,117 INFO [T17] D1N refreshed 92b39ab61275dd79…
2026-05-23 14:51:59,126 INFO [T44] D1N refreshed 671200235c15d7b3…
2026-05-23 14:51:59,161 INFO [T1] leaf pattern=038227???? got=5 saved=5
2026-05-23 14:51:59,292 INFO [T48] leaf pattern=038228???? got=10 saved=10
2026-05-23 14:51:59,420 INFO [T31] leaf pattern=038210???? got=22 saved=22
2026-05-23 14:51:59,512 INFO [T16] leaf pattern=038220???? got=4 saved=4
2026-05-23 14:51:59,522 WARNING [T49] ec=1 rate limited, rotating IP
2026-05-23 14:51:59,522 INFO [T49] rotate IP 04ede48e → 30257cab
2026-05-23 14:51:59,570 INFO [T43] leaf pattern=038211???? got=12 saved=12
2026-05-23 14:51:59,611 INFO [T27] leaf pattern=038213???? got=20 saved=20
2026-05-23 14:51:59,652 INFO [T15] leaf pattern=038212???? got=14 saved=14
2026-05-23 14:51:59,699 WARNING [T26] ec=1 rate limited, rotating IP
2026-05-23 14:51:59,699 INFO [T26] rotate IP 30913b00 → 1401387f
2026-05-23 14:51:59,746 INFO [T35] leaf pattern=038215???? got=26 saved=26
2026-05-23 14:51:59,749 WARNING [T41] ec=1 rate limited, rotating IP
2026-05-23 14:51:59,749 INFO [T41] rotate IP 3ba1ed55 → c35f956e
2026-05-23 14:51:59,885 INFO [T2] leaf pattern=038219???? got=27 saved=27
2026-05-23 14:52:00,058 INFO [T30] leaf pattern=038217???? got=28 saved=28
2026-05-23 14:52:00,149 INFO [T39] leaf pattern=038231???? got=13 saved=13
2026-05-23 14:52:00,261 WARNING [T11] ec=1 rate limited, rotating IP
2026-05-23 14:52:00,261 INFO [T11] rotate IP d03000c1 → b8f05b64
2026-05-23 14:52:00,359 INFO [T37] D1N refreshed 4690c586af9605dd…
2026-05-23 14:52:00,359 INFO [T23] leaf pattern=038235???? got=25 saved=25
2026-05-23 14:52:00,364 INFO [T22] leaf pattern=038232???? got=21 saved=21
2026-05-23 14:52:00,377 INFO [T42] leaf pattern=038234???? got=21 saved=21
2026-05-23 14:52:00,789 INFO [T10] leaf pattern=038237???? got=16 saved=16
2026-05-23 14:52:00,794 INFO [T14] leaf pattern=038238???? got=5 saved=5
2026-05-23 14:52:00,808 INFO [T21] leaf pattern=038233???? got=20 saved=20
2026-05-23 14:52:00,908 INFO [T29] leaf pattern=038200???? got=0 saved=0
2026-05-23 14:52:00,909 INFO [T33] D1N refreshed 8f83fce500303192…
2026-05-23 14:52:00,935 INFO [T13] leaf pattern=038239???? got=11 saved=11
2026-05-23 14:52:00,940 INFO [T19] leaf pattern=038202???? got=21 saved=21
2026-05-23 14:52:00,984 INFO [T34] leaf pattern=038201???? got=17 saved=17
2026-05-23 14:52:01,010 INFO [T36] expand pattern=038205???? got=30 ≥ 30 → split into 10 children
2026-05-23 14:52:01,037 INFO [T25] leaf pattern=038204???? got=26 saved=26
2026-05-23 14:52:01,060 INFO [T32] leaf pattern=038203???? got=23 saved=23
2026-05-23 14:52:01,259 INFO [T28] leaf pattern=038208???? got=26 saved=26
2026-05-23 14:52:01,320 INFO [T7] expand pattern=038207???? got=32 ≥ 30 → split into 10 children
2026-05-23 14:52:01,338 INFO [T8] leaf pattern=038206???? got=25 saved=25
2026-05-23 14:52:01,358 INFO [T50] leaf pattern=038230???? got=10 saved=10
2026-05-23 14:52:01,383 WARNING [T9] ec=1 rate limited, rotating IP
2026-05-23 14:52:01,383 INFO [T9] rotate IP 2cb05067 → fd7cf6ee
2026-05-23 14:52:01,435 INFO [T12] leaf pattern=038240???? got=10 saved=10
2026-05-23 14:52:01,451 WARNING [T6] SSLError attempt=1/3 pattern=038226????: HTTPSConnectionPool(host='vietteltelecom.vn', port=443): Max retries exceeded with url: /api/get/sim (Caused by SSLError
2026-05-23 14:52:01,451 INFO [T6] rotate IP f1e7dc2c → 5f76ed7c
2026-05-23 14:52:01,568 INFO [T18] leaf pattern=038243???? got=8 saved=8
2026-05-23 14:52:01,678 WARNING [T11] SSLError attempt=1/3 pattern=038236????: HTTPSConnectionPool(host='vietteltelecom.vn', port=443): Max retries exceeded with url: /api/get/sim (Caused by SSLError
2026-05-23 14:52:01,678 INFO [T11] rotate IP b8f05b64 → 9486f81f
2026-05-23 14:52:01,698 INFO [T4] leaf pattern=038209???? got=26 saved=26
2026-05-23 14:52:01,723 INFO [T3] leaf pattern=038241???? got=15 saved=15
2026-05-23 14:52:01,791 INFO [T5] leaf pattern=038244???? got=12 saved=12
2026-05-23 14:52:01,798 INFO [T26] D1N refreshed 4945a5428d3b9c7a…
2026-05-23 14:52:01,898 INFO [T47] leaf pattern=038245???? got=12 saved=12
2026-05-23 14:52:01,911 INFO [T41] D1N refreshed e28231b0f576f47d…
2026-05-23 14:52:02,066 INFO [T45] leaf pattern=038246???? got=12 saved=12
2026-05-23 14:52:02,135 INFO [T46] leaf pattern=038374???? got=15 saved=15
2026-05-23 14:52:02,228 INFO [T1] leaf pattern=038247???? got=21 saved=21
2026-05-23 14:52:02,295 INFO [T48] leaf pattern=038248???? got=15 saved=15
2026-05-23 14:52:02,325 INFO [T31] leaf pattern=038249???? got=22 saved=22
2026-05-23 14:52:02,456 INFO [T24] leaf pattern=038354???? got=15 saved=15
2026-05-23 14:52:02,468 INFO [T40] leaf pattern=038353???? got=13 saved=13
2026-05-23 14:52:02,527 INFO [T27] leaf pattern=038262???? got=10 saved=10
2026-05-23 14:52:02,597 INFO [T15] leaf pattern=038263???? got=12 saved=12
2026-05-23 14:52:02,687 INFO [T43] leaf pattern=038261???? got=9 saved=9
2026-05-23 14:52:02,705 INFO [T35] leaf pattern=038264???? got=15 saved=15
2026-05-23 14:52:02,860 INFO [T2] leaf pattern=038265???? got=4 saved=4
2026-05-23 14:52:02,878 INFO [T16] leaf pattern=038260???? got=9 saved=9
2026-05-23 14:52:03,018 INFO [T38] leaf pattern=038363???? got=14 saved=14
2026-05-23 14:52:03,034 INFO [T20] leaf pattern=038366???? got=2 saved=2
2026-05-23 14:52:03,046 INFO [T39] leaf pattern=038267???? got=5 saved=5
2026-05-23 14:52:03,209 INFO [T9] D1N refreshed ae868fe47a515adf…
2026-05-23 14:52:03,228 INFO [T17] leaf pattern=038369???? got=5 saved=5
2026-05-23 14:52:03,255 INFO [T23] leaf pattern=038268???? got=7 saved=7
2026-05-23 14:52:03,277 INFO [T44] leaf pattern=038300???? got=1 saved=1
2026-05-23 14:52:03,290 INFO [T42] expand pattern=038290???? got=31 ≥ 30 → split into 10 children
2026-05-23 14:52:03,331 INFO [T22] leaf pattern=038269???? got=12 saved=12
2026-05-23 14:52:03,336 INFO [T30] leaf pattern=038266???? got=5 saved=5
2026-05-23 14:52:03,555 INFO [T14] leaf pattern=038293???? got=20 saved=20
2026-05-23 14:52:03,592 INFO [T10] leaf pattern=038292???? got=15 saved=15
2026-05-23 14:52:03,662 INFO [T21] expand pattern=038291???? got=30 ≥ 30 → split into 10 children
2026-05-23 14:52:03,798 WARNING [T37] SSLError attempt=1/3 pattern=038222????: HTTPSConnectionPool(host='vietteltelecom.vn', port=443): Max retries exceeded with url: /api/get/sim (Caused by SSLError
2026-05-23 14:52:03,798 INFO [T37] rotate IP 7083f83f → a064ba77
2026-05-23 14:52:03,813 INFO [T13] leaf pattern=038295???? got=10 saved=10
2026-05-23 14:52:03,848 INFO [T19] leaf pattern=038296???? got=12 saved=12
2026-05-23 14:52:03,895 INFO [T29] leaf pattern=038294???? got=24 saved=24
2026-05-23 14:52:03,947 INFO [T36] leaf pattern=038298???? got=10 saved=10
2026-05-23 14:52:03,987 INFO [T34] leaf pattern=038297???? got=9 saved=9
2026-05-23 14:52:04,003 INFO [T32] leaf pattern=038280???? got=12 saved=12
2026-05-23 14:52:04,030 INFO [T25] leaf pattern=038299???? got=2 saved=2
2026-05-23 14:52:04,146 INFO [T28] leaf pattern=038281???? got=9 saved=9
2026-05-23 14:52:04,241 INFO [T8] leaf pattern=038283???? got=13 saved=13
2026-05-23 14:52:04,294 INFO [T6] D1N refreshed b08d420bd0ebac4e…
2026-05-23 14:52:04,387 INFO [T12] leaf pattern=038285???? got=15 saved=15
2026-05-23 14:52:04,408 INFO [T50] leaf pattern=038284???? got=16 saved=16
2026-05-23 14:52:04,536 INFO [T7] leaf pattern=038282???? got=4 saved=4
2026-05-23 14:52:04,555 INFO [T18] leaf pattern=038286???? got=25 saved=25
2026-05-23 14:52:04,614 INFO [T3] leaf pattern=038288???? got=9 saved=9
2026-05-23 14:52:04,640 INFO [T4] leaf pattern=038287???? got=25 saved=25
2026-05-23 14:52:04,703 INFO [T5] leaf pattern=038289???? got=26 saved=26
2026-05-23 14:52:04,718 INFO [T11] D1N refreshed 12670641bc0c433c…
2026-05-23 14:52:04,806 INFO [T47] leaf pattern=036850???? got=9 saved=9
2026-05-23 14:52:04,873 INFO [T33] leaf pattern=038229???? got=12 saved=12
2026-05-23 14:52:04,938 WARNING [T49] ConnectionError attempt=1/3 pattern=038214????: ('Connection aborted.', ConnectionResetError(10054, 'An existing connection was forcibly closed by the remote host', Non
2026-05-23 14:52:04,938 INFO [T49] rotate IP 30257cab → 4c3ffb10
2026-05-23 14:52:05,074 INFO [T46] leaf pattern=036852???? got=9 saved=9
2026-05-23 14:52:05,115 INFO [T45] leaf pattern=036851???? got=6 saved=6
2026-05-23 14:52:05,162 INFO [T1] leaf pattern=036853???? got=11 saved=11
2026-05-23 14:52:05,242 INFO [T31] leaf pattern=036855???? got=1 saved=1
2026-05-23 14:52:05,250 INFO [T48] leaf pattern=036854???? got=11 saved=11
2026-05-23 14:52:05,441 INFO [T24] leaf pattern=036856???? got=3 saved=3
2026-05-23 14:52:05,446 INFO [T27] leaf pattern=036858???? got=4 saved=4
2026-05-23 14:52:05,505 INFO [T15] leaf pattern=036859???? got=3 saved=3
2026-05-23 14:52:05,520 INFO [T40] leaf pattern=036857???? got=9 saved=9
2026-05-23 14:52:05,793 INFO [T2] leaf pattern=036872???? got=7 saved=7
2026-05-23 14:52:05,828 INFO [T35] leaf pattern=036871???? got=6 saved=6
2026-05-23 14:52:05,859 INFO [T43] leaf pattern=036870???? got=8 saved=8
2026-05-23 14:52:05,929 INFO [T39] leaf pattern=036876???? got=5 saved=5
2026-05-23 14:52:05,975 INFO [T41] expand pattern=038216???? got=30 ≥ 30 → split into 10 children
2026-05-23 14:52:05,999 INFO [T38] leaf pattern=036874???? got=11 saved=11
2026-05-23 14:52:06,009 INFO [T20] leaf pattern=036875???? got=9 saved=9
2026-05-23 14:52:06,034 INFO [T26] leaf pattern=038218???? got=20 saved=20
2026-05-23 14:52:06,148 INFO [T17] leaf pattern=036877???? got=1 saved=1
2026-05-23 14:52:06,165 INFO [T23] leaf pattern=036878???? got=6 saved=6
2026-05-23 14:52:06,193 INFO [T42] leaf pattern=036840???? got=10 saved=10
2026-05-23 14:52:06,288 INFO [T22] leaf pattern=036841???? got=6 saved=6
2026-05-23 14:52:06,431 INFO [T44] leaf pattern=036879???? got=1 saved=1
2026-05-23 14:52:06,470 INFO [T14] leaf pattern=036843???? got=8 saved=8
2026-05-23 14:52:06,602 WARNING [T37] D1N unresolved, rotating IP
2026-05-23 14:52:06,602 INFO [T21] leaf pattern=036845???? got=9 saved=9
2026-05-23 14:52:06,602 INFO [T37] rotate IP a064ba77 → 596ade9b
2026-05-23 14:52:06,607 INFO [T10] leaf pattern=036844???? got=1 saved=1
2026-05-23 14:52:06,735 INFO [T13] leaf pattern=036846???? got=7 saved=7
2026-05-23 14:52:06,838 INFO [T19] leaf pattern=036847???? got=6 saved=6
2026-05-23 14:52:06,876 INFO [T29] leaf pattern=036848???? got=6 saved=6
2026-05-23 14:52:06,912 INFO [T34] leaf pattern=038270???? got=6 saved=6
2026-05-23 14:52:06,989 INFO [T16] leaf pattern=036873???? got=5 saved=5
2026-05-23 14:52:07,036 INFO [T32] leaf pattern=038271???? got=13 saved=13
2026-05-23 14:52:07,039 INFO [T28] leaf pattern=038273???? got=8 saved=8
2026-05-23 14:52:07,068 INFO [T25] leaf pattern=038272???? got=11 saved=11
2026-05-23 14:52:07,131 INFO [T8] leaf pattern=038274???? got=12 saved=12
2026-05-23 14:52:07,330 INFO [T9] leaf pattern=038242???? got=7 saved=7
2026-05-23 14:52:07,380 INFO [T12] leaf pattern=038275???? got=19 saved=19
2026-05-23 14:52:07,411 INFO [T50] leaf pattern=038276???? got=16 saved=16
2026-05-23 14:52:07,447 INFO [T7] leaf pattern=038277???? got=10 saved=10
2026-05-23 14:52:07,610 INFO [T5] leaf pattern=036821???? got=10 saved=10
2026-05-23 14:52:07,615 INFO [T18] leaf pattern=038278???? got=18 saved=18
2026-05-23 14:52:07,619 INFO [T4] leaf pattern=036820???? got=5 saved=5
2026-05-23 14:52:07,629 INFO [T3] leaf pattern=038279???? got=23 saved=23
2026-05-23 14:52:07,671 INFO [T47] leaf pattern=036822???? got=0 saved=0
2026-05-23 14:52:07,817 INFO [T33] leaf pattern=036823???? got=5 saved=5
2026-05-23 14:52:08,003 INFO [T36] leaf pattern=036849???? got=6 saved=6
2026-05-23 14:52:08,036 INFO [T46] leaf pattern=036824???? got=8 saved=8
2026-05-23 14:52:08,136 INFO [T45] leaf pattern=036825???? got=5 saved=5
2026-05-23 14:52:08,170 INFO [T31] leaf pattern=036827???? got=9 saved=9
2026-05-23 14:52:08,189 INFO [T48] leaf pattern=036828???? got=4 saved=4
2026-05-23 14:52:08,235 INFO [T1] leaf pattern=036826???? got=1 saved=1
2026-05-23 14:52:08,289 INFO [T24] leaf pattern=036829???? got=4 saved=4
2026-05-23 14:52:08,337 INFO [T27] leaf pattern=036810???? got=5 saved=5
2026-05-23 14:52:08,403 INFO [T15] leaf pattern=036811???? got=2 saved=2
2026-05-23 14:52:08,468 INFO [T40] leaf pattern=036812???? got=4 saved=4
2026-05-23 14:52:08,495 INFO [T30] leaf pattern=036842???? got=6 saved=6
2026-05-23 14:52:08,692 INFO [T6] leaf pattern=038226???? got=8 saved=8
2026-05-23 14:52:08,734 INFO [T2] leaf pattern=036813???? got=3 saved=3
2026-05-23 14:52:08,925 INFO [T39] leaf pattern=036816???? got=12 saved=12
2026-05-23 14:52:08,928 INFO [T20] leaf pattern=036819???? got=7 saved=7
2026-05-23 14:52:08,933 INFO [T35] leaf pattern=036814???? got=12 saved=12
2026-05-23 14:52:08,936 INFO [T41] leaf pattern=036817???? got=8 saved=8
2026-05-23 14:52:08,943 INFO [T38] leaf pattern=036818???? got=3 saved=3
2026-05-23 14:52:08,985 INFO [T11] leaf pattern=038236???? got=18 saved=18
2026-05-23 14:52:08,989 INFO [T26] leaf pattern=036800???? got=1 saved=1
2026-05-23 14:52:09,020 INFO [T23] leaf pattern=036802???? got=3 saved=3
2026-05-23 14:52:09,041 INFO [T17] leaf pattern=036801???? got=2 saved=2
2026-05-23 14:52:09,066 INFO [T49] D1N refreshed e95fec69f784b925…
2026-05-23 14:52:09,154 INFO [T42] leaf pattern=036803???? got=3 saved=3
2026-05-23 14:52:09,184 INFO [T43] leaf pattern=036815???? got=6 saved=6
2026-05-23 14:52:09,224 INFO [T22] leaf pattern=036804???? got=13 saved=13
2026-05-23 14:52:09,332 INFO [T44] leaf pattern=036805???? got=7 saved=7
2026-05-23 14:52:09,364 INFO [T14] leaf pattern=036806???? got=6 saved=6
2026-05-23 14:52:09,534 INFO [T21] leaf pattern=036807???? got=7 saved=7
2026-05-23 14:52:09,569 INFO [T10] leaf pattern=036808???? got=2 saved=2
2026-05-23 14:52:09,722 INFO [T13] leaf pattern=036809???? got=13 saved=13
2026-05-23 14:52:09,815 INFO [T19] leaf pattern=038900???? got=1 saved=1
2026-05-23 14:52:09,829 INFO [T29] leaf pattern=038901???? got=6 saved=6
2026-05-23 14:52:09,892 INFO [T34] leaf pattern=038902???? got=5 saved=5
2026-05-23 14:52:10,008 INFO [T32] leaf pattern=038904???? got=7 saved=7
2026-05-23 14:52:10,013 INFO [T25] leaf pattern=038906???? got=6 saved=6
2026-05-23 14:52:10,018 INFO [T28] leaf pattern=038905???? got=4 saved=4
2026-05-23 14:52:10,127 INFO [T8] leaf pattern=038907???? got=8 saved=8
2026-05-23 14:52:10,148 INFO [T16] leaf pattern=038903???? got=6 saved=6
2026-05-23 14:52:10,290 INFO [T9] leaf pattern=038908???? got=4 saved=4
2026-05-23 14:52:10,323 INFO [T12] leaf pattern=038909???? got=9 saved=9
2026-05-23 14:52:10,361 INFO [T7] leaf pattern=038921???? got=5 saved=5
2026-05-23 14:52:10,417 INFO [T50] leaf pattern=038920???? got=9 saved=9
2026-05-23 14:52:10,455 INFO [T5] leaf pattern=038922???? got=9 saved=9
2026-05-23 14:52:10,524 INFO [T3] leaf pattern=038925???? got=14 saved=14
2026-05-23 14:52:10,573 INFO [T47] leaf pattern=038926???? got=20 saved=20
2026-05-23 14:52:10,578 INFO [T18] leaf pattern=038923???? got=13 saved=13
2026-05-23 14:52:10,600 INFO [T4] leaf pattern=038924???? got=12 saved=12
2026-05-23 14:52:10,724 INFO [T33] leaf pattern=038927???? got=11 saved=11
2026-05-23 14:52:10,929 INFO [T36] leaf pattern=038928???? got=9 saved=9
2026-05-23 14:52:10,943 INFO [T46] leaf pattern=038929???? got=7 saved=7
2026-05-23 14:52:11,069 INFO [T31] leaf pattern=038931???? got=9 saved=9
2026-05-23 14:52:11,103 INFO [T45] leaf pattern=038930???? got=11 saved=11
2026-05-23 14:52:11,132 INFO [T1] leaf pattern=038933???? got=10 saved=10
2026-05-23 14:52:11,269 INFO [T48] leaf pattern=038932???? got=12 saved=12
2026-05-23 14:52:11,274 INFO [T27] leaf pattern=038935???? got=7 saved=7
2026-05-23 14:52:11,281 INFO [T24] leaf pattern=038934???? got=23 saved=23
2026-05-23 14:52:11,408 INFO [T15] leaf pattern=038936???? got=8 saved=8
2026-05-23 14:52:11,428 INFO [T40] leaf pattern=038937???? got=9 saved=9
2026-05-23 14:52:11,460 INFO [T30] leaf pattern=038938???? got=3 saved=3
2026-05-23 14:52:11,598 INFO [T6] leaf pattern=038939???? got=7 saved=7
2026-05-23 14:52:11,642 INFO [T2] leaf pattern=038250???? got=5 saved=5
2026-05-23 14:52:11,788 INFO [T39] leaf pattern=038251???? got=6 saved=6
2026-05-23 14:52:11,797 INFO [T38] leaf pattern=038255???? got=7 saved=7
2026-05-23 14:52:11,829 INFO [T20] leaf pattern=038252???? got=6 saved=6
2026-05-23 14:52:11,833 INFO [T41] leaf pattern=038254???? got=18 saved=18
2026-05-23 14:52:11,838 INFO [T35] leaf pattern=038253???? got=10 saved=10
2026-05-23 14:52:11,870 INFO [T26] leaf pattern=038257???? got=13 saved=13
2026-05-23 14:52:11,926 INFO [T23] leaf pattern=038258???? got=4 saved=4
2026-05-23 14:52:11,965 INFO [T17] leaf pattern=038259???? got=9 saved=9
2026-05-23 14:52:11,980 INFO [T11] leaf pattern=038256???? got=9 saved=9
2026-05-23 14:52:12,012 WARNING [T37] ConnectionError attempt=1/3 pattern=038222????: ('Connection aborted.', ConnectionResetError(10054, 'An existing connection was forcibly closed by the remote host', Non
2026-05-23 14:52:12,012 INFO [T37] rotate IP 596ade9b → ff92cc90
2026-05-23 14:52:12,072 INFO [T42] leaf pattern=038950???? got=8 saved=8
2026-05-23 14:52:12,199 INFO [T22] leaf pattern=038952???? got=6 saved=6
2026-05-23 14:52:12,246 INFO [T44] leaf pattern=038953???? got=13 saved=13
2026-05-23 14:52:12,301 INFO [T14] leaf pattern=038954???? got=15 saved=15
2026-05-23 14:52:12,407 INFO [T43] leaf pattern=038951???? got=12 saved=12
2026-05-23 14:52:12,504 INFO [T21] leaf pattern=038955???? got=3 saved=3
2026-05-23 14:52:12,538 INFO [T10] leaf pattern=038956???? got=7 saved=7
2026-05-23 14:52:12,751 INFO [T13] leaf pattern=038957???? got=15 saved=15
2026-05-23 14:52:12,804 INFO [T19] leaf pattern=038958???? got=9 saved=9
2026-05-23 14:52:12,842 INFO [T29] leaf pattern=038959???? got=7 saved=7
2026-05-23 14:52:12,864 INFO [T34] leaf pattern=038960???? got=12 saved=12
2026-05-23 14:52:12,908 INFO [T28] leaf pattern=038963???? got=5 saved=5
2026-05-23 14:52:12,913 INFO [T32] leaf pattern=038961???? got=12 saved=12
2026-05-23 14:52:12,932 INFO [T25] leaf pattern=038962???? got=3 saved=3
2026-05-23 14:52:13,100 INFO [T16] leaf pattern=038965???? got=16 saved=16
2026-05-23 14:52:13,238 INFO [T9] leaf pattern=038966???? got=2 saved=2
2026-05-23 14:52:13,320 INFO [T7] leaf pattern=038968???? got=5 saved=5
2026-05-23 14:52:13,339 INFO [T12] leaf pattern=038967???? got=10 saved=10
2026-05-23 14:52:13,355 INFO [T8] leaf pattern=038964???? got=15 saved=15
2026-05-23 14:52:13,413 INFO [T50] leaf pattern=038969???? got=6 saved=6
2026-05-23 14:52:13,486 INFO [T3] leaf pattern=038971???? got=11 saved=11
2026-05-23 14:52:13,491 INFO [T47] leaf pattern=038972???? got=8 saved=8
2026-05-23 14:52:13,581 INFO [T4] leaf pattern=038974???? got=12 saved=12
2026-05-23 14:52:13,585 INFO [T18] leaf pattern=038973???? got=15 saved=15
2026-05-23 14:52:13,673 INFO [T49] expand pattern=038214???? got=31 ≥ 30 → split into 10 children
2026-05-23 14:52:13,681 INFO [T33] leaf pattern=038975???? got=12 saved=12
2026-05-23 14:52:13,814 INFO [T46] leaf pattern=038977???? got=4 saved=4
2026-05-23 14:52:13,870 INFO [T36] leaf pattern=038976???? got=6 saved=6
2026-05-23 14:52:14,011 INFO [T1] leaf pattern=038980???? got=7 saved=7
2026-05-23 14:52:14,016 INFO [T31] leaf pattern=038978???? got=7 saved=7
2026-05-23 14:52:14,162 INFO [T24] leaf pattern=038983???? got=4 saved=4
2026-05-23 14:52:14,177 INFO [T27] leaf pattern=038982???? got=7 saved=7
2026-05-23 14:52:14,185 INFO [T48] leaf pattern=038981???? got=8 saved=8
2026-05-23 14:52:14,351 INFO [T5] leaf pattern=038970???? got=6 saved=6
2026-05-23 14:52:14,370 INFO [T15] leaf pattern=038984???? got=8 saved=8
2026-05-23 14:52:14,444 INFO [T45] leaf pattern=038979???? got=4 saved=4
2026-05-23 14:52:14,504 INFO [T30] leaf pattern=038986???? got=5 saved=5
2026-05-23 14:52:14,562 INFO [T2] leaf pattern=038988???? got=0 saved=0
2026-05-23 14:52:14,703 INFO [T37] D1N refreshed d9eb6bcc064f1d55…
2026-05-23 14:52:14,729 INFO [T39] leaf pattern=038989???? got=0 saved=0
2026-05-23 14:52:14,743 INFO [T20] leaf pattern=036891???? got=1 saved=1
2026-05-23 14:52:14,763 INFO [T38] leaf pattern=036890???? got=4 saved=4
2026-05-23 14:52:14,770 INFO [T41] leaf pattern=036892???? got=9 saved=9
2026-05-23 14:52:14,854 INFO [T6] leaf pattern=038987???? got=9 saved=9
2026-05-23 14:52:14,859 INFO [T35] leaf pattern=036893???? got=7 saved=7
2026-05-23 14:52:14,874 INFO [T26] leaf pattern=036894???? got=16 saved=16
2026-05-23 14:52:14,879 INFO [T23] leaf pattern=036895???? got=26 saved=26
2026-05-23 14:52:14,898 INFO [T17] leaf pattern=036896???? got=13 saved=13
2026-05-23 14:52:14,958 INFO [T11] leaf pattern=036897???? got=24 saved=24
2026-05-23 14:52:15,021 INFO [T42] leaf pattern=036898???? got=14 saved=14
2026-05-23 14:52:15,114 INFO [T44] leaf pattern=038910???? got=4 saved=4
2026-05-23 14:52:15,170 INFO [T14] leaf pattern=038911???? got=3 saved=3
2026-05-23 14:52:15,393 INFO [T43] leaf pattern=038912???? got=9 saved=9
2026-05-23 14:52:15,443 INFO [T21] leaf pattern=038913???? got=3 saved=3
2026-05-23 14:52:15,452 INFO [T22] leaf pattern=036899???? got=4 saved=4
2026-05-23 14:52:15,523 INFO [T10] leaf pattern=038914???? got=13 saved=13
2026-05-23 14:52:15,694 INFO [T13] leaf pattern=038915???? got=12 saved=12
2026-05-23 14:52:15,796 INFO [T28] leaf pattern=038919???? got=4 saved=4
2026-05-23 14:52:15,802 INFO [T34] leaf pattern=038918???? got=10 saved=10
2026-05-23 14:52:15,832 INFO [T25] leaf pattern=038991???? got=5 saved=5
2026-05-23 14:52:15,836 INFO [T29] leaf pattern=038917???? got=17 saved=17
2026-05-23 14:52:15,925 INFO [T32] leaf pattern=038990???? got=4 saved=4
2026-05-23 14:52:15,999 INFO [T19] leaf pattern=038916???? got=5 saved=5
2026-05-23 14:52:16,154 INFO [T9] leaf pattern=038993???? got=2 saved=2
2026-05-23 14:52:16,249 INFO [T8] leaf pattern=038996???? got=3 saved=3
2026-05-23 14:52:16,265 INFO [T7] leaf pattern=038994???? got=9 saved=9
2026-05-23 14:52:16,349 INFO [T16] leaf pattern=038992???? got=6 saved=6
2026-05-23 14:52:16,358 INFO [T47] leaf pattern=038999???? got=0 saved=0
2026-05-23 14:52:16,433 INFO [T3] leaf pattern=038998???? got=1 saved=1
2026-05-23 14:52:16,536 INFO [T4] leaf pattern=038830???? got=4 saved=4
2026-05-23 14:52:16,551 INFO [T12] leaf pattern=038995???? got=7 saved=7
2026-05-23 14:52:16,577 INFO [T33] leaf pattern=038833???? got=0 saved=0
2026-05-23 14:52:16,594 INFO [T50] leaf pattern=038997???? got=7 saved=7
2026-05-23 14:52:16,609 INFO [T49] leaf pattern=038832???? got=2 saved=2
2026-05-23 14:52:16,617 INFO [T18] leaf pattern=038831???? got=2 saved=2
2026-05-23 14:52:16,739 INFO [T46] leaf pattern=038834???? got=6 saved=6
2026-05-23 14:52:16,789 INFO [T36] leaf pattern=038835???? got=5 saved=5
2026-05-23 14:52:16,921 INFO [T1] leaf pattern=038837???? got=7 saved=7
2026-05-23 14:52:17,073 INFO [T27] leaf pattern=038839???? got=7 saved=7
2026-05-23 14:52:17,144 INFO [T31] leaf pattern=038836???? got=4 saved=4
2026-05-23 14:52:17,167 INFO [T24] leaf pattern=038838???? got=1 saved=1
2026-05-23 14:52:17,244 INFO [T48] leaf pattern=038840???? got=6 saved=6
2026-05-23 14:52:17,247 INFO [T15] leaf pattern=038842???? got=4 saved=4
2026-05-23 14:52:17,401 INFO [T5] leaf pattern=038841???? got=4 saved=4
2026-05-23 14:52:17,418 INFO [T45] leaf pattern=038843???? got=8 saved=8
2026-05-23 14:52:17,589 INFO [T41] leaf pattern=038849???? got=11 saved=11
2026-05-23 14:52:17,633 INFO [T39] leaf pattern=038846???? got=7 saved=7
2026-05-23 14:52:17,686 INFO [T35] leaf pattern=038821???? got=10 saved=10
2026-05-23 14:52:17,708 INFO [T38] leaf pattern=038848???? got=4 saved=4
2026-05-23 14:52:17,721 INFO [T30] leaf pattern=038844???? got=2 saved=2
2026-05-23 14:52:17,748 INFO [T6] leaf pattern=038820???? got=5 saved=5
2026-05-23 14:52:17,753 INFO [T23] leaf pattern=038823???? got=4 saved=4
2026-05-23 14:52:17,932 INFO [T42] leaf pattern=038826???? got=3 saved=3
2026-05-23 14:52:17,947 INFO [T11] leaf pattern=038825???? got=4 saved=4
2026-05-23 14:52:17,968 INFO [T26] leaf pattern=038822???? got=1 saved=1
2026-05-23 14:52:17,982 INFO [T44] leaf pattern=038827???? got=1 saved=1
2026-05-23 14:52:17,990 INFO [T17] leaf pattern=038824???? got=3 saved=3
2026-05-23 14:52:18,012 INFO [T2] leaf pattern=038845???? got=7 saved=7
2026-05-23 14:52:18,078 INFO [T14] leaf pattern=038828???? got=4 saved=4
2026-05-23 14:52:18,362 INFO [T43] leaf pattern=038829???? got=4 saved=4
2026-05-23 14:52:18,414 INFO [T21] leaf pattern=038940???? got=19 saved=19
2026-05-23 14:52:18,427 INFO [T22] leaf pattern=038941???? got=16 saved=16
2026-05-23 14:52:18,455 INFO [T10] leaf pattern=038942???? got=13 saved=13
2026-05-23 14:52:18,596 INFO [T13] leaf pattern=038943???? got=22 saved=22
2026-05-23 14:52:18,614 INFO [T20] leaf pattern=038847???? got=16 saved=16
2026-05-23 14:52:18,686 INFO [T28] leaf pattern=038944???? got=6 saved=6
2026-05-23 14:52:18,701 INFO [T37] leaf pattern=038222???? got=0 saved=0
2026-05-23 14:52:18,739 INFO [T25] leaf pattern=038946???? got=15 saved=15
2026-05-23 14:52:18,785 INFO [T34] leaf pattern=038945???? got=12 saved=12
2026-05-23 14:52:18,845 INFO [T32] leaf pattern=038948???? got=12 saved=12
2026-05-23 14:52:18,932 INFO [T29] leaf pattern=038947???? got=22 saved=22
2026-05-23 14:52:18,946 INFO [T19] leaf pattern=038949???? got=17 saved=17
2026-05-23 14:52:19,074 INFO [T9] leaf pattern=038420???? got=8 saved=8
2026-05-23 14:52:19,196 INFO [T8] leaf pattern=038421???? got=15 saved=15
2026-05-23 14:52:19,199 INFO [T7] leaf pattern=038422???? got=8 saved=8
2026-05-23 14:52:19,359 INFO [T3] leaf pattern=038425???? got=14 saved=14
2026-05-23 14:52:19,507 INFO [T16] leaf pattern=038423???? got=11 saved=11
2026-05-23 14:52:19,536 INFO [T4] leaf pattern=038426???? got=15 saved=15
2026-05-23 14:52:19,541 INFO [T33] leaf pattern=038428???? got=20 saved=20
2026-05-23 14:52:19,550 INFO [T49] leaf pattern=038440???? got=8 saved=8
2026-05-23 14:52:19,555 INFO [T12] leaf pattern=038427???? got=15 saved=15
2026-05-23 14:52:19,575 INFO [T50] leaf pattern=038429???? got=14 saved=14
2026-05-23 14:52:19,591 INFO [T18] leaf pattern=038441???? got=12 saved=12
2026-05-23 14:52:19,649 INFO [T46] leaf pattern=038442???? got=10 saved=10
2026-05-23 14:52:19,809 INFO [T36] leaf pattern=038443???? got=12 saved=12
2026-05-23 14:52:19,992 INFO [T27] leaf pattern=038445???? got=7 saved=7
2026-05-23 14:52:20,058 INFO [T24] leaf pattern=038447???? got=7 saved=7
2026-05-23 14:52:20,066 INFO [T1] leaf pattern=038444???? got=0 saved=0
2026-05-23 14:52:20,092 INFO [T31] leaf pattern=038446???? got=15 saved=15
2026-05-23 14:52:20,158 INFO [T48] leaf pattern=038448???? got=2 saved=2
2026-05-23 14:52:20,179 INFO [T15] leaf pattern=038449???? got=15 saved=15
2026-05-23 14:52:20,386 INFO [T5] leaf pattern=038460???? got=16 saved=16
2026-05-23 14:52:20,569 INFO [T47] leaf pattern=038424???? got=16 saved=16
2026-05-23 14:52:20,574 INFO [T39] leaf pattern=038463???? got=15 saved=15
2026-05-23 14:52:20,612 INFO [T41] leaf pattern=038462???? got=17 saved=17
2026-05-23 14:52:20,617 INFO [T35] leaf pattern=038464???? got=12 saved=12
2026-05-23 14:52:20,627 INFO [T38] leaf pattern=038465???? got=14 saved=14
2026-05-23 14:52:20,670 INFO [T23] leaf pattern=038467???? got=16 saved=16
2026-05-23 14:52:20,679 INFO [T6] leaf pattern=038468???? got=13 saved=13
2026-05-23 14:52:20,712 INFO [T45] leaf pattern=038461???? got=11 saved=11
2026-05-23 14:52:20,784 INFO [T30] leaf pattern=038466???? got=5 saved=5
2026-05-23 14:52:20,883 INFO [T42] leaf pattern=038469???? got=18 saved=18
2026-05-23 14:52:20,908 INFO [T2] leaf pattern=038474???? got=8 saved=8
2026-05-23 14:52:20,917 INFO [T44] leaf pattern=038472???? got=17 saved=17
2026-05-23 14:52:20,946 INFO [T26] leaf pattern=038471???? got=18 saved=18
2026-05-23 14:52:21,014 INFO [T17] leaf pattern=038473???? got=11 saved=11
2026-05-23 14:52:21,024 INFO [T14] leaf pattern=038475???? got=15 saved=15
2026-05-23 14:52:21,373 INFO [T22] leaf pattern=038478???? got=11 saved=11
2026-05-23 14:52:21,426 INFO [T10] leaf pattern=038479???? got=16 saved=16
2026-05-23 14:52:21,438 INFO [T21] leaf pattern=038477???? got=6 saved=6
2026-05-23 14:52:21,503 INFO [T20] leaf pattern=038481???? got=12 saved=12
2026-05-23 14:52:21,538 INFO [T13] leaf pattern=038480???? got=15 saved=15
2026-05-23 14:52:21,564 INFO [T43] leaf pattern=038476???? got=22 saved=22
2026-05-23 14:52:21,643 INFO [T28] leaf pattern=038482???? got=7 saved=7
2026-05-23 14:52:21,780 INFO [T25] leaf pattern=038484???? got=3 saved=3
2026-05-23 14:52:21,788 INFO [T37] leaf pattern=038483???? got=12 saved=12
2026-05-23 14:52:21,802 INFO [T34] leaf pattern=038485???? got=14 saved=14
2026-05-23 14:52:21,828 INFO [T32] leaf pattern=038486???? got=8 saved=8
2026-05-23 14:52:21,851 INFO [T19] leaf pattern=038488???? got=3 saved=3
2026-05-23 14:52:21,942 INFO [T11] leaf pattern=038470???? got=14 saved=14
2026-05-23 14:52:21,959 INFO [T29] leaf pattern=038487???? got=7 saved=7
2026-05-23 14:52:22,036 INFO [T9] leaf pattern=038489???? got=9 saved=9
2026-05-23 14:52:22,113 INFO [T8] leaf pattern=038410???? got=11 saved=11
2026-05-23 14:52:22,141 INFO [T7] leaf pattern=038411???? got=8 saved=8
2026-05-23 14:52:22,300 INFO [T3] leaf pattern=038412???? got=8 saved=8
2026-05-23 14:52:22,421 INFO [T49] leaf pattern=038416???? got=19 saved=19
2026-05-23 14:52:22,462 INFO [T4] leaf pattern=038414???? got=18 saved=18
2026-05-23 14:52:22,534 INFO [T12] leaf pattern=038417???? got=25 saved=25
2026-05-23 14:52:22,540 INFO [T46] leaf pattern=038430???? got=13 saved=13
2026-05-23 14:52:22,565 INFO [T18] leaf pattern=038419???? got=13 saved=13
2026-05-23 14:52:22,575 INFO [T50] leaf pattern=038418???? got=9 saved=9
2026-05-23 14:52:22,681 INFO [T33] leaf pattern=038415???? got=10 saved=10
2026-05-23 14:52:22,738 INFO [T36] leaf pattern=038431???? got=9 saved=9
2026-05-23 14:52:22,922 INFO [T16] leaf pattern=038413???? got=19 saved=19
2026-05-23 14:52:22,972 INFO [T27] leaf pattern=038432???? got=15 saved=15
2026-05-23 14:52:23,002 INFO [T31] leaf pattern=038435???? got=11 saved=11
2026-05-23 14:52:23,011 INFO [T24] leaf pattern=038433???? got=6 saved=6
2026-05-23 14:52:23,043 INFO [T15] leaf pattern=038437???? got=13 saved=13
2026-05-23 14:52:23,120 INFO [T48] leaf pattern=038436???? got=7 saved=7
2026-05-23 14:52:23,323 INFO [T1] leaf pattern=038434???? got=11 saved=11
2026-05-23 14:52:23,362 INFO [T5] leaf pattern=038438???? got=10 saved=10
2026-05-23 14:52:23,454 INFO [T39] leaf pattern=038400???? got=7 saved=7
2026-05-23 14:52:23,468 INFO [T47] leaf pattern=038439???? got=10 saved=10
2026-05-23 14:52:23,500 INFO [T41] leaf pattern=038401???? got=17 saved=17
2026-05-23 14:52:23,545 INFO [T38] leaf pattern=038403???? got=19 saved=19
2026-05-23 14:52:23,582 INFO [T23] leaf pattern=038404???? got=15 saved=15
2026-05-23 14:52:23,611 INFO [T6] leaf pattern=038405???? got=19 saved=19
2026-05-23 14:52:23,716 INFO [T45] leaf pattern=038406???? got=10 saved=10
2026-05-23 14:52:23,761 INFO [T30] leaf pattern=038407???? got=12 saved=12
2026-05-23 14:52:23,804 INFO [T2] leaf pattern=038409???? got=14 saved=14
2026-05-23 14:52:23,828 INFO [T44] leaf pattern=038450???? got=17 saved=17
2026-05-23 14:52:23,840 INFO [T35] leaf pattern=038402???? got=12 saved=12
2026-05-23 14:52:23,851 INFO [T42] leaf pattern=038408???? got=8 saved=8
2026-05-23 14:52:23,956 INFO [T14] leaf pattern=038453???? got=15 saved=15
2026-05-23 14:52:24,181 INFO [T17] leaf pattern=038452???? got=22 saved=22
2026-05-23 14:52:24,224 INFO [T26] leaf pattern=038451???? got=15 saved=15
2026-05-23 14:52:24,292 INFO [T22] leaf pattern=038454???? got=18 saved=18
2026-05-23 14:52:24,342 INFO [T21] leaf pattern=038456???? got=8 saved=8
2026-05-23 14:52:24,393 INFO [T20] leaf pattern=038457???? got=17 saved=17
2026-05-23 14:52:24,430 INFO [T10] leaf pattern=038455???? got=9 saved=9
2026-05-23 14:52:24,475 INFO [T13] leaf pattern=038458???? got=7 saved=7
2026-05-23 14:52:24,555 INFO [T37] leaf pattern=036612???? got=4 saved=4
2026-05-23 14:52:24,591 INFO [T25] leaf pattern=036611???? got=1 saved=1
2026-05-23 14:52:24,615 INFO [T43] leaf pattern=038459???? got=14 saved=14
2026-05-23 14:52:24,637 INFO [T28] leaf pattern=036610???? got=8 saved=8
2026-05-23 14:52:24,741 INFO [T34] leaf pattern=036613???? got=10 saved=10
2026-05-23 14:52:24,791 INFO [T32] leaf pattern=036614???? got=6 saved=6
2026-05-23 14:52:24,797 INFO [T19] leaf pattern=036615???? got=2 saved=2
2026-05-23 14:52:24,890 INFO [T11] leaf pattern=036616???? got=10 saved=10
2026-05-23 14:52:24,939 INFO [T29] leaf pattern=036617???? got=9 saved=9
2026-05-23 14:52:25,124 INFO [T8] leaf pattern=036619???? got=5 saved=5
2026-05-23 14:52:25,132 INFO [T7] leaf pattern=036600???? got=1 saved=1
2026-05-23 14:52:25,223 INFO [T9] leaf pattern=036618???? got=6 saved=6
2026-05-23 14:52:25,323 INFO [T49] leaf pattern=036602???? got=8 saved=8
2026-05-23 14:52:25,444 INFO [T46] leaf pattern=036605???? got=17 saved=17
2026-05-23 14:52:25,485 INFO [T4] leaf pattern=036603???? got=10 saved=10
2026-05-23 14:52:25,499 INFO [T12] leaf pattern=036604???? got=19 saved=19
2026-05-23 14:52:25,530 INFO [T3] leaf pattern=036601???? got=8 saved=8
2026-05-23 14:52:25,555 INFO [T50] leaf pattern=036607???? got=15 saved=15
2026-05-23 14:52:25,588 INFO [T18] leaf pattern=036606???? got=10 saved=10
2026-05-23 14:52:25,617 INFO [T33] leaf pattern=036608???? got=13 saved=13
2026-05-23 14:52:25,721 INFO [T36] leaf pattern=036609???? got=15 saved=15
2026-05-23 14:52:25,889 INFO [T27] leaf pattern=036651???? got=1 saved=1
2026-05-23 14:52:25,907 INFO [T24] leaf pattern=036653???? got=4 saved=4
2026-05-23 14:52:25,966 INFO [T15] leaf pattern=036654???? got=4 saved=4
2026-05-23 14:52:25,982 INFO [T31] leaf pattern=036652???? got=7 saved=7
2026-05-23 14:52:26,145 INFO [T48] leaf pattern=036655???? got=0 saved=0
2026-05-23 14:52:26,184 INFO [T16] leaf pattern=036650???? got=1 saved=1
2026-05-23 14:52:26,209 INFO [T1] leaf pattern=036656???? got=3 saved=3
2026-05-23 14:52:26,360 INFO [T5] leaf pattern=036657???? got=7 saved=7
2026-05-23 14:52:26,378 INFO [T47] leaf pattern=036659???? got=5 saved=5
2026-05-23 14:52:26,391 INFO [T39] leaf pattern=036658???? got=10 saved=10
2026-05-23 14:52:26,438 INFO [T41] leaf pattern=036680???? got=8 saved=8
2026-05-23 14:52:26,453 INFO [T38] leaf pattern=036681???? got=2 saved=2
2026-05-23 14:52:26,467 INFO [T23] leaf pattern=036682???? got=5 saved=5
2026-05-23 14:52:26,552 INFO [T6] leaf pattern=036683???? got=5 saved=5
2026-05-23 14:52:26,715 INFO [T35] leaf pattern=036688???? got=0 saved=0
2026-05-23 14:52:26,727 INFO [T2] leaf pattern=036686???? got=0 saved=0
2026-05-23 14:52:26,736 INFO [T44] leaf pattern=036687???? got=5 saved=5
2026-05-23 14:52:26,755 INFO [T42] leaf pattern=036689???? got=5 saved=5
2026-05-23 14:52:26,898 INFO [T14] leaf pattern=036630???? got=5 saved=5
2026-05-23 14:52:26,968 INFO [T45] leaf pattern=036684???? got=4 saved=4
2026-05-23 14:52:27,093 INFO [T17] leaf pattern=036631???? got=9 saved=9
2026-05-23 14:52:27,133 INFO [T30] leaf pattern=036685???? got=2 saved=2
2026-05-23 14:52:27,156 INFO [T26] leaf pattern=036632???? got=13 saved=13
2026-05-23 14:52:27,259 INFO [T20] leaf pattern=036635???? got=15 saved=15
2026-05-23 14:52:27,272 INFO [T22] leaf pattern=036633???? got=0 saved=0
2026-05-23 14:52:27,288 INFO [T21] leaf pattern=036634???? got=20 saved=20
2026-05-23 14:52:27,450 INFO [T13] leaf pattern=036637???? got=8 saved=8
2026-05-23 14:52:27,455 INFO [T10] leaf pattern=036636???? got=4 saved=4
2026-05-23 14:52:27,459 INFO [T37] leaf pattern=036638???? got=2 saved=2
2026-05-23 14:52:27,583 INFO [T28] leaf pattern=038491???? got=9 saved=9
2026-05-23 14:52:27,588 INFO [T25] leaf pattern=036639???? got=2 saved=2
2026-05-23 14:52:27,664 INFO [T34] leaf pattern=038492???? got=9 saved=9
2026-05-23 14:52:27,807 INFO [T32] leaf pattern=038493???? got=10 saved=10
2026-05-23 14:52:27,842 INFO [T19] leaf pattern=038494???? got=17 saved=17
2026-05-23 14:52:27,900 INFO [T29] leaf pattern=038496???? got=19 saved=19
2026-05-23 14:52:27,926 INFO [T11] leaf pattern=038495???? got=8 saved=8
2026-05-23 14:52:27,995 INFO [T43] leaf pattern=038490???? got=16 saved=16
2026-05-23 14:52:28,030 INFO [T8] leaf pattern=038498???? got=12 saved=12
2026-05-23 14:52:28,100 INFO [T7] leaf pattern=038497???? got=13 saved=13
2026-05-23 14:52:28,135 INFO [T9] leaf pattern=038499???? got=6 saved=6
2026-05-23 14:52:28,228 INFO [T49] leaf pattern=0860?????? got=0 saved=0
2026-05-23 14:52:28,411 INFO [T46] leaf pattern=0861?????? got=0 saved=0
2026-05-23 14:52:28,426 WARNING [T40] ReadTimeout attempt=1/3 pattern=038985????: HTTPSConnectionPool(host='vietteltelecom.vn', port=443): Read timed out. (read timeout=15)
2026-05-23 14:52:28,427 INFO [T40] rotate IP 06073abb → a08e8f4c
2026-05-23 14:52:28,439 INFO [T3] leaf pattern=0864?????? got=0 saved=0
2026-05-23 14:52:28,444 INFO [T12] leaf pattern=0863?????? got=0 saved=0
2026-05-23 14:52:28,527 INFO [T4] expand pattern=0862?????? got=49 ≥ 30 → split into 10 children
2026-05-23 14:52:28,545 INFO [T18] expand pattern=0866?????? got=47 ≥ 30 → split into 10 children
2026-05-23 14:52:28,560 INFO [T50] expand pattern=0865?????? got=49 ≥ 30 → split into 10 children
2026-05-23 14:52:28,653 INFO [T33] expand pattern=0867?????? got=48 ≥ 30 → split into 10 children
2026-05-23 14:52:28,690 INFO [T36] expand pattern=0868?????? got=46 ≥ 30 → split into 10 children
2026-05-23 14:52:28,805 INFO [T27] expand pattern=0869?????? got=50 ≥ 30 → split into 10 children
2026-05-23 14:52:28,887 INFO [T15] leaf pattern=036221???? got=5 saved=5
2026-05-23 14:52:28,905 INFO [T31] leaf pattern=036222???? got=0 saved=0
2026-05-23 14:52:29,074 INFO [T48] leaf pattern=036223???? got=2 saved=2
2026-05-23 14:52:29,088 INFO [T24] leaf pattern=036220???? got=5 saved=5
2026-05-23 14:52:29,115 INFO [T1] leaf pattern=036225???? got=7 saved=7
2026-05-23 14:52:29,225 INFO [T5] leaf pattern=036226???? got=6 saved=6
2026-05-23 14:52:29,258 INFO [T39] leaf pattern=036228???? got=8 saved=8
2026-05-23 14:52:29,320 INFO [T38] leaf pattern=036200???? got=0 saved=0
2026-05-23 14:52:29,379 INFO [T23] leaf pattern=036201???? got=18 saved=18
2026-05-23 14:52:29,384 INFO [T47] leaf pattern=036227???? got=5 saved=5
2026-05-23 14:52:29,411 INFO [T41] leaf pattern=036229???? got=9 saved=9
2026-05-23 14:52:29,441 INFO [T16] leaf pattern=036224???? got=9 saved=9
2026-05-23 14:52:29,487 INFO [T6] leaf pattern=036202???? got=16 saved=16
2026-05-23 14:52:29,616 INFO [T35] leaf pattern=036203???? got=15 saved=15
2026-05-23 14:52:29,620 INFO [T44] leaf pattern=036205???? got=11 saved=11
2026-05-23 14:52:29,655 INFO [T42] leaf pattern=036206???? got=18 saved=18
2026-05-23 14:52:29,708 INFO [T2] leaf pattern=036204???? got=22 saved=22
2026-05-23 14:52:29,843 INFO [T14] leaf pattern=036207???? got=12 saved=12
2026-05-23 14:52:29,984 INFO [T45] leaf pattern=036208???? got=13 saved=13
2026-05-23 14:52:30,046 INFO [T26] leaf pattern=036271???? got=10 saved=10
2026-05-23 14:52:30,051 INFO [T17] leaf pattern=036209???? got=12 saved=12
2026-05-23 14:52:30,155 INFO [T20] leaf pattern=036272???? got=9 saved=9
2026-05-23 14:52:30,218 INFO [T21] leaf pattern=036274???? got=18 saved=18
2026-05-23 14:52:30,232 INFO [T22] leaf pattern=036273???? got=16 saved=16
2026-05-23 14:52:30,338 INFO [T13] leaf pattern=036275???? got=12 saved=12
2026-05-23 14:52:30,355 INFO [T37] leaf pattern=036277???? got=10 saved=10
2026-05-23 14:52:30,393 INFO [T30] leaf pattern=036270???? got=8 saved=8
2026-05-23 14:52:30,410 INFO [T28] leaf pattern=036278???? got=17 saved=17
2026-05-23 14:52:30,481 INFO [T25] leaf pattern=036279???? got=11 saved=11
2026-05-23 14:52:30,669 INFO [T34] leaf pattern=036250???? got=6 saved=6
2026-05-23 14:52:30,743 INFO [T32] leaf pattern=036251???? got=7 saved=7
2026-05-23 14:52:30,893 INFO [T11] leaf pattern=036254???? got=10 saved=10
2026-05-23 14:52:30,907 INFO [T19] leaf pattern=036252???? got=6 saved=6
2026-05-23 14:52:30,970 INFO [T8] leaf pattern=036256???? got=1 saved=1
2026-05-23 14:52:31,038 INFO [T43] leaf pattern=036255???? got=2 saved=2
2026-05-23 14:52:31,054 INFO [T7] leaf pattern=036257???? got=7 saved=7
2026-05-23 14:52:31,058 INFO [T29] leaf pattern=036253???? got=9 saved=9
2026-05-23 14:52:31,087 INFO [T9] leaf pattern=036258???? got=7 saved=7
2026-05-23 14:52:31,106 INFO [T49] leaf pattern=036259???? got=11 saved=11
2026-05-23 14:52:31,222 INFO [T40] D1N refreshed e167d338c3e3b71b…
2026-05-23 14:52:31,278 INFO [T46] leaf pattern=036240???? got=11 saved=11
2026-05-23 14:52:31,514 INFO [T50] leaf pattern=036244???? got=3 saved=3
2026-05-23 14:52:31,525 INFO [T4] leaf pattern=036243???? got=13 saved=13
2026-05-23 14:52:31,554 INFO [T18] leaf pattern=036245???? got=4 saved=4
2026-05-23 14:52:31,568 INFO [T33] leaf pattern=036246???? got=6 saved=6
2026-05-23 14:52:31,616 INFO [T36] leaf pattern=036247???? got=14 saved=14
2026-05-23 14:52:31,630 INFO [T3] leaf pattern=036241???? got=8 saved=8
2026-05-23 14:52:31,654 INFO [T12] leaf pattern=036242???? got=9 saved=9
2026-05-23 14:52:31,720 INFO [T10] leaf pattern=036276???? got=10 saved=10
2026-05-23 14:52:31,767 INFO [T27] leaf pattern=036248???? got=10 saved=10
2026-05-23 14:52:31,811 INFO [T15] leaf pattern=036249???? got=12 saved=12
2026-05-23 14:52:31,878 INFO [T31] leaf pattern=036260???? got=7 saved=7
2026-05-23 14:52:31,998 INFO [T48] leaf pattern=036261???? got=3 saved=3
2026-05-23 14:52:32,018 INFO [T1] leaf pattern=036263???? got=6 saved=6
2026-05-23 14:52:32,033 INFO [T24] leaf pattern=036262???? got=1 saved=1
2026-05-23 14:52:32,208 INFO [T5] leaf pattern=036264???? got=6 saved=6
2026-05-23 14:52:32,242 INFO [T38] leaf pattern=036266???? got=4 saved=4
2026-05-23 14:52:32,255 INFO [T39] leaf pattern=036265???? got=12 saved=12
2026-05-23 14:52:32,319 INFO [T23] leaf pattern=036267???? got=9 saved=9
2026-05-23 14:52:32,363 INFO [T47] leaf pattern=036268???? got=2 saved=2
2026-05-23 14:52:32,378 INFO [T41] leaf pattern=036269???? got=8 saved=8
2026-05-23 14:52:32,448 INFO [T6] leaf pattern=036291???? got=10 saved=10
2026-05-23 14:52:32,504 INFO [T35] leaf pattern=036292???? got=8 saved=8
2026-05-23 14:52:32,572 INFO [T44] leaf pattern=036293???? got=13 saved=13
2026-05-23 14:52:32,588 INFO [T42] leaf pattern=036294???? got=14 saved=14
2026-05-23 14:52:32,700 INFO [T2] leaf pattern=036295???? got=12 saved=12
2026-05-23 14:52:32,704 INFO [T14] leaf pattern=036296???? got=6 saved=6
2026-05-23 14:52:32,810 INFO [T16] leaf pattern=036290???? got=12 saved=12
2026-05-23 14:52:32,951 INFO [T17] leaf pattern=036299???? got=1 saved=1
2026-05-23 14:52:33,015 INFO [T26] leaf pattern=036298???? got=10 saved=10
2026-05-23 14:52:33,031 INFO [T45] leaf pattern=036297???? got=6 saved=6
2026-05-23 14:52:33,268 INFO [T21] leaf pattern=036281???? got=10 saved=10
2026-05-23 14:52:33,273 INFO [T22] leaf pattern=036282???? got=3 saved=3
2026-05-23 14:52:33,366 INFO [T28] leaf pattern=036286???? got=7 saved=7
2026-05-23 14:52:33,377 INFO [T20] leaf pattern=036280???? got=14 saved=14
2026-05-23 14:52:33,381 INFO [T13] leaf pattern=036283???? got=13 saved=13
2026-05-23 14:52:33,412 INFO [T25] leaf pattern=036287???? got=12 saved=12
2026-05-23 14:52:33,446 INFO [T37] leaf pattern=036284???? got=15 saved=15
2026-05-23 14:52:33,644 INFO [T34] leaf pattern=036288???? got=2 saved=2
2026-05-23 14:52:33,741 INFO [T32] leaf pattern=036289???? got=9 saved=9
2026-05-23 14:52:33,788 INFO [T19] leaf pattern=036231???? got=8 saved=8
2026-05-23 14:52:33,879 INFO [T7] leaf pattern=036234???? got=7 saved=7
2026-05-23 14:52:33,894 INFO [T43] leaf pattern=036233???? got=5 saved=5
2026-05-23 14:52:33,903 INFO [T8] leaf pattern=036232???? got=4 saved=4
2026-05-23 14:52:33,918 INFO [T11] leaf pattern=036230???? got=8 saved=8
2026-05-23 14:52:33,980 INFO [T29] leaf pattern=036235???? got=10 saved=10
2026-05-23 14:52:34,039 INFO [T9] leaf pattern=036236???? got=3 saved=3
2026-05-23 14:52:34,090 INFO [T30] leaf pattern=036285???? got=14 saved=14
2026-05-23 14:52:34,198 INFO [T46] leaf pattern=036238???? got=10 saved=10
2026-05-23 14:52:34,497 INFO [T33] leaf pattern=038702???? got=15 saved=15
2026-05-23 14:52:34,502 INFO [T50] leaf pattern=036239???? got=12 saved=12
2026-05-23 14:52:34,516 INFO [T4] leaf pattern=038700???? got=8 saved=8
2026-05-23 14:52:34,562 INFO [T18] leaf pattern=038701???? got=14 saved=14
2026-05-23 14:52:34,579 INFO [T36] leaf pattern=038703???? got=7 saved=7
2026-05-23 14:52:34,593 INFO [T12] leaf pattern=038705???? got=9 saved=9
2026-05-23 14:52:34,600 INFO [T3] leaf pattern=038704???? got=13 saved=13
2026-05-23 14:52:34,703 INFO [T15] leaf pattern=038708???? got=13 saved=13
2026-05-23 14:52:34,817 INFO [T31] leaf pattern=038709???? got=9 saved=9
2026-05-23 14:52:34,850 INFO [T27] leaf pattern=038707???? got=11 saved=11
2026-05-23 14:52:34,877 INFO [T10] leaf pattern=038706???? got=7 saved=7
2026-05-23 14:52:34,929 INFO [T24] leaf pattern=038732???? got=14 saved=14
2026-05-23 14:52:34,960 INFO [T48] leaf pattern=038730???? got=12 saved=12
2026-05-23 14:52:35,049 INFO [T5] leaf pattern=038733???? got=4 saved=4
2026-05-23 14:52:35,104 INFO [T1] leaf pattern=038731???? got=6 saved=6
2026-05-23 14:52:35,149 INFO [T39] leaf pattern=038735???? got=14 saved=14
2026-05-23 14:52:35,169 INFO [T38] leaf pattern=038734???? got=10 saved=10
2026-05-23 14:52:35,185 INFO [T23] leaf pattern=038736???? got=7 saved=7
2026-05-23 14:52:35,280 INFO [T47] leaf pattern=038737???? got=10 saved=10
2026-05-23 14:52:35,301 INFO [T40] leaf pattern=038985???? got=10 saved=10
2026-05-23 14:52:35,394 INFO [T6] leaf pattern=038739???? got=9 saved=9
2026-05-23 14:52:35,414 INFO [T35] leaf pattern=036210???? got=14 saved=14
2026-05-23 14:52:35,453 INFO [T49] leaf pattern=036237???? got=5 saved=5
2026-05-23 14:52:35,478 INFO [T42] leaf pattern=036212???? got=4 saved=4
2026-05-23 14:52:35,549 INFO [T44] leaf pattern=036211???? got=4 saved=4
2026-05-23 14:52:35,578 INFO [T41] leaf pattern=038738???? got=7 saved=7
2026-05-23 14:52:35,648 INFO [T2] leaf pattern=036213???? got=8 saved=8
2026-05-23 14:52:35,660 INFO [T14] leaf pattern=036214???? got=15 saved=15
2026-05-23 14:52:35,874 INFO [T16] leaf pattern=036215???? got=10 saved=10
2026-05-23 14:52:35,900 INFO [T17] leaf pattern=036216???? got=15 saved=15
2026-05-23 14:52:35,916 INFO [T26] leaf pattern=036217???? got=8 saved=8
2026-05-23 14:52:35,974 INFO [T45] leaf pattern=036218???? got=11 saved=11
2026-05-23 14:52:36,137 INFO [T21] leaf pattern=036219???? got=10 saved=10
2026-05-23 14:52:36,146 INFO [T22] leaf pattern=038740???? got=15 saved=15
2026-05-23 14:52:36,180 INFO [T20] leaf pattern=038743???? got=16 saved=16
2026-05-23 14:52:36,195 INFO [T28] leaf pattern=038741???? got=15 saved=15
2026-05-23 14:52:36,239 INFO [T13] leaf pattern=038742???? got=7 saved=7
2026-05-23 14:52:36,340 INFO [T25] leaf pattern=038744???? got=5 saved=5
2026-05-23 14:52:36,397 INFO [T37] leaf pattern=038745???? got=13 saved=13
2026-05-23 14:52:36,668 INFO [T34] leaf pattern=038746???? got=13 saved=13
2026-05-23 14:52:36,803 INFO [T19] leaf pattern=038748???? got=5 saved=5
2026-05-23 14:52:36,890 INFO [T8] leaf pattern=038711???? got=1 saved=1
2026-05-23 14:52:36,907 INFO [T7] leaf pattern=038749???? got=9 saved=9
2026-05-23 14:52:36,913 INFO [T32] leaf pattern=038747???? got=7 saved=7
2026-05-23 14:52:36,918 INFO [T43] leaf pattern=038710???? got=10 saved=10
2026-05-23 14:52:36,941 INFO [T11] leaf pattern=038712???? got=7 saved=7
2026-05-23 14:52:36,968 INFO [T29] leaf pattern=038713???? got=6 saved=6
2026-05-23 14:52:37,000 INFO [T9] leaf pattern=038714???? got=18 saved=18
2026-05-23 14:52:37,077 INFO [T46] leaf pattern=038716???? got=19 saved=19
2026-05-23 14:52:37,361 INFO [T33] leaf pattern=038717???? got=14 saved=14
2026-05-23 14:52:37,410 INFO [T50] leaf pattern=038718???? got=9 saved=9
2026-05-23 14:52:37,441 INFO [T4] leaf pattern=038719???? got=4 saved=4
2026-05-23 14:52:37,471 INFO [T30] leaf pattern=038715???? got=18 saved=18
2026-05-23 14:52:37,526 INFO [T12] leaf pattern=038752???? got=13 saved=13
2026-05-23 14:52:37,537 INFO [T3] leaf pattern=038753???? got=9 saved=9
2026-05-23 14:52:37,559 INFO [T18] leaf pattern=038750???? got=8 saved=8
2026-05-23 14:52:37,570 INFO [T15] leaf pattern=038754???? got=10 saved=10
2026-05-23 14:52:37,797 INFO [T31] leaf pattern=038755???? got=6 saved=6
2026-05-23 14:52:37,802 INFO [T27] leaf pattern=038756???? got=7 saved=7
2026-05-23 14:52:37,872 INFO [T24] leaf pattern=038758???? got=15 saved=15
2026-05-23 14:52:37,888 INFO [T10] leaf pattern=038757???? got=10 saved=10
2026-05-23 14:52:37,964 INFO [T48] leaf pattern=038759???? got=15 saved=15
2026-05-23 14:52:38,082 INFO [T23] leaf pattern=038764???? got=27 saved=27
2026-05-23 14:52:38,140 INFO [T38] leaf pattern=038763???? got=16 saved=16
2026-05-23 14:52:38,150 INFO [T1] leaf pattern=038761???? got=8 saved=8
2026-05-23 14:52:38,291 INFO [T5] leaf pattern=038760???? got=15 saved=15
2026-05-23 14:52:38,311 INFO [T40] leaf pattern=038766???? got=3 saved=3
2026-05-23 14:52:38,337 INFO [T47] leaf pattern=038765???? got=12 saved=12
2026-05-23 14:52:38,350 INFO [T49] leaf pattern=038769???? got=8 saved=8
2026-05-23 14:52:38,442 INFO [T6] leaf pattern=038767???? got=7 saved=7
2026-05-23 14:52:38,447 INFO [T41] leaf pattern=038722???? got=2 saved=2
2026-05-23 14:52:38,517 INFO [T39] leaf pattern=038762???? got=17 saved=17
2026-05-23 14:52:38,523 INFO [T44] leaf pattern=038721???? got=7 saved=7
2026-05-23 14:52:38,550 INFO [T2] leaf pattern=038723???? got=15 saved=15
2026-05-23 14:52:38,602 INFO [T14] leaf pattern=038724???? got=7 saved=7
2026-05-23 14:52:38,648 INFO [T36] leaf pattern=038751???? got=10 saved=10
2026-05-23 14:52:38,657 INFO [T35] leaf pattern=038768???? got=10 saved=10
2026-05-23 14:52:38,809 INFO [T17] leaf pattern=038726???? got=14 saved=14
2026-05-23 14:52:38,824 INFO [T26] leaf pattern=038727???? got=3 saved=3
2026-05-23 14:52:38,927 INFO [T16] leaf pattern=038725???? got=7 saved=7
2026-05-23 14:52:39,074 INFO [T45] leaf pattern=038728???? got=9 saved=9
2026-05-23 14:52:39,083 INFO [T21] leaf pattern=038729???? got=10 saved=10
2026-05-23 14:52:39,087 INFO [T42] leaf pattern=038720???? got=8 saved=8
2026-05-23 14:52:39,164 INFO [T28] leaf pattern=038772???? got=6 saved=6
2026-05-23 14:52:39,194 INFO [T22] leaf pattern=038770???? got=8 saved=8
2026-05-23 14:52:39,204 INFO [T20] leaf pattern=038771???? got=9 saved=9
2026-05-23 14:52:39,249 INFO [T13] leaf pattern=038773???? got=5 saved=5
2026-05-23 14:52:39,281 INFO [T37] leaf pattern=038775???? got=8 saved=8
2026-05-23 14:52:39,289 INFO [T25] leaf pattern=038774???? got=12 saved=12
2026-05-23 14:52:39,663 INFO [T34] leaf pattern=038776???? got=5 saved=5
2026-05-23 14:52:39,746 INFO [T19] leaf pattern=038777???? got=0 saved=0
2026-05-23 14:52:39,809 INFO [T7] leaf pattern=038779???? got=6 saved=6
2026-05-23 14:52:39,831 INFO [T8] leaf pattern=038778???? got=1 saved=1
2026-05-23 14:52:39,844 INFO [T11] leaf pattern=038782???? got=6 saved=6
2026-05-23 14:52:39,972 INFO [T9] leaf pattern=038784???? got=12 saved=12
2026-05-23 14:52:40,049 INFO [T46] leaf pattern=038785???? got=7 saved=7
2026-05-23 14:52:40,101 INFO [T32] leaf pattern=038780???? got=4 saved=4
2026-05-23 14:52:40,306 INFO [T33] leaf pattern=038786???? got=5 saved=5
2026-05-23 14:52:40,347 INFO [T29] leaf pattern=038783???? got=5 saved=5
2026-05-23 14:52:40,399 INFO [T43] leaf pattern=038781???? got=7 saved=7
2026-05-23 14:52:40,405 INFO [T50] leaf pattern=038787???? got=2 saved=2
2026-05-23 14:52:40,459 INFO [T12] leaf pattern=038790???? got=6 saved=6
2026-05-23 14:52:40,475 INFO [T4] leaf pattern=038788???? got=3 saved=3
2026-05-23 14:52:40,522 INFO [T15] leaf pattern=038793???? got=10 saved=10
2026-05-23 14:52:40,536 INFO [T18] leaf pattern=038792???? got=11 saved=11
2026-05-23 14:52:40,585 INFO [T3] leaf pattern=038791???? got=15 saved=15
2026-05-23 14:52:40,730 INFO [T24] leaf pattern=038796???? got=11 saved=11
2026-05-23 14:52:40,760 INFO [T31] leaf pattern=038794???? got=14 saved=14
2026-05-23 14:52:40,801 INFO [T10] leaf pattern=038797???? got=8 saved=8
2026-05-23 14:52:40,887 INFO [T48] leaf pattern=038798???? got=9 saved=9
2026-05-23 14:52:40,998 INFO [T38] leaf pattern=036900???? got=0 saved=0
2026-05-23 14:52:41,010 INFO [T23] leaf pattern=038799???? got=7 saved=7
2026-05-23 14:52:41,134 INFO [T27] leaf pattern=038795???? got=13 saved=13
2026-05-23 14:52:41,179 INFO [T5] leaf pattern=036902???? got=6 saved=6
2026-05-23 14:52:41,235 INFO [T47] leaf pattern=036904???? got=12 saved=12
2026-05-23 14:52:41,389 INFO [T49] leaf pattern=036905???? got=6 saved=6
2026-05-23 14:52:41,403 INFO [T6] leaf pattern=036906???? got=4 saved=4
2026-05-23 14:52:41,408 INFO [T41] leaf pattern=036907???? got=9 saved=9
2026-05-23 14:52:41,484 INFO [T39] leaf pattern=036908???? got=5 saved=5
2026-05-23 14:52:41,498 INFO [T44] leaf pattern=036909???? got=6 saved=6
2026-05-23 14:52:41,502 INFO [T14] leaf pattern=036911???? got=0 saved=0
2026-05-23 14:52:41,507 INFO [T1] leaf pattern=036901???? got=4 saved=4
2026-05-23 14:52:41,523 INFO [T2] leaf pattern=036910???? got=7 saved=7
2026-05-23 14:52:41,532 INFO [T40] leaf pattern=036903???? got=1 saved=1
2026-05-23 14:52:41,657 INFO [T30] leaf pattern=038789???? got=1 saved=1
2026-05-23 14:52:41,694 INFO [T36] leaf pattern=036912???? got=4 saved=4
2026-05-23 14:52:41,743 INFO [T26] leaf pattern=036915???? got=14 saved=14
2026-05-23 14:52:41,752 INFO [T35] leaf pattern=036913???? got=2 saved=2
2026-05-23 14:52:41,911 INFO [T42] leaf pattern=036919???? got=3 saved=3
2026-05-23 14:52:41,962 INFO [T17] leaf pattern=036914???? got=9 saved=9
2026-05-23 14:52:41,980 INFO [T21] leaf pattern=036950???? got=15 saved=15
2026-05-23 14:52:41,993 INFO [T28] leaf pattern=036918???? got=9 saved=9
2026-05-23 14:52:42,021 INFO [T45] leaf pattern=036917???? got=7 saved=7
2026-05-23 14:52:42,043 INFO [T20] leaf pattern=036952???? got=9 saved=9
2026-05-23 14:52:42,066 INFO [T22] leaf pattern=036951???? got=9 saved=9
2026-05-23 14:52:42,169 INFO [T37] leaf pattern=036954???? got=13 saved=13
2026-05-23 14:52:42,212 INFO [T25] leaf pattern=036955???? got=4 saved=4
2026-05-23 14:52:42,267 INFO [T16] leaf pattern=036916???? got=5 saved=5
2026-05-23 14:52:42,290 INFO [T13] leaf pattern=036953???? got=12 saved=12
2026-05-23 14:52:42,578 WARNING [T7] ec=1 rate limited, rotating IP
2026-05-23 14:52:42,578 INFO [T7] rotate IP 98eb842e → 5e18b608
2026-05-23 14:52:42,717 INFO [T8] leaf pattern=036959???? got=3 saved=3
2026-05-23 14:52:42,760 INFO [T34] leaf pattern=036956???? got=2 saved=2
2026-05-23 14:52:42,930 INFO [T11] leaf pattern=036940???? got=5 saved=5
2026-05-23 14:52:42,944 INFO [T46] leaf pattern=036942???? got=7 saved=7
2026-05-23 14:52:43,030 INFO [T32] leaf pattern=036943???? got=9 saved=9
2026-05-23 14:52:43,044 INFO [T9] leaf pattern=036941???? got=5 saved=5
2026-05-23 14:52:43,194 INFO [T19] leaf pattern=036957???? got=1 saved=1
2026-05-23 14:52:43,228 INFO [T33] leaf pattern=036944???? got=8 saved=8
2026-05-23 14:52:43,312 INFO [T29] leaf pattern=036945???? got=10 saved=10
2026-05-23 14:52:43,325 INFO [T50] leaf pattern=036947???? got=14 saved=14
2026-05-23 14:52:43,376 INFO [T43] leaf pattern=036946???? got=11 saved=11
2026-05-23 14:52:43,402 INFO [T15] leaf pattern=036970???? got=10 saved=10
2026-05-23 14:52:43,414 INFO [T12] leaf pattern=036948???? got=12 saved=12
2026-05-23 14:52:43,427 INFO [T4] leaf pattern=036949???? got=3 saved=3
2026-05-23 14:52:43,521 INFO [T18] leaf pattern=036971???? got=6 saved=6
2026-05-23 14:52:43,670 INFO [T24] leaf pattern=036973???? got=7 saved=7
2026-05-23 14:52:43,756 INFO [T31] leaf pattern=036974???? got=9 saved=9
2026-05-23 14:52:43,761 INFO [T10] leaf pattern=036975???? got=13 saved=13
2026-05-23 14:52:43,834 INFO [T48] leaf pattern=036976???? got=9 saved=9
2026-05-23 14:52:43,871 INFO [T23] leaf pattern=036978???? got=5 saved=5
2026-05-23 14:52:43,885 INFO [T38] leaf pattern=036977???? got=2 saved=2
2026-05-23 14:52:44,047 INFO [T3] leaf pattern=036972???? got=4 saved=4
2026-05-23 14:52:44,060 INFO [T27] leaf pattern=036979???? got=3 saved=3
2026-05-23 14:52:44,143 INFO [T5] leaf pattern=036700???? got=5 saved=5
2026-05-23 14:52:44,156 INFO [T47] leaf pattern=036701???? got=8 saved=8
2026-05-23 14:52:44,192 WARNING [T1] ec=1 rate limited, rotating IP
2026-05-23 14:52:44,192 INFO [T1] rotate IP 9ad130cf → 5b65faf7
2026-05-23 14:52:44,204 INFO [T41] leaf pattern=036704???? got=10 saved=10
2026-05-23 14:52:44,258 INFO [T6] leaf pattern=036703???? got=10 saved=10
2026-05-23 14:52:44,293 INFO [T39] leaf pattern=036705???? got=12 saved=12
2026-05-23 14:52:44,306 INFO [T44] leaf pattern=036706???? got=13 saved=13
2026-05-23 14:52:44,398 INFO [T14] leaf pattern=036707???? got=15 saved=15
2026-05-23 14:52:44,460 INFO [T40] leaf pattern=036709???? got=12 saved=12
2026-05-23 14:52:44,486 INFO [T2] leaf pattern=036980???? got=3 saved=3
2026-05-23 14:52:44,577 INFO [T49] leaf pattern=036702???? got=5 saved=5
2026-05-23 14:52:44,609 INFO [T7] D1N refreshed 8703a453e067cba4…
2026-05-23 14:52:44,618 INFO [T26] leaf pattern=036983???? got=5 saved=5
2026-05-23 14:52:44,661 INFO [T35] leaf pattern=036984???? got=12 saved=12
2026-05-23 14:52:44,666 INFO [T36] leaf pattern=036982???? got=2 saved=2
2026-05-23 14:52:44,913 INFO [T21] leaf pattern=036987???? got=7 saved=7
2026-05-23 14:52:44,929 INFO [T42] leaf pattern=036985???? got=7 saved=7
2026-05-23 14:52:44,943 INFO [T17] leaf pattern=036986???? got=5 saved=5
2026-05-23 14:52:44,947 INFO [T28] leaf pattern=036988???? got=2 saved=2
2026-05-23 14:52:44,973 INFO [T20] leaf pattern=036990???? got=4 saved=4
2026-05-23 14:52:44,987 INFO [T22] leaf pattern=036991???? got=8 saved=8
2026-05-23 14:52:45,054 INFO [T37] leaf pattern=036992???? got=9 saved=9
2026-05-23 14:52:45,110 INFO [T45] leaf pattern=036989???? got=4 saved=4
2026-05-23 14:52:45,240 INFO [T25] leaf pattern=036993???? got=7 saved=7
2026-05-23 14:52:45,260 INFO [T13] leaf pattern=036995???? got=20 saved=20
2026-05-23 14:52:45,326 INFO [T30] leaf pattern=036981???? got=7 saved=7
2026-05-23 14:52:45,636 INFO [T8] leaf pattern=036996???? got=7 saved=7
2026-05-23 14:52:45,645 INFO [T16] leaf pattern=036994???? got=27 saved=27
2026-05-23 14:52:45,873 INFO [T34] leaf pattern=036997???? got=16 saved=16
2026-05-23 14:52:45,882 INFO [T11] leaf pattern=036998???? got=9 saved=9
2026-05-23 14:52:46,032 INFO [T9] leaf pattern=036921???? got=7 saved=7
2026-05-23 14:52:46,036 INFO [T32] leaf pattern=036920???? got=3 saved=3
2026-05-23 14:52:46,136 INFO [T33] leaf pattern=036923???? got=5 saved=5
2026-05-23 14:52:46,165 INFO [T19] leaf pattern=036922???? got=2 saved=2
2026-05-23 14:52:46,241 INFO [T29] leaf pattern=036924???? got=8 saved=8
2026-05-23 14:52:46,277 INFO [T50] leaf pattern=036925???? got=5 saved=5
2026-05-23 14:52:46,299 INFO [T46] leaf pattern=036999???? got=0 saved=0
2026-05-23 14:52:46,311 INFO [T15] leaf pattern=036927???? got=7 saved=7
2026-05-23 14:52:46,366 INFO [T4] leaf pattern=036929???? got=3 saved=3
2026-05-23 14:52:46,381 INFO [T12] leaf pattern=036928???? got=2 saved=2
2026-05-23 14:52:46,496 INFO [T24] leaf pattern=036721???? got=12 saved=12
2026-05-23 14:52:46,724 INFO [T23] leaf pattern=036725???? got=11 saved=11
2026-05-23 14:52:46,761 INFO [T1] D1N refreshed a79579f12919ada1…
2026-05-23 14:52:46,796 INFO [T38] leaf pattern=036726???? got=11 saved=11
2026-05-23 14:52:46,824 INFO [T48] leaf pattern=036724???? got=10 saved=10
2026-05-23 14:52:46,863 INFO [T10] leaf pattern=036723???? got=20 saved=20
2026-05-23 14:52:46,992 INFO [T27] leaf pattern=036728???? got=10 saved=10
2026-05-23 14:52:47,089 INFO [T5] leaf pattern=036729???? got=9 saved=9
2026-05-23 14:52:47,162 INFO [T41] leaf pattern=036711???? got=1 saved=1
2026-05-23 14:52:47,193 INFO [T39] leaf pattern=036713???? got=7 saved=7
2026-05-23 14:52:47,202 INFO [T44] leaf pattern=036714???? got=12 saved=12
2026-05-23 14:52:47,214 INFO [T6] leaf pattern=036712???? got=2 saved=2
2026-05-23 14:52:47,245 INFO [T43] leaf pattern=036926???? got=9 saved=9
2026-05-23 14:52:47,303 INFO [T31] leaf pattern=036722???? got=6 saved=6
2026-05-23 14:52:47,327 INFO [T14] leaf pattern=036715???? got=6 saved=6
2026-05-23 14:52:47,375 INFO [T3] leaf pattern=036727???? got=7 saved=7
2026-05-23 14:52:47,395 INFO [T2] leaf pattern=036717???? got=7 saved=7
2026-05-23 14:52:47,407 INFO [T18] leaf pattern=036720???? got=17 saved=17
2026-05-23 14:52:47,480 INFO [T47] leaf pattern=036710???? got=5 saved=5
2026-05-23 14:52:47,493 INFO [T49] leaf pattern=036718???? got=11 saved=11
2026-05-23 14:52:47,575 INFO [T35] leaf pattern=036730???? got=16 saved=16
2026-05-23 14:52:47,589 INFO [T26] leaf pattern=036719???? got=11 saved=11
2026-05-23 14:52:47,628 INFO [T36] leaf pattern=036731???? got=8 saved=8
2026-05-23 14:52:47,743 INFO [T42] leaf pattern=036733???? got=6 saved=6
2026-05-23 14:52:47,784 INFO [T17] leaf pattern=036734???? got=5 saved=5
2026-05-23 14:52:47,816 INFO [T21] leaf pattern=036732???? got=14 saved=14
2026-05-23 14:52:47,888 INFO [T20] leaf pattern=036736???? got=9 saved=9
2026-05-23 14:52:47,933 INFO [T22] leaf pattern=036737???? got=11 saved=11
2026-05-23 14:52:47,968 INFO [T37] leaf pattern=036738???? got=13 saved=13
2026-05-23 14:52:48,047 WARNING [T7] SSLError attempt=1/3 pattern=036958????: HTTPSConnectionPool(host='vietteltelecom.vn', port=443): Max retries exceeded with url: /api/get/sim (Caused by SSLError
2026-05-23 14:52:48,047 INFO [T7] rotate IP 5e18b608 → d051f4cf
2026-05-23 14:52:48,222 INFO [T45] leaf pattern=036739???? got=13 saved=13
2026-05-23 14:52:48,227 INFO [T25] leaf pattern=036760???? got=11 saved=11
2026-05-23 14:52:48,247 INFO [T13] leaf pattern=036761???? got=17 saved=17
2026-05-23 14:52:48,272 INFO [T28] leaf pattern=036735???? got=7 saved=7
2026-05-23 14:52:48,365 INFO [T40] leaf pattern=036716???? got=5 saved=5
2026-05-23 14:52:48,371 INFO [T30] leaf pattern=036762???? got=10 saved=10
2026-05-23 14:52:48,578 INFO [T8] leaf pattern=036763???? got=12 saved=12
2026-05-23 14:52:48,799 INFO [T34] leaf pattern=036765???? got=5 saved=5
2026-05-23 14:52:48,818 INFO [T16] leaf pattern=036764???? got=11 saved=11
2026-05-23 14:52:48,856 INFO [T11] leaf pattern=036766???? got=3 saved=3
2026-05-23 14:52:48,950 INFO [T32] leaf pattern=036768???? got=6 saved=6
2026-05-23 14:52:49,021 INFO [T9] leaf pattern=036767???? got=1 saved=1
2026-05-23 14:52:49,038 INFO [T33] leaf pattern=036769???? got=13 saved=13
2026-05-23 14:52:49,099 INFO [T19] leaf pattern=036770???? got=7 saved=7
2026-05-23 14:52:49,190 INFO [T46] leaf pattern=036773???? got=8 saved=8
2026-05-23 14:52:49,207 INFO [T15] leaf pattern=036774???? got=10 saved=10
2026-05-23 14:52:49,244 INFO [T29] leaf pattern=036771???? got=4 saved=4
2026-05-23 14:52:49,263 INFO [T50] leaf pattern=036772???? got=10 saved=10
2026-05-23 14:52:49,310 INFO [T12] leaf pattern=036776???? got=4 saved=4
2026-05-23 14:52:49,323 INFO [T4] leaf pattern=036775???? got=10 saved=10
2026-05-23 14:52:49,416 INFO [T24] leaf pattern=036777???? got=0 saved=0
2026-05-23 14:52:49,627 INFO [T23] leaf pattern=036778???? got=6 saved=6
2026-05-23 14:52:49,691 INFO [T38] leaf pattern=036779???? got=8 saved=8
2026-05-23 14:52:49,775 INFO [T48] leaf pattern=036740???? got=18 saved=18
2026-05-23 14:52:49,828 INFO [T10] leaf pattern=036741???? got=18 saved=18
2026-05-23 14:52:49,991 INFO [T27] leaf pattern=036742???? got=18 saved=18
2026-05-23 14:52:49,999 INFO [T5] leaf pattern=036743???? got=15 saved=15
2026-05-23 14:52:50,090 WARNING [T14] ec=1 rate limited, rotating IP
2026-05-23 14:52:50,091 INFO [T14] rotate IP ed964507 → e3503d3f
2026-05-23 14:52:50,105 INFO [T39] leaf pattern=036745???? got=11 saved=11
2026-05-23 14:52:50,118 INFO [T44] leaf pattern=036746???? got=9 saved=9
2026-05-23 14:52:50,127 INFO [T41] leaf pattern=036744???? got=12 saved=12
2026-05-23 14:52:50,176 INFO [T43] leaf pattern=036748???? got=15 saved=15
2026-05-23 14:52:50,180 WARNING [T1] SSLError attempt=1/3 pattern=036708????: HTTPSConnectionPool(host='vietteltelecom.vn', port=443): Max retries exceeded with url: /api/get/sim (Caused by SSLError
2026-05-23 14:52:50,181 INFO [T1] rotate IP 5b65faf7 → c79b28d2
2026-05-23 14:52:50,183 INFO [T6] leaf pattern=036747???? got=10 saved=10
2026-05-23 14:52:50,243 INFO [T31] leaf pattern=036749???? got=20 saved=20
2026-05-23 14:52:50,321 INFO [T2] leaf pattern=036752???? got=11 saved=11
2026-05-23 14:52:50,384 INFO [T47] leaf pattern=036754???? got=13 saved=13
2026-05-23 14:52:50,394 INFO [T18] leaf pattern=036753???? got=17 saved=17
2026-05-23 14:52:50,438 INFO [T49] leaf pattern=036755???? got=7 saved=7
2026-05-23 14:52:50,466 INFO [T35] leaf pattern=036756???? got=18 saved=18
2026-05-23 14:52:50,496 INFO [T26] leaf pattern=036757???? got=14 saved=14
2026-05-23 14:52:50,584 INFO [T36] leaf pattern=036758???? got=8 saved=8
2026-05-23 14:52:50,679 INFO [T42] leaf pattern=036759???? got=14 saved=14
2026-05-23 14:52:50,682 INFO [T3] leaf pattern=036751???? got=14 saved=14
2026-05-23 14:52:50,729 INFO [T21] leaf pattern=036791???? got=6 saved=6
2026-05-23 14:52:50,768 INFO [T17] leaf pattern=036790???? got=8 saved=8
2026-05-23 14:52:50,855 INFO [T22] leaf pattern=036793???? got=8 saved=8
2026-05-23 14:52:50,923 INFO [T20] leaf pattern=036792???? got=10 saved=10
2026-05-23 14:52:50,934 INFO [T37] leaf pattern=036794???? got=8 saved=8
2026-05-23 14:52:50,970 WARNING [T25] ec=1 rate limited, rotating IP
2026-05-23 14:52:50,971 INFO [T25] rotate IP d4b28036 → 76d170b3
2026-05-23 14:52:51,037 WARNING [T28] ec=1 rate limited, rotating IP
2026-05-23 14:52:51,037 INFO [T28] rotate IP f7efeac7 → c28ea34a
2026-05-23 14:52:51,163 INFO [T13] leaf pattern=036797???? got=5 saved=5
2026-05-23 14:52:51,176 INFO [T45] leaf pattern=036795???? got=10 saved=10
2026-05-23 14:52:51,265 INFO [T40] leaf pattern=036799???? got=5 saved=5
2026-05-23 14:52:51,433 INFO [T30] leaf pattern=036320???? got=6 saved=6
2026-05-23 14:52:51,486 INFO [T8] leaf pattern=036321???? got=3 saved=3
2026-05-23 14:52:51,806 INFO [T34] leaf pattern=036322???? got=3 saved=3
2026-05-23 14:52:51,878 INFO [T32] leaf pattern=036325???? got=5 saved=5
2026-05-23 14:52:51,917 INFO [T9] leaf pattern=036326???? got=1 saved=1
2026-05-23 14:52:51,950 WARNING [T15] ec=1 rate limited, rotating IP
2026-05-23 14:52:51,950 INFO [T15] rotate IP 4ad11e40 → b6020fb9
2026-05-23 14:52:51,961 INFO [T33] leaf pattern=036327???? got=4 saved=4
2026-05-23 14:52:51,990 INFO [T16] leaf pattern=036323???? got=2 saved=2
2026-05-23 14:52:52,006 INFO [T19] leaf pattern=036328???? got=9 saved=9
2026-05-23 14:52:52,074 INFO [T46] leaf pattern=036329???? got=4 saved=4
2026-05-23 14:52:52,130 INFO [T14] D1N refreshed e9fbf7f45af81adf…
2026-05-23 14:52:52,198 INFO [T29] leaf pattern=036311???? got=1 saved=1
2026-05-23 14:52:52,268 INFO [T4] leaf pattern=036314???? got=10 saved=10
2026-05-23 14:52:52,349 INFO [T50] leaf pattern=036312???? got=6 saved=6
2026-05-23 14:52:52,404 WARNING [T23] ec=1 rate limited, rotating IP
2026-05-23 14:52:52,404 INFO [T23] rotate IP b770693d → 7b27c0a6
2026-05-23 14:52:52,479 WARNING [T28] SSLError attempt=1/3 pattern=036798????: HTTPSConnectionPool(host='vietteltelecom.vn', port=443): Max retries exceeded with url: /api/get/sim (Caused by SSLError
2026-05-23 14:52:52,479 INFO [T28] rotate IP c28ea34a → 15888e7c
2026-05-23 14:52:52,596 INFO [T38] leaf pattern=036317???? got=9 saved=9
2026-05-23 14:52:52,762 WARNING [T27] ec=1 rate limited, rotating IP
2026-05-23 14:52:52,762 INFO [T27] rotate IP 2a19f7b7 → 2feb37e6
2026-05-23 14:52:52,794 INFO [T10] leaf pattern=036319???? got=6 saved=6
2026-05-23 14:52:53,002 INFO [T39] leaf pattern=036352???? got=11 saved=11
2026-05-23 14:52:53,040 INFO [T41] leaf pattern=036354???? got=13 saved=13
2026-05-23 14:52:53,108 WARNING [T2] ec=1 rate limited, rotating IP
2026-05-23 14:52:53,109 INFO [T2] rotate IP f40efdbe → b6e8ffb5
2026-05-23 14:52:53,136 INFO [T6] leaf pattern=036356???? got=7 saved=7
2026-05-23 14:52:53,194 INFO [T31] leaf pattern=036357???? got=10 saved=10
2026-05-23 14:52:53,218 WARNING [T35] ec=1 rate limited, rotating IP
2026-05-23 14:52:53,218 INFO [T35] rotate IP 796bf870 → fa3f6113
2026-05-23 14:52:53,311 INFO [T47] leaf pattern=036359???? got=13 saved=13
2026-05-23 14:52:53,325 INFO [T49] leaf pattern=036371???? got=7 saved=7
2026-05-23 14:52:53,346 INFO [T26] leaf pattern=036373???? got=3 saved=3
2026-05-23 14:52:53,359 INFO [T18] leaf pattern=036370???? got=7 saved=7
2026-05-23 14:52:53,624 INFO [T17] leaf pattern=036378???? got=8 saved=8
2026-05-23 14:52:53,659 INFO [T21] leaf pattern=036377???? got=6 saved=6
2026-05-23 14:52:53,660 WARNING [T22] ec=1 rate limited, rotating IP
2026-05-23 14:52:53,661 INFO [T22] rotate IP c9565e63 → b21c5c73
2026-05-23 14:52:53,756 WARNING [T1] D1N unresolved, rotating IP
2026-05-23 14:52:53,756 INFO [T1] rotate IP c79b28d2 → 13cc6015
2026-05-23 14:52:53,793 INFO [T15] D1N refreshed 6e86f274bc240727…
2026-05-23 14:52:53,798 INFO [T37] leaf pattern=036391???? got=11 saved=11
2026-05-23 14:52:54,033 INFO [T3] leaf pattern=036376???? got=12 saved=12
2026-05-23 14:52:54,063 INFO [T25] D1N refreshed e182bc6b397766c2…
2026-05-23 14:52:54,118 INFO [T13] leaf pattern=036392???? got=7 saved=7
2026-05-23 14:52:54,233 INFO [T40] leaf pattern=036394???? got=6 saved=6
2026-05-23 14:52:54,308 INFO [T23] D1N refreshed 0e59036cc13b86ff…
2026-05-23 14:52:54,403 INFO [T8] leaf pattern=036396???? got=6 saved=6
2026-05-23 14:52:54,462 WARNING [T7] ConnectionError attempt=2/3 pattern=036958????: ('Connection aborted.', ConnectionResetError(10054, 'An existing connection was forcibly closed by the remote host', Non
2026-05-23 14:52:54,463 INFO [T7] rotate IP d051f4cf → 4b6c8012
2026-05-23 14:52:54,564 INFO [T27] D1N refreshed 2737cee9ddeac928…
2026-05-23 14:52:54,788 INFO [T34] leaf pattern=036397???? got=8 saved=8
2026-05-23 14:52:54,851 INFO [T9] leaf pattern=036399???? got=4 saved=4
2026-05-23 14:52:54,903 INFO [T32] leaf pattern=036398???? got=7 saved=7
2026-05-23 14:52:54,909 INFO [T33] leaf pattern=036380???? got=6 saved=6
2026-05-23 14:52:55,022 INFO [T2] D1N refreshed 1d26a005ca393aba…
2026-05-23 14:52:55,068 INFO [T46] leaf pattern=036383???? got=1 saved=1
2026-05-23 14:52:55,113 INFO [T35] D1N refreshed 9a3f749b2272c51b…
2026-05-23 14:52:55,240 INFO [T4] leaf pattern=036385???? got=5 saved=5
2026-05-23 14:52:55,245 INFO [T29] leaf pattern=036384???? got=10 saved=10
2026-05-23 14:52:55,296 INFO [T16] leaf pattern=036381???? got=7 saved=7
2026-05-23 14:52:55,311 INFO [T50] leaf pattern=036386???? got=3 saved=3
2026-05-23 14:52:55,378 INFO [T28] D1N refreshed 7fd8433966b30f78…
2026-05-23 14:52:55,491 INFO [T1] D1N refreshed 0037587cfc58686d…
2026-05-23 14:52:55,580 INFO [T38] leaf pattern=036387???? got=12 saved=12
2026-05-23 14:52:55,693 INFO [T22] D1N refreshed f75d13b93baa23dd…
2026-05-23 14:52:55,727 INFO [T10] leaf pattern=036388???? got=4 saved=4
2026-05-23 14:52:55,919 INFO [T41] leaf pattern=036300???? got=1 saved=1
2026-05-23 14:52:55,938 INFO [T39] leaf pattern=036389???? got=5 saved=5
2026-05-23 14:52:56,044 INFO [T30] leaf pattern=036395???? got=4 saved=4
2026-05-23 14:52:56,091 INFO [T6] leaf pattern=036301???? got=5 saved=5
2026-05-23 14:52:56,113 INFO [T14] leaf pattern=036750???? got=18 saved=18
2026-05-23 14:52:56,122 INFO [T31] leaf pattern=036302???? got=6 saved=6
2026-05-23 14:52:56,227 INFO [T26] leaf pattern=036305???? got=15 saved=15
2026-05-23 14:52:56,238 INFO [T47] leaf pattern=036303???? got=3 saved=3
2026-05-23 14:52:56,303 INFO [T49] leaf pattern=036304???? got=7 saved=7
2026-05-23 14:52:56,378 INFO [T18] leaf pattern=036306???? got=2 saved=2
2026-05-23 14:52:56,553 INFO [T21] leaf pattern=036308???? got=7 saved=7
2026-05-23 14:52:56,734 INFO [T37] leaf pattern=036309???? got=13 saved=13
2026-05-23 14:52:57,009 INFO [T48] leaf pattern=036318???? got=1 saved=1
2026-05-23 14:52:57,037 INFO [T13] leaf pattern=036511???? got=1 saved=1
2026-05-23 14:52:57,162 INFO [T40] leaf pattern=036512???? got=5 saved=5
2026-05-23 14:52:57,402 INFO [T8] leaf pattern=036513???? got=11 saved=11
2026-05-23 14:52:57,683 WARNING [T32] ec=1 rate limited, rotating IP
2026-05-23 14:52:57,683 INFO [T32] rotate IP 79e39621 → c3413207
2026-05-23 14:52:57,743 INFO [T34] leaf pattern=036514???? got=10 saved=10
2026-05-23 14:52:57,782 INFO [T43] leaf pattern=036355???? got=8 saved=8
2026-05-23 14:52:57,868 INFO [T9] leaf pattern=036515???? got=7 saved=7
2026-05-23 14:52:57,874 WARNING [T15] D1N unresolved, rotating IP
2026-05-23 14:52:57,874 INFO [T15] rotate IP b6020fb9 → 15f3afe0
2026-05-23 14:52:57,879 WARNING [T5] ec=1 rate limited, rotating IP
2026-05-23 14:52:57,879 INFO [T5] rotate IP d417e0dc → 16437a02
2026-05-23 14:52:57,968 WARNING [T42] ec=1 rate limited, rotating IP
2026-05-23 14:52:57,968 INFO [T42] rotate IP d6dceefa → 8bd2bf83
2026-05-23 14:52:57,997 INFO [T11] leaf pattern=036324???? got=5 saved=5
2026-05-23 14:52:58,023 INFO [T46] leaf pattern=036518???? got=10 saved=10
2026-05-23 14:52:58,051 WARNING [T4] ec=1 rate limited, rotating IP
2026-05-23 14:52:58,051 INFO [T4] rotate IP 690ee0a4 → f59eb77f
2026-05-23 14:52:58,152 INFO [T36] leaf pattern=036374???? got=13 saved=13
2026-05-23 14:52:58,185 INFO [T12] leaf pattern=036313???? got=9 saved=9
2026-05-23 14:52:58,189 INFO [T3] leaf pattern=036510???? got=4 saved=4
2026-05-23 14:52:58,207 INFO [T19] leaf pattern=036382???? got=5 saved=5
2026-05-23 14:52:58,228 INFO [T29] leaf pattern=036500???? got=4 saved=4
2026-05-23 14:52:58,293 INFO [T50] leaf pattern=036502???? got=5 saved=5
2026-05-23 14:52:58,507 INFO [T16] leaf pattern=036501???? got=3 saved=3
2026-05-23 14:52:58,625 INFO [T23] leaf pattern=036316???? got=4 saved=4
2026-05-23 14:52:58,710 WARNING [T39] ec=1 rate limited, rotating IP
2026-05-23 14:52:58,710 INFO [T39] rotate IP 97d05281 → 305cb42c
2026-05-23 14:52:58,717 INFO [T27] leaf pattern=036350???? got=7 saved=7
2026-05-23 14:52:58,751 INFO [T10] leaf pattern=036504???? got=11 saved=11
2026-05-23 14:52:58,848 INFO [T41] leaf pattern=036505???? got=8 saved=8
2026-05-23 14:52:58,911 INFO [T38] leaf pattern=036503???? got=3 saved=3
2026-05-23 14:52:58,928 WARNING [T31] ec=1 rate limited, rotating IP
2026-05-23 14:52:58,928 INFO [T31] rotate IP 7fb89218 → 69072303
2026-05-23 14:52:59,012 INFO [T6] leaf pattern=036508???? got=10 saved=10
2026-05-23 14:52:59,098 INFO [T14] leaf pattern=036509???? got=14 saved=14
2026-05-23 14:52:59,116 INFO [T26] leaf pattern=036531???? got=10 saved=10
2026-05-23 14:52:59,127 INFO [T2] leaf pattern=036358???? got=7 saved=7
2026-05-23 14:52:59,142 INFO [T30] leaf pattern=036507???? got=11 saved=11
2026-05-23 14:52:59,160 INFO [T47] leaf pattern=036532???? got=6 saved=6
2026-05-23 14:52:59,183 ERROR [T44] fetch failed pattern=036353????: errorCode=500 msg=
2026-05-23 14:52:59,194 ERROR [T24] fetch failed pattern=036315????: errorCode=500 msg=
2026-05-23 14:52:59,206 ERROR [T33] fetch failed pattern=036517????: errorCode=500 msg=
2026-05-23 14:52:59,223 ERROR [T45] fetch failed pattern=036393????: errorCode=500 msg=
2026-05-23 14:52:59,329 INFO [T49] leaf pattern=036533???? got=3 saved=3
2026-05-23 14:52:59,379 ERROR [T17] fetch failed pattern=036307????: errorCode=500 msg=
2026-05-23 14:52:59,409 INFO [T18] leaf pattern=036534???? got=6 saved=6
2026-05-23 14:52:59,535 ERROR [T20] fetch failed pattern=036390????: errorCode=500 msg=
2026-05-23 14:52:59,552 WARNING [T21] ec=1 rate limited, rotating IP
2026-05-23 14:52:59,552 INFO [T21] rotate IP d949b68f → 4fb4b31e
2026-05-23 14:52:59,562 INFO [T25] leaf pattern=036796???? got=10 saved=10
2026-05-23 14:52:59,591 INFO [T28] leaf pattern=036798???? got=9 saved=9
2026-05-23 14:52:59,634 INFO [T32] D1N refreshed 044ac8b7688fe90f…
2026-05-23 14:52:59,634 INFO [T37] leaf pattern=036536???? got=3 saved=3
2026-05-23 14:52:59,648 INFO [T35] leaf pattern=036372???? got=11 saved=11
2026-05-23 14:52:59,698 INFO [T1] leaf pattern=036708???? got=11 saved=11
2026-05-23 14:52:59,839 INFO [T15] D1N refreshed d989c62444865802…
2026-05-23 14:52:59,845 INFO [T5] D1N refreshed 6d43d29cc898a352…
2026-05-23 14:52:59,856 WARNING [T13] ec=1 rate limited, rotating IP
2026-05-23 14:52:59,856 INFO [T13] rotate IP be921257 → 3e0cfc1b
2026-05-23 14:52:59,997 INFO [T48] leaf pattern=036537???? got=7 saved=7
2026-05-23 14:53:00,092 INFO [T22] leaf pattern=036379???? got=4 saved=4
2026-05-23 14:53:00,138 INFO [T40] leaf pattern=036539???? got=4 saved=4
2026-05-23 14:53:00,300 INFO [T8] leaf pattern=036520???? got=9 saved=9
2026-05-23 14:53:00,331 INFO [T4] D1N refreshed a6733a8339c2e869…
2026-05-23 14:53:00,542 WARNING [T34] ec=1 rate limited, rotating IP
2026-05-23 14:53:00,542 INFO [T34] rotate IP 9b5aee78 → 201110a6
2026-05-23 14:53:00,562 INFO [T39] D1N refreshed 8d5a5312c9d2a6c3…
2026-05-23 14:53:00,847 INFO [T9] leaf pattern=036523???? got=7 saved=7
2026-05-23 14:53:00,933 INFO [T46] leaf pattern=036525???? got=4 saved=4
2026-05-23 14:53:00,993 INFO [T31] D1N refreshed 10d920eb8bdc51a4…
2026-05-23 14:53:01,041 INFO [T36] leaf pattern=036526???? got=5 saved=5
2026-05-23 14:53:01,111 INFO [T12] leaf pattern=036527???? got=7 saved=7
2026-05-23 14:53:01,150 INFO [T3] leaf pattern=036528???? got=4 saved=4
2026-05-23 14:53:01,174 INFO [T11] leaf pattern=036524???? got=9 saved=9
2026-05-23 14:53:01,221 INFO [T29] leaf pattern=036540???? got=9 saved=9
2026-05-23 14:53:01,268 INFO [T50] leaf pattern=036541???? got=14 saved=14
2026-05-23 14:53:01,296 INFO [T43] leaf pattern=036522???? got=8 saved=8
2026-05-23 14:53:01,532 INFO [T23] leaf pattern=036543???? got=9 saved=9
2026-05-23 14:53:01,545 INFO [T21] D1N refreshed 9dc88484dab19a5c…
2026-05-23 14:53:01,588 INFO [T27] leaf pattern=036544???? got=10 saved=10
2026-05-23 14:53:01,602 INFO [T13] D1N refreshed dcb4c97535966d98…
2026-05-23 14:53:01,703 INFO [T10] leaf pattern=036545???? got=7 saved=7
2026-05-23 14:53:01,760 INFO [T41] leaf pattern=036546???? got=9 saved=9
2026-05-23 14:53:01,804 INFO [T16] leaf pattern=036542???? got=7 saved=7
2026-05-23 14:53:01,817 INFO [T38] leaf pattern=036547???? got=9 saved=9
2026-05-23 14:53:01,875 WARNING [T7] ConnectionError attempt=3/3 pattern=036958????: ('Connection aborted.', ConnectionResetError(10054, 'An existing connection was forcibly closed by the remote host', Non
2026-05-23 14:53:01,875 ERROR [T7] fetch failed pattern=036958????: ('Connection aborted.', ConnectionResetError(10054, 'An existing connection was forcibly closed by the remote host', None, 10054, None))
2026-05-23 14:53:01,969 INFO [T6] leaf pattern=036548???? got=9 saved=9
2026-05-23 14:53:02,001 INFO [T14] leaf pattern=036549???? got=13 saved=13
2026-05-23 14:53:02,074 INFO [T47] leaf pattern=036553???? got=3 saved=3
2026-05-23 14:53:02,078 INFO [T26] leaf pattern=036550???? got=11 saved=11
2026-05-23 14:53:02,184 INFO [T24] leaf pattern=036555???? got=0 saved=0
2026-05-23 14:53:02,211 INFO [T33] leaf pattern=036556???? got=4 saved=4
2026-05-23 14:53:02,247 INFO [T49] leaf pattern=036558???? got=4 saved=4
2026-05-23 14:53:02,259 INFO [T2] leaf pattern=036551???? got=6 saved=6
2026-05-23 14:53:02,282 INFO [T19] leaf pattern=036529???? got=9 saved=9
2026-05-23 14:53:02,332 INFO [T45] leaf pattern=036557???? got=10 saved=10
2026-05-23 14:53:02,346 INFO [T30] leaf pattern=036552???? got=4 saved=4
2026-05-23 14:53:02,350 INFO [T17] leaf pattern=036559???? got=6 saved=6
2026-05-23 14:53:02,377 INFO [T18] leaf pattern=036560???? got=8 saved=8
2026-05-23 14:53:02,408 INFO [T44] leaf pattern=036554???? got=10 saved=10
2026-05-23 14:53:02,436 INFO [T20] leaf pattern=036561???? got=5 saved=5
2026-05-23 14:53:02,444 INFO [T25] leaf pattern=036562???? got=9 saved=9
2026-05-23 14:53:02,507 INFO [T28] leaf pattern=036563???? got=10 saved=10
2026-05-23 14:53:02,583 INFO [T37] leaf pattern=036564???? got=11 saved=11
2026-05-23 14:53:02,598 INFO [T35] leaf pattern=036565???? got=5 saved=5
2026-05-23 14:53:02,614 INFO [T1] leaf pattern=036566???? got=3 saved=3
2026-05-23 14:53:02,908 INFO [T34] D1N refreshed 93dc78c6fd9123c2…
2026-05-23 14:53:02,927 INFO [T48] leaf pattern=036567???? got=2 saved=2
2026-05-23 14:53:03,098 INFO [T40] leaf pattern=036569???? got=4 saved=4
2026-05-23 14:53:03,103 INFO [T22] leaf pattern=036568???? got=7 saved=7
2026-05-23 14:53:03,370 INFO [T8] leaf pattern=036340???? got=7 saved=7
2026-05-23 14:53:03,374 WARNING [T42] ConnectionError attempt=1/3 pattern=036375????: ('Connection aborted.', ConnectionResetError(10054, 'An existing connection was forcibly closed by the remote host', Non
2026-05-23 14:53:03,374 INFO [T42] rotate IP 8bd2bf83 → 2aeaf79c
2026-05-23 14:53:03,713 WARNING [T46] ec=1 rate limited, rotating IP
2026-05-23 14:53:03,713 INFO [T46] rotate IP 4ea5480b → b84f6318
2026-05-23 14:53:03,717 INFO [T32] leaf pattern=036516???? got=5 saved=5
2026-05-23 14:53:03,784 INFO [T9] leaf pattern=036341???? got=4 saved=4
2026-05-23 14:53:03,993 INFO [T5] leaf pattern=036351???? got=8 saved=8
2026-05-23 14:53:04,005 INFO [T15] leaf pattern=036310???? got=5 saved=5
2026-05-23 14:53:04,082 INFO [T36] leaf pattern=036343???? got=8 saved=8
2026-05-23 14:53:04,095 INFO [T12] leaf pattern=036344???? got=6 saved=6
2026-05-23 14:53:04,167 INFO [T11] leaf pattern=036346???? got=10 saved=10
2026-05-23 14:53:04,180 INFO [T29] leaf pattern=036347???? got=12 saved=12
2026-05-23 14:53:04,224 INFO [T43] leaf pattern=036349???? got=13 saved=13
2026-05-23 14:53:04,405 INFO [T3] leaf pattern=036345???? got=11 saved=11
2026-05-23 14:53:04,411 WARNING [T31] SSLError attempt=1/3 pattern=036530????: HTTPSConnectionPool(host='vietteltelecom.vn', port=443): Max retries exceeded with url: /api/get/sim (Caused by SSLError
2026-05-23 14:53:04,411 INFO [T31] rotate IP 69072303 → f1d3b4be
2026-05-23 14:53:04,528 INFO [T23] leaf pattern=036580???? got=8 saved=8
2026-05-23 14:53:04,537 INFO [T27] leaf pattern=036581???? got=20 saved=20
2026-05-23 14:53:04,572 INFO [T50] leaf pattern=036348???? got=12 saved=12
2026-05-23 14:53:04,622 INFO [T39] leaf pattern=036506???? got=5 saved=5
2026-05-23 14:53:04,627 WARNING [T38] ec=1 rate limited, rotating IP
2026-05-23 14:53:04,628 INFO [T38] rotate IP d63b7307 → b0a3c6e3
2026-05-23 14:53:04,669 INFO [T41] leaf pattern=036583???? got=7 saved=7
2026-05-23 14:53:04,691 INFO [T10] leaf pattern=036582???? got=9 saved=9
2026-05-23 14:53:04,789 INFO [T16] leaf pattern=036584???? got=6 saved=6
2026-05-23 14:53:04,889 INFO [T6] leaf pattern=036587???? got=10 saved=10
2026-05-23 14:53:04,941 INFO [T26] leaf pattern=036590???? got=11 saved=11
2026-05-23 14:53:04,961 WARNING [T21] SSLError attempt=1/3 pattern=036535????: HTTPSConnectionPool(host='vietteltelecom.vn', port=443): Max retries exceeded with url: /api/get/sim (Caused by SSLError
2026-05-23 14:53:04,961 INFO [T21] rotate IP 4fb4b31e → e09587a7
2026-05-23 14:53:04,979 INFO [T47] leaf pattern=036589???? got=5 saved=5
2026-05-23 14:53:04,987 INFO [T14] leaf pattern=036588???? got=4 saved=4
2026-05-23 14:53:05,048 INFO [T2] leaf pattern=036594???? got=6 saved=6
2026-05-23 14:53:05,119 INFO [T24] leaf pattern=036591???? got=6 saved=6
2026-05-23 14:53:05,136 INFO [T19] leaf pattern=036595???? got=2 saved=2
2026-05-23 14:53:05,149 WARNING [T4] D1N unresolved, rotating IP
2026-05-23 14:53:05,149 INFO [T4] rotate IP f59eb77f → 9b6b0ab8
2026-05-23 14:53:05,184 INFO [T33] leaf pattern=036593???? got=10 saved=10
2026-05-23 14:53:05,209 INFO [T49] leaf pattern=036592???? got=9 saved=9
2026-05-23 14:53:05,225 INFO [T17] leaf pattern=036598???? got=10 saved=10
2026-05-23 14:53:05,234 INFO [T45] leaf pattern=036596???? got=13 saved=13
2026-05-23 14:53:05,309 INFO [T44] leaf pattern=036570???? got=13 saved=13
2026-05-23 14:53:05,330 INFO [T20] leaf pattern=036571???? got=8 saved=8
2026-05-23 14:53:05,351 INFO [T18] leaf pattern=036599???? got=8 saved=8
2026-05-23 14:53:05,452 INFO [T30] leaf pattern=036597???? got=24 saved=24
2026-05-23 14:53:05,476 INFO [T35] leaf pattern=036575???? got=6 saved=6
2026-05-23 14:53:05,489 INFO [T28] leaf pattern=036573???? got=11 saved=11
2026-05-23 14:53:05,516 INFO [T37] leaf pattern=036574???? got=12 saved=12
2026-05-23 14:53:05,521 INFO [T25] leaf pattern=036572???? got=7 saved=7
2026-05-23 14:53:05,547 INFO [T1] leaf pattern=036576???? got=9 saved=9
2026-05-23 14:53:05,691 INFO [T46] D1N refreshed 710286d3e9932fa5…
2026-05-23 14:53:05,812 INFO [T13] leaf pattern=036538???? got=5 saved=5
2026-05-23 14:53:05,887 INFO [T48] leaf pattern=036577???? got=5 saved=5
2026-05-23 14:53:06,039 INFO [T40] leaf pattern=036578???? got=7 saved=7
2026-05-23 14:53:06,109 INFO [T22] leaf pattern=036579???? got=10 saved=10
2026-05-23 14:53:06,116 WARNING [T8] ec=1 rate limited, rotating IP
2026-05-23 14:53:06,117 INFO [T8] rotate IP 41449ce4 → 540b60bd
2026-05-23 14:53:06,119 INFO [T42] D1N refreshed e9e33ded5f9c4785…
2026-05-23 14:53:06,376 INFO [T38] D1N refreshed a90ae15212069dce…
2026-05-23 14:53:06,659 INFO [T32] leaf pattern=035541???? got=9 saved=9
2026-05-23 14:53:06,781 INFO [T9] leaf pattern=035542???? got=11 saved=11
2026-05-23 14:53:06,830 WARNING [T31] SSLError attempt=2/3 pattern=036530????: HTTPSConnectionPool(host='vietteltelecom.vn', port=443): Max retries exceeded with url: /api/get/sim (Caused by SSLError
2026-05-23 14:53:06,830 INFO [T31] rotate IP f1d3b4be → ed64d129
2026-05-23 14:53:06,978 INFO [T5] leaf pattern=035543???? got=7 saved=7
2026-05-23 14:53:06,993 INFO [T15] leaf pattern=035544???? got=0 saved=0
2026-05-23 14:53:07,008 INFO [T36] leaf pattern=035545???? got=6 saved=6
2026-05-23 14:53:07,098 INFO [T12] leaf pattern=035546???? got=9 saved=9
2026-05-23 14:53:07,123 INFO [T29] leaf pattern=035548???? got=13 saved=13
2026-05-23 14:53:07,143 INFO [T43] leaf pattern=035549???? got=10 saved=10
2026-05-23 14:53:07,277 INFO [T4] D1N refreshed 03e27e6a036eb10c…
2026-05-23 14:53:07,294 WARNING [T7] ConnectionError attempt=1/3 pattern=036586????: ('Connection aborted.', ConnectionResetError(10054, 'An existing connection was forcibly closed by the remote host', Non
2026-05-23 14:53:07,294 INFO [T7] rotate IP 4b6c8012 → b8f3002d
2026-05-23 14:53:07,389 INFO [T23] leaf pattern=035521???? got=6 saved=6
2026-05-23 14:53:07,411 WARNING [T41] ec=1 rate limited, rotating IP
2026-05-23 14:53:07,411 INFO [T41] rotate IP c35f956e → c0420121
2026-05-23 14:53:07,449 INFO [T27] leaf pattern=035522???? got=1 saved=1
2026-05-23 14:53:07,529 INFO [T50] leaf pattern=035523???? got=1 saved=1
2026-05-23 14:53:07,544 INFO [T39] leaf pattern=035524???? got=8 saved=8
2026-05-23 14:53:07,614 INFO [T34] leaf pattern=036521???? got=8 saved=8
2026-05-23 14:53:07,629 INFO [T10] leaf pattern=035526???? got=2 saved=2
2026-05-23 14:53:07,656 INFO [T3] leaf pattern=035520???? got=9 saved=9
2026-05-23 14:53:07,673 INFO [T11] leaf pattern=035547???? got=9 saved=9
2026-05-23 14:53:07,702 WARNING [T26] ec=1 rate limited, rotating IP
2026-05-23 14:53:07,702 INFO [T26] rotate IP 1401387f → 3462bfd1
2026-05-23 14:53:07,783 WARNING [T21] D1N unresolved, rotating IP
2026-05-23 14:53:07,783 INFO [T21] rotate IP e09587a7 → c7327dae
2026-05-23 14:53:07,815 INFO [T8] D1N refreshed 0cdce569f1fad2fb…
2026-05-23 14:53:07,827 INFO [T16] leaf pattern=035527???? got=7 saved=7
2026-05-23 14:53:07,858 INFO [T47] leaf pattern=035560???? got=8 saved=8
2026-05-23 14:53:07,925 INFO [T14] leaf pattern=035561???? got=7 saved=7
2026-05-23 14:53:08,013 INFO [T24] leaf pattern=035563???? got=10 saved=10
2026-05-23 14:53:08,017 INFO [T6] leaf pattern=035528???? got=7 saved=7
2026-05-23 14:53:08,043 INFO [T19] leaf pattern=035564???? got=11 saved=11
2026-05-23 14:53:08,047 INFO [T2] leaf pattern=035562???? got=10 saved=10
2026-05-23 14:53:08,110 INFO [T33] leaf pattern=035565???? got=3 saved=3
2026-05-23 14:53:08,115 INFO [T49] leaf pattern=035566???? got=0 saved=0
2026-05-23 14:53:08,190 INFO [T44] leaf pattern=035569???? got=5 saved=5
2026-05-23 14:53:08,194 INFO [T17] leaf pattern=035567???? got=4 saved=4
2026-05-23 14:53:08,229 INFO [T20] leaf pattern=035570???? got=7 saved=7
2026-05-23 14:53:08,249 INFO [T45] leaf pattern=035568???? got=5 saved=5
2026-05-23 14:53:08,379 INFO [T37] leaf pattern=035575???? got=7 saved=7
2026-05-23 14:53:08,392 INFO [T1] leaf pattern=035577???? got=2 saved=2
2026-05-23 14:53:08,417 INFO [T28] leaf pattern=035574???? got=11 saved=11
2026-05-23 14:53:08,492 INFO [T18] leaf pattern=035571???? got=8 saved=8
2026-05-23 14:53:08,664 INFO [T35] leaf pattern=035573???? got=4 saved=4
2026-05-23 14:53:08,678 INFO [T25] leaf pattern=035576???? got=6 saved=6
2026-05-23 14:53:08,686 INFO [T13] leaf pattern=035578???? got=2 saved=2
2026-05-23 14:53:08,829 INFO [T48] leaf pattern=035579???? got=7 saved=7
2026-05-23 14:53:09,071 INFO [T40] leaf pattern=035530???? got=6 saved=6
2026-05-23 14:53:09,140 INFO [T22] leaf pattern=035531???? got=3 saved=3
2026-05-23 14:53:09,449 INFO [T41] D1N refreshed 95f57fce50d3d198…
2026-05-23 14:53:09,543 INFO [T26] D1N refreshed 648d72baf4e3640b…
2026-05-23 14:53:09,577 INFO [T32] leaf pattern=035532???? got=7 saved=7
2026-05-23 14:53:09,586 WARNING [T9] ec=1 rate limited, rotating IP
2026-05-23 14:53:09,586 INFO [T9] rotate IP fd7cf6ee → 366282bd
2026-05-23 14:53:09,592 INFO [T21] D1N refreshed 90801301b0bdcd4e…
2026-05-23 14:53:09,852 INFO [T5] leaf pattern=035534???? got=9 saved=9
2026-05-23 14:53:09,880 INFO [T15] leaf pattern=035535???? got=4 saved=4
2026-05-23 14:53:09,935 INFO [T46] leaf pattern=036342???? got=10 saved=10
2026-05-23 14:53:10,046 INFO [T43] leaf pattern=035539???? got=5 saved=5
2026-05-23 14:53:10,065 INFO [T12] leaf pattern=035537???? got=4 saved=4
2026-05-23 14:53:10,085 INFO [T29] leaf pattern=035538???? got=8 saved=8
2026-05-23 14:53:10,086 INFO [T7] D1N refreshed b0d26a3b89f4686c…
2026-05-23 14:53:10,155 INFO [T42] leaf pattern=036375???? got=7 saved=7
2026-05-23 14:53:10,238 INFO [T36] leaf pattern=035536???? got=3 saved=3
2026-05-23 14:53:10,340 INFO [T27] leaf pattern=035581???? got=7 saved=7
2026-05-23 14:53:10,455 INFO [T50] leaf pattern=035582???? got=5 saved=5
2026-05-23 14:53:10,467 INFO [T39] leaf pattern=035583???? got=8 saved=8
2026-05-23 14:53:10,522 INFO [T38] leaf pattern=036585???? got=8 saved=8
2026-05-23 14:53:10,618 INFO [T23] leaf pattern=035580???? got=6 saved=6
2026-05-23 14:53:10,634 INFO [T30] leaf pattern=035572???? got=2 saved=2
2026-05-23 14:53:10,666 INFO [T11] leaf pattern=035587???? got=8 saved=8
2026-05-23 14:53:10,672 INFO [T10] leaf pattern=035585???? got=4 saved=4
2026-05-23 14:53:10,673 WARNING [T31] D1N unresolved, rotating IP
2026-05-23 14:53:10,673 INFO [T31] rotate IP ed64d129 → 97ea9667
2026-05-23 14:53:10,704 INFO [T34] leaf pattern=035584???? got=5 saved=5
2026-05-23 14:53:10,708 INFO [T3] leaf pattern=035586???? got=4 saved=4
2026-05-23 14:53:10,762 WARNING [T6] ec=1 rate limited, rotating IP
2026-05-23 14:53:10,762 INFO [T6] rotate IP 5f76ed7c → 9cab9df0
2026-05-23 14:53:10,789 INFO [T47] leaf pattern=035589???? got=5 saved=5
2026-05-23 14:53:10,807 INFO [T14] leaf pattern=035400???? got=8 saved=8
2026-05-23 14:53:10,885 INFO [T2] leaf pattern=035404???? got=12 saved=12
2026-05-23 14:53:10,892 INFO [T24] leaf pattern=035401???? got=21 saved=21
2026-05-23 14:53:10,940 INFO [T33] leaf pattern=035406???? got=6 saved=6
2026-05-23 14:53:11,087 INFO [T19] leaf pattern=035403???? got=13 saved=13
2026-05-23 14:53:11,093 INFO [T16] leaf pattern=035588???? got=1 saved=1
2026-05-23 14:53:11,101 INFO [T49] leaf pattern=035405???? got=6 saved=6
2026-05-23 14:53:11,119 INFO [T44] leaf pattern=035407???? got=10 saved=10
2026-05-23 14:53:11,130 INFO [T20] leaf pattern=035409???? got=11 saved=11
2026-05-23 14:53:11,145 INFO [T17] leaf pattern=035408???? got=8 saved=8
2026-05-23 14:53:11,276 INFO [T1] leaf pattern=035592???? got=6 saved=6
2026-05-23 14:53:11,281 INFO [T4] leaf pattern=036519???? got=4 saved=4
2026-05-23 14:53:11,286 INFO [T9] D1N refreshed 04d79cf6720fbc66…
2026-05-23 14:53:11,298 INFO [T45] leaf pattern=035590???? got=6 saved=6
2026-05-23 14:53:11,302 INFO [T37] leaf pattern=035591???? got=8 saved=8
2026-05-23 14:53:11,339 INFO [T28] leaf pattern=035593???? got=15 saved=15
2026-05-23 14:53:11,502 INFO [T18] leaf pattern=035594???? got=12 saved=12
2026-05-23 14:53:11,565 INFO [T35] leaf pattern=035595???? got=2 saved=2
2026-05-23 14:53:11,574 INFO [T25] leaf pattern=035596???? got=11 saved=11
2026-05-23 14:53:11,604 INFO [T13] leaf pattern=035597???? got=9 saved=9
2026-05-23 14:53:11,814 INFO [T48] leaf pattern=035598???? got=9 saved=9
2026-05-23 14:53:11,897 INFO [T8] leaf pattern=035540???? got=8 saved=8
2026-05-23 14:53:11,961 INFO [T40] leaf pattern=035599???? got=0 saved=0
2026-05-23 14:53:12,097 INFO [T22] leaf pattern=035430???? got=8 saved=8
2026-05-23 14:53:12,402 INFO [T31] D1N refreshed 58185c60f25e21b2…
2026-05-23 14:53:12,486 INFO [T32] leaf pattern=035431???? got=8 saved=8
2026-05-23 14:53:12,754 INFO [T5] leaf pattern=035432???? got=7 saved=7
2026-05-23 14:53:12,807 INFO [T15] leaf pattern=035433???? got=8 saved=8
2026-05-23 14:53:12,834 INFO [T46] leaf pattern=035434???? got=10 saved=10
2026-05-23 14:53:13,016 INFO [T43] leaf pattern=035436???? got=7 saved=7
2026-05-23 14:53:13,047 INFO [T29] leaf pattern=035437???? got=13 saved=13
2026-05-23 14:53:13,056 INFO [T12] leaf pattern=035435???? got=7 saved=7
2026-05-23 14:53:13,097 INFO [T42] leaf pattern=035438???? got=9 saved=9
2026-05-23 14:53:13,178 INFO [T36] leaf pattern=035439???? got=11 saved=11
2026-05-23 14:53:13,260 INFO [T27] leaf pattern=035410???? got=6 saved=6
2026-05-23 14:53:13,410 INFO [T39] leaf pattern=035412???? got=12 saved=12
2026-05-23 14:53:13,450 INFO [T50] leaf pattern=035411???? got=3 saved=3
2026-05-23 14:53:13,459 INFO [T38] leaf pattern=035413???? got=12 saved=12
2026-05-23 14:53:13,592 INFO [T34] leaf pattern=035418???? got=9 saved=9
2026-05-23 14:53:13,622 INFO [T11] leaf pattern=035416???? got=8 saved=8
2026-05-23 14:53:13,692 INFO [T10] leaf pattern=035417???? got=8 saved=8
2026-05-23 14:53:13,720 INFO [T23] leaf pattern=035414???? got=8 saved=8
2026-05-23 14:53:13,728 INFO [T3] leaf pattern=035419???? got=10 saved=10
2026-05-23 14:53:13,733 INFO [T47] leaf pattern=035420???? got=12 saved=12
2026-05-23 14:53:13,736 INFO [T26] leaf pattern=035529???? got=6 saved=6
2026-05-23 14:53:13,741 INFO [T14] leaf pattern=035421???? got=8 saved=8
2026-05-23 14:53:13,844 INFO [T21] leaf pattern=036535???? got=7 saved=7
2026-05-23 14:53:13,856 INFO [T2] leaf pattern=035422???? got=2 saved=2
2026-05-23 14:53:13,865 INFO [T41] leaf pattern=035525???? got=6 saved=6
2026-05-23 14:53:13,901 INFO [T24] leaf pattern=035423???? got=4 saved=4
2026-05-23 14:53:13,906 INFO [T33] leaf pattern=035424???? got=13 saved=13
2026-05-23 14:53:13,929 INFO [T49] leaf pattern=035427???? got=13 saved=13
2026-05-23 14:53:14,013 INFO [T44] leaf pattern=035428???? got=9 saved=9
2026-05-23 14:53:14,020 INFO [T19] leaf pattern=035426???? got=4 saved=4
2026-05-23 14:53:14,054 INFO [T20] leaf pattern=035429???? got=11 saved=11
2026-05-23 14:53:14,079 INFO [T17] leaf pattern=035490???? got=11 saved=11
2026-05-23 14:53:14,179 INFO [T4] leaf pattern=035492???? got=12 saved=12
2026-05-23 14:53:14,204 INFO [T1] leaf pattern=035491???? got=14 saved=14
2026-05-23 14:53:14,220 INFO [T7] leaf pattern=036586???? got=8 saved=8
2026-05-23 14:53:14,229 INFO [T16] leaf pattern=035425???? got=5 saved=5
2026-05-23 14:53:14,269 INFO [T45] leaf pattern=035494???? got=10 saved=10
2026-05-23 14:53:14,283 INFO [T28] leaf pattern=035495???? got=12 saved=12
2026-05-23 14:53:14,497 INFO [T37] leaf pattern=035493???? got=8 saved=8
2026-05-23 14:53:14,518 INFO [T35] leaf pattern=035497???? got=9 saved=9
2026-05-23 14:53:14,527 INFO [T25] leaf pattern=035499???? got=1 saved=1
2026-05-23 14:53:14,545 INFO [T18] leaf pattern=035496???? got=7 saved=7
2026-05-23 14:53:14,824 INFO [T48] leaf pattern=035470???? got=14 saved=14
2026-05-23 14:53:14,841 INFO [T8] leaf pattern=035471???? got=8 saved=8
2026-05-23 14:53:14,932 INFO [T13] leaf pattern=035498???? got=4 saved=4
2026-05-23 14:53:14,949 INFO [T40] leaf pattern=035472???? got=10 saved=10
2026-05-23 14:53:15,092 INFO [T22] leaf pattern=035473???? got=15 saved=15
2026-05-23 14:53:15,338 INFO [T9] leaf pattern=035533???? got=1 saved=1
2026-05-23 14:53:15,439 INFO [T32] leaf pattern=035474???? got=16 saved=16
2026-05-23 14:53:15,725 INFO [T5] leaf pattern=035475???? got=7 saved=7
2026-05-23 14:53:15,740 INFO [T15] leaf pattern=035476???? got=11 saved=11
2026-05-23 14:53:15,778 INFO [T46] leaf pattern=035477???? got=6 saved=6
2026-05-23 14:53:15,961 INFO [T12] leaf pattern=035450???? got=8 saved=8
2026-05-23 14:53:15,980 INFO [T29] leaf pattern=035479???? got=9 saved=9
2026-05-23 14:53:16,011 INFO [T42] leaf pattern=035451???? got=9 saved=9
2026-05-23 14:53:16,061 WARNING [T31] D1N still unresolved after IP rotate — refreshing laravel_session via Playwright
2026-05-23 14:53:16,061 ERROR [T31] fetch failed pattern=036530????: There are multiple cookies with name, 'laravel_session'
2026-05-23 14:53:16,174 WARNING [T6] ConnectionError attempt=1/3 pattern=035402????: ('Connection aborted.', ConnectionResetError(10054, 'An existing connection was forcibly closed by the remote host', Non
2026-05-23 14:53:16,174 INFO [T6] rotate IP 9cab9df0 → bc598dcc
2026-05-23 14:53:16,178 INFO [T43] leaf pattern=035478???? got=14 saved=14
2026-05-23 14:53:16,190 INFO [T36] leaf pattern=035452???? got=9 saved=9
2026-05-23 14:53:16,230 INFO [T27] leaf pattern=035453???? got=8 saved=8
2026-05-23 14:53:16,322 INFO [T39] leaf pattern=035454???? got=8 saved=8
2026-05-23 14:53:16,390 INFO [T50] leaf pattern=035455???? got=2 saved=2
2026-05-23 14:53:16,486 INFO [T38] leaf pattern=035456???? got=2 saved=2
2026-05-23 14:53:16,547 INFO [T34] leaf pattern=035457???? got=12 saved=12
2026-05-23 14:53:16,586 INFO [T47] leaf pattern=035462???? got=10 saved=10
2026-05-23 14:53:16,604 INFO [T23] leaf pattern=035460???? got=9 saved=9
2026-05-23 14:53:16,612 INFO [T11] leaf pattern=035458???? got=11 saved=11
2026-05-23 14:53:16,630 INFO [T10] leaf pattern=035459???? got=6 saved=6
2026-05-23 14:53:16,641 INFO [T26] leaf pattern=035463???? got=7 saved=7
2026-05-23 14:53:16,695 INFO [T24] leaf pattern=035468???? got=15 saved=15
2026-05-23 14:53:16,715 INFO [T14] leaf pattern=035464???? got=6 saved=6
2026-05-23 14:53:16,719 INFO [T2] leaf pattern=035467???? got=16 saved=16
2026-05-23 14:53:16,752 INFO [T21] leaf pattern=035465???? got=6 saved=6
2026-05-23 14:53:16,836 INFO [T49] leaf pattern=035480???? got=10 saved=10
2026-05-23 14:53:16,880 INFO [T41] leaf pattern=035466???? got=10 saved=10
2026-05-23 14:53:16,913 INFO [T44] leaf pattern=035481???? got=12 saved=12
2026-05-23 14:53:16,932 INFO [T19] leaf pattern=035482???? got=9 saved=9
2026-05-23 14:53:16,976 INFO [T20] leaf pattern=035483???? got=16 saved=16
2026-05-23 14:53:16,981 INFO [T3] leaf pattern=035461???? got=9 saved=9
2026-05-23 14:53:17,009 INFO [T17] leaf pattern=035484???? got=10 saved=10
2026-05-23 14:53:17,110 INFO [T4] leaf pattern=035485???? got=7 saved=7
2026-05-23 14:53:17,118 INFO [T1] leaf pattern=035486???? got=2 saved=2
2026-05-23 14:53:17,168 INFO [T7] leaf pattern=035487???? got=8 saved=8
2026-05-23 14:53:17,273 INFO [T45] leaf pattern=035489???? got=13 saved=13
2026-05-23 14:53:17,357 INFO [T28] leaf pattern=035440???? got=7 saved=7
2026-05-23 14:53:17,371 INFO [T16] leaf pattern=035488???? got=4 saved=4
2026-05-23 14:53:17,455 INFO [T35] leaf pattern=035443???? got=12 saved=12
2026-05-23 14:53:17,770 INFO [T18] leaf pattern=035444???? got=4 saved=4
2026-05-23 14:53:17,787 INFO [T37] leaf pattern=035441???? got=8 saved=8
2026-05-23 14:53:17,796 INFO [T48] leaf pattern=035445???? got=3 saved=3
2026-05-23 14:53:17,800 INFO [T33] leaf pattern=035469???? got=15 saved=15
2026-05-23 14:53:17,827 INFO [T13] leaf pattern=035447???? got=10 saved=10
2026-05-23 14:53:17,875 INFO [T8] leaf pattern=035446???? got=8 saved=8
2026-05-23 14:53:17,915 INFO [T40] leaf pattern=035448???? got=18 saved=18
2026-05-23 14:53:17,966 INFO [T25] leaf pattern=035442???? got=17 saved=17
2026-05-23 14:53:18,101 INFO [T22] leaf pattern=035449???? got=16 saved=16
2026-05-23 14:53:18,313 INFO [T9] leaf pattern=038620???? got=1 saved=1
2026-05-23 14:53:18,569 INFO [T32] leaf pattern=038621???? got=5 saved=5
2026-05-23 14:53:18,628 INFO [T15] leaf pattern=038623???? got=13 saved=13
2026-05-23 14:53:18,710 INFO [T46] leaf pattern=038624???? got=10 saved=10
2026-05-23 14:53:18,792 INFO [T5] leaf pattern=038622???? got=3 saved=3
2026-05-23 14:53:18,900 INFO [T12] leaf pattern=038625???? got=8 saved=8
2026-05-23 14:53:18,927 INFO [T42] leaf pattern=038627???? got=9 saved=9
2026-05-23 14:53:18,957 INFO [T29] leaf pattern=038626???? got=6 saved=6
2026-05-23 14:53:19,136 INFO [T36] leaf pattern=038600???? got=1 saved=1
2026-05-23 14:53:19,169 INFO [T27] leaf pattern=038601???? got=4 saved=4
2026-05-23 14:53:19,285 INFO [T39] leaf pattern=038602???? got=10 saved=10
2026-05-23 14:53:19,392 INFO [T50] leaf pattern=038603???? got=11 saved=11
2026-05-23 14:53:19,396 INFO [T43] leaf pattern=038629???? got=7 saved=7
2026-05-23 14:53:19,439 INFO [T34] leaf pattern=038605???? got=16 saved=16
2026-05-23 14:53:19,453 INFO [T38] leaf pattern=038604???? got=19 saved=19
2026-05-23 14:53:19,481 INFO [T47] leaf pattern=038606???? got=8 saved=8
2026-05-23 14:53:19,516 INFO [T23] leaf pattern=038607???? got=13 saved=13
2026-05-23 14:53:19,602 INFO [T26] leaf pattern=038630???? got=10 saved=10
2026-05-23 14:53:19,606 INFO [T2] leaf pattern=038632???? got=9 saved=9
2026-05-23 14:53:19,620 INFO [T10] leaf pattern=038609???? got=10 saved=10
2026-05-23 14:53:19,630 INFO [T21] leaf pattern=038634???? got=8 saved=8
2026-05-23 14:53:19,717 INFO [T14] leaf pattern=038633???? got=3 saved=3
2026-05-23 14:53:19,722 INFO [T24] leaf pattern=038631???? got=8 saved=8
2026-05-23 14:53:19,761 INFO [T31] D1N refreshed 2f81728403708fb8…
2026-05-23 14:53:19,768 INFO [T49] leaf pattern=038635???? got=7 saved=7
2026-05-23 14:53:19,842 INFO [T44] leaf pattern=038637???? got=2 saved=2
2026-05-23 14:53:19,851 INFO [T41] leaf pattern=038636???? got=2 saved=2
2026-05-23 14:53:19,865 INFO [T19] leaf pattern=038638???? got=2 saved=2
2026-05-23 14:53:19,902 INFO [T17] leaf pattern=038651???? got=8 saved=8
2026-05-23 14:53:19,931 INFO [T3] leaf pattern=038650???? got=4 saved=4
2026-05-23 14:53:19,951 INFO [T20] leaf pattern=038639???? got=3 saved=3
2026-05-23 14:53:19,972 INFO [T11] leaf pattern=038608???? got=10 saved=10
2026-05-23 14:53:20,017 INFO [T4] leaf pattern=038652???? got=8 saved=8
2026-05-23 14:53:20,076 INFO [T7] leaf pattern=038654???? got=5 saved=5
2026-05-23 14:53:20,252 INFO [T28] leaf pattern=038656???? got=8 saved=8
2026-05-23 14:53:20,364 INFO [T35] leaf pattern=038658???? got=4 saved=4
2026-05-23 14:53:20,512 INFO [T1] leaf pattern=038653???? got=12 saved=12
2026-05-23 14:53:20,516 WARNING [T37] ec=1 rate limited, rotating IP
2026-05-23 14:53:20,516 INFO [T37] rotate IP ff92cc90 → a2a34f20
2026-05-23 14:53:20,541 INFO [T45] leaf pattern=038655???? got=4 saved=4
2026-05-23 14:53:20,683 INFO [T16] leaf pattern=038657???? got=9 saved=9
2026-05-23 14:53:20,697 INFO [T33] leaf pattern=038641???? got=8 saved=8
2026-05-23 14:53:20,714 INFO [T18] leaf pattern=038659???? got=9 saved=9
2026-05-23 14:53:20,812 INFO [T13] leaf pattern=038643???? got=8 saved=8
2026-05-23 14:53:20,915 INFO [T8] leaf pattern=038644???? got=8 saved=8
2026-05-23 14:53:20,992 INFO [T40] leaf pattern=038645???? got=5 saved=5
2026-05-23 14:53:21,071 INFO [T48] leaf pattern=038642???? got=7 saved=7
2026-05-23 14:53:21,151 INFO [T22] leaf pattern=038647???? got=10 saved=10
2026-05-23 14:53:21,211 INFO [T25] leaf pattern=038646???? got=11 saved=11
2026-05-23 14:53:21,400 INFO [T9] leaf pattern=038648???? got=12 saved=12
2026-05-23 14:53:21,474 INFO [T32] leaf pattern=038649???? got=17 saved=17
2026-05-23 14:53:21,564 INFO [T15] leaf pattern=038660???? got=6 saved=6
2026-05-23 14:53:21,643 INFO [T46] leaf pattern=038661???? got=6 saved=6
2026-05-23 14:53:21,668 INFO [T6] D1N refreshed cc3dd099c9b320be…
2026-05-23 14:53:21,675 INFO [T5] leaf pattern=038662???? got=5 saved=5
2026-05-23 14:53:21,861 INFO [T12] leaf pattern=038663???? got=2 saved=2
2026-05-23 14:53:21,880 INFO [T42] leaf pattern=038664???? got=12 saved=12
2026-05-23 14:53:21,894 INFO [T29] leaf pattern=038665???? got=3 saved=3
2026-05-23 14:53:22,076 INFO [T36] leaf pattern=038666???? got=0 saved=0
2026-05-23 14:53:22,092 INFO [T27] leaf pattern=038667???? got=9 saved=9
2026-05-23 14:53:22,233 INFO [T39] leaf pattern=038668???? got=0 saved=0
2026-05-23 14:53:22,330 INFO [T37] D1N refreshed 7a6d6fd9c6ba582e…
2026-05-23 14:53:22,336 INFO [T50] leaf pattern=038669???? got=6 saved=6
2026-05-23 14:53:22,355 INFO [T47] leaf pattern=038613???? got=6 saved=6
2026-05-23 14:53:22,385 INFO [T34] leaf pattern=038611???? got=3 saved=3
2026-05-23 14:53:22,423 INFO [T38] leaf pattern=038612???? got=11 saved=11
2026-05-23 14:53:22,477 INFO [T23] leaf pattern=038614???? got=15 saved=15
2026-05-23 14:53:22,486 INFO [T21] leaf pattern=038618???? got=8 saved=8
2026-05-23 14:53:22,500 INFO [T2] leaf pattern=038616???? got=9 saved=9
2026-05-23 14:53:22,518 INFO [T26] leaf pattern=038615???? got=10 saved=10
2026-05-23 14:53:22,533 INFO [T24] leaf pattern=038670???? got=13 saved=13
2026-05-23 14:53:22,582 INFO [T14] leaf pattern=038619???? got=12 saved=12
2026-05-23 14:53:22,585 INFO [T43] leaf pattern=038610???? got=13 saved=13
2026-05-23 14:53:22,595 INFO [T10] leaf pattern=038617???? got=12 saved=12
2026-05-23 14:53:22,681 INFO [T49] leaf pattern=038671???? got=4 saved=4
2026-05-23 14:53:22,729 INFO [T19] leaf pattern=038674???? got=14 saved=14
2026-05-23 14:53:22,782 INFO [T44] leaf pattern=038672???? got=10 saved=10
2026-05-23 14:53:22,799 INFO [T41] leaf pattern=038673???? got=7 saved=7
2026-05-23 14:53:22,834 INFO [T17] leaf pattern=038675???? got=13 saved=13
2026-05-23 14:53:22,882 INFO [T11] leaf pattern=038678???? got=0 saved=0
2026-05-23 14:53:22,932 INFO [T4] leaf pattern=038679???? got=7 saved=7
2026-05-23 14:53:22,973 INFO [T3] leaf pattern=038676???? got=7 saved=7
2026-05-23 14:53:23,019 INFO [T7] leaf pattern=038690???? got=10 saved=10
2026-05-23 14:53:23,204 INFO [T28] leaf pattern=038691???? got=14 saved=14
2026-05-23 14:53:23,255 INFO [T35] leaf pattern=038692???? got=11 saved=11
2026-05-23 14:53:23,340 INFO [T20] leaf pattern=038677???? got=2 saved=2
2026-05-23 14:53:23,425 INFO [T1] leaf pattern=038693???? got=11 saved=11
2026-05-23 14:53:23,433 WARNING [T31] D1N unresolved, rotating IP
2026-05-23 14:53:23,433 INFO [T31] rotate IP 97ea9667 → 05b4de47
2026-05-23 14:53:23,505 INFO [T45] leaf pattern=038694???? got=8 saved=8
2026-05-23 14:53:23,651 INFO [T33] leaf pattern=038696???? got=4 saved=4
2026-05-23 14:53:23,711 INFO [T30] leaf pattern=035415???? got=5 saved=5
2026-05-23 14:53:23,731 INFO [T13] leaf pattern=038698???? got=7 saved=7
2026-05-23 14:53:23,736 INFO [T18] leaf pattern=038697???? got=12 saved=12
2026-05-23 14:53:23,780 INFO [T8] leaf pattern=038699???? got=4 saved=4
2026-05-23 14:53:23,919 INFO [T16] leaf pattern=038695???? got=8 saved=8
2026-05-23 14:53:23,932 INFO [T40] leaf pattern=035700???? got=2 saved=2
2026-05-23 14:53:24,000 INFO [T48] leaf pattern=035701???? got=10 saved=10
2026-05-23 14:53:24,103 INFO [T25] leaf pattern=035703???? got=8 saved=8
2026-05-23 14:53:24,158 INFO [T22] leaf pattern=035702???? got=10 saved=10
2026-05-23 14:53:24,345 INFO [T9] leaf pattern=035704???? got=9 saved=9
2026-05-23 14:53:24,419 INFO [T32] leaf pattern=035705???? got=13 saved=13
2026-05-23 14:53:24,572 INFO [T5] leaf pattern=035708???? got=11 saved=11
2026-05-23 14:53:24,595 INFO [T46] leaf pattern=035707???? got=6 saved=6
2026-05-23 14:53:24,768 INFO [T42] leaf pattern=035710???? got=12 saved=12
2026-05-23 14:53:24,782 INFO [T12] leaf pattern=035709???? got=8 saved=8
2026-05-23 14:53:24,817 INFO [T29] leaf pattern=035711???? got=2 saved=2
2026-05-23 14:53:24,876 INFO [T15] leaf pattern=035706???? got=7 saved=7
2026-05-23 14:53:24,968 INFO [T36] leaf pattern=035712???? got=7 saved=7
2026-05-23 14:53:24,982 INFO [T27] leaf pattern=035713???? got=8 saved=8
2026-05-23 14:53:25,179 INFO [T39] leaf pattern=035714???? got=9 saved=9
2026-05-23 14:53:25,198 INFO [T31] D1N refreshed 24d156b54714ce0a…
2026-05-23 14:53:25,248 INFO [T47] leaf pattern=035716???? got=9 saved=9
2026-05-23 14:53:25,399 INFO [T21] leaf pattern=035720???? got=6 saved=6
2026-05-23 14:53:25,403 INFO [T38] leaf pattern=035718???? got=5 saved=5
2026-05-23 14:53:25,481 INFO [T24] leaf pattern=035723???? got=9 saved=9
2026-05-23 14:53:25,500 INFO [T50] leaf pattern=035715???? got=8 saved=8
2026-05-23 14:53:25,514 INFO [T26] leaf pattern=035722???? got=4 saved=4
2026-05-23 14:53:25,524 INFO [T23] leaf pattern=035719???? got=10 saved=10
2026-05-23 14:53:25,550 INFO [T14] leaf pattern=035724???? got=3 saved=3
2026-05-23 14:53:25,574 INFO [T2] leaf pattern=035721???? got=10 saved=10
2026-05-23 14:53:25,579 INFO [T34] leaf pattern=035717???? got=4 saved=4
2026-05-23 14:53:25,598 INFO [T10] leaf pattern=035726???? got=13 saved=13
2026-05-23 14:53:25,635 INFO [T49] leaf pattern=035727???? got=7 saved=7
2026-05-23 14:53:25,653 INFO [T44] leaf pattern=035729???? got=5 saved=5
2026-05-23 14:53:25,755 INFO [T17] leaf pattern=035731???? got=6 saved=6
2026-05-23 14:53:25,804 INFO [T41] leaf pattern=035730???? got=5 saved=5
2026-05-23 14:53:25,839 INFO [T4] leaf pattern=035733???? got=4 saved=4
2026-05-23 14:53:25,874 INFO [T11] leaf pattern=035732???? got=5 saved=5
2026-05-23 14:53:25,961 INFO [T43] leaf pattern=035725???? got=7 saved=7
2026-05-23 14:53:25,965 INFO [T7] leaf pattern=035735???? got=4 saved=4
2026-05-23 14:53:26,161 INFO [T35] leaf pattern=035737???? got=4 saved=4
2026-05-23 14:53:26,175 INFO [T28] leaf pattern=035736???? got=5 saved=5
2026-05-23 14:53:26,194 INFO [T20] leaf pattern=035738???? got=3 saved=3
2026-05-23 14:53:26,273 INFO [T3] leaf pattern=035734???? got=15 saved=15
2026-05-23 14:53:26,422 INFO [T37] leaf pattern=038640???? got=16 saved=16
2026-05-23 14:53:26,575 INFO [T45] leaf pattern=035740???? got=11 saved=11
2026-05-23 14:53:26,580 INFO [T33] leaf pattern=035741???? got=5 saved=5
2026-05-23 14:53:26,681 INFO [T13] leaf pattern=035743???? got=9 saved=9
2026-05-23 14:53:26,685 INFO [T18] leaf pattern=035744???? got=4 saved=4
2026-05-23 14:53:26,715 INFO [T1] leaf pattern=035739???? got=11 saved=11
2026-05-23 14:53:26,740 INFO [T8] leaf pattern=035745???? got=6 saved=6
2026-05-23 14:53:26,749 INFO [T19] leaf pattern=035728???? got=5 saved=5
2026-05-23 14:53:26,789 INFO [T30] leaf pattern=035742???? got=8 saved=8
2026-05-23 14:53:26,897 INFO [T40] leaf pattern=035747???? got=10 saved=10
2026-05-23 14:53:26,931 INFO [T48] leaf pattern=035748???? got=15 saved=15
2026-05-23 14:53:27,173 INFO [T22] leaf pattern=035770???? got=5 saved=5
2026-05-23 14:53:27,197 INFO [T9] leaf pattern=035771???? got=4 saved=4
2026-05-23 14:53:27,209 INFO [T16] leaf pattern=035746???? got=7 saved=7
2026-05-23 14:53:27,357 INFO [T32] leaf pattern=035772???? got=4 saved=4
2026-05-23 14:53:27,485 INFO [T5] leaf pattern=035773???? got=6 saved=6
2026-05-23 14:53:27,515 INFO [T46] leaf pattern=035774???? got=9 saved=9
2026-05-23 14:53:27,712 INFO [T42] leaf pattern=035775???? got=4 saved=4
2026-05-23 14:53:27,790 INFO [T29] leaf pattern=035777???? got=0 saved=0
2026-05-23 14:53:27,806 INFO [T12] leaf pattern=035776???? got=7 saved=7
2026-05-23 14:53:27,849 INFO [T15] leaf pattern=035778???? got=6 saved=6
2026-05-23 14:53:27,949 INFO [T36] leaf pattern=035779???? got=9 saved=9
2026-05-23 14:53:27,963 INFO [T27] leaf pattern=035750???? got=13 saved=13
2026-05-23 14:53:28,020 INFO [T25] leaf pattern=035749???? got=16 saved=16
2026-05-23 14:53:28,083 INFO [T39] leaf pattern=035751???? got=9 saved=9
2026-05-23 14:53:28,149 INFO [T47] leaf pattern=035752???? got=3 saved=3
2026-05-23 14:53:28,273 INFO [T21] leaf pattern=035753???? got=9 saved=9
2026-05-23 14:53:28,314 INFO [T38] leaf pattern=035754???? got=10 saved=10
2026-05-23 14:53:28,377 INFO [T26] leaf pattern=035757???? got=3 saved=3
2026-05-23 14:53:28,423 INFO [T14] leaf pattern=035759???? got=9 saved=9
2026-05-23 14:53:28,429 INFO [T24] leaf pattern=035755???? got=2 saved=2
2026-05-23 14:53:28,442 INFO [T23] leaf pattern=035758???? got=6 saved=6
2026-05-23 14:53:28,447 INFO [T2] leaf pattern=035760???? got=8 saved=8
2026-05-23 14:53:28,481 INFO [T50] leaf pattern=035756???? got=8 saved=8
2026-05-23 14:53:28,490 INFO [T34] leaf pattern=035761???? got=13 saved=13
2026-05-23 14:53:28,520 INFO [T49] leaf pattern=035763???? got=11 saved=11
2026-05-23 14:53:28,529 INFO [T44] leaf pattern=035764???? got=6 saved=6
2026-05-23 14:53:28,546 INFO [T10] leaf pattern=035762???? got=5 saved=5
2026-05-23 14:53:28,653 INFO [T17] leaf pattern=035765???? got=5 saved=5
2026-05-23 14:53:28,759 INFO [T4] leaf pattern=035767???? got=6 saved=6
2026-05-23 14:53:28,781 INFO [T41] leaf pattern=035766???? got=5 saved=5
2026-05-23 14:53:28,904 INFO [T43] leaf pattern=035769???? got=10 saved=10
2026-05-23 14:53:28,909 INFO [T11] leaf pattern=035768???? got=8 saved=8
2026-05-23 14:53:28,983 INFO [T7] leaf pattern=035900???? got=3 saved=3
2026-05-23 14:53:29,069 INFO [T35] leaf pattern=035901???? got=3 saved=3
2026-05-23 14:53:29,091 INFO [T20] leaf pattern=035903???? got=6 saved=6
2026-05-23 14:53:29,106 INFO [T28] leaf pattern=035902???? got=5 saved=5
2026-05-23 14:53:29,336 INFO [T31] leaf pattern=038628???? got=8 saved=8
2026-05-23 14:53:29,413 INFO [T37] leaf pattern=035905???? got=9 saved=9
2026-05-23 14:53:29,424 INFO [T6] leaf pattern=035402???? got=16 saved=16
2026-05-23 14:53:29,446 INFO [T33] leaf pattern=035907???? got=19 saved=19
2026-05-23 14:53:29,496 INFO [T3] leaf pattern=035904???? got=11 saved=11
2026-05-23 14:53:29,536 INFO [T45] leaf pattern=035906???? got=13 saved=13
2026-05-23 14:53:29,548 INFO [T13] leaf pattern=035908???? got=10 saved=10
2026-05-23 14:53:29,569 INFO [T1] leaf pattern=035780???? got=4 saved=4
2026-05-23 14:53:29,651 INFO [T18] leaf pattern=035909???? got=4 saved=4
2026-05-23 14:53:29,663 INFO [T8] leaf pattern=035781???? got=6 saved=6
2026-05-23 14:53:29,687 INFO [T19] leaf pattern=035782???? got=10 saved=10
2026-05-23 14:53:29,807 INFO [T40] leaf pattern=035784???? got=6 saved=6
2026-05-23 14:53:29,823 INFO [T30] leaf pattern=035783???? got=11 saved=11
2026-05-23 14:53:29,879 INFO [T48] leaf pattern=035785???? got=12 saved=12
2026-05-23 14:53:30,141 INFO [T9] leaf pattern=035787???? got=1 saved=1
2026-05-23 14:53:30,161 INFO [T22] leaf pattern=035786???? got=8 saved=8
2026-05-23 14:53:30,227 INFO [T16] leaf pattern=035788???? got=2 saved=2
2026-05-23 14:53:30,386 INFO [T32] leaf pattern=035789???? got=12 saved=12
2026-05-23 14:53:30,574 INFO [T46] leaf pattern=035790???? got=5 saved=5
2026-05-23 14:53:30,603 INFO [T42] leaf pattern=035792???? got=5 saved=5
2026-05-23 14:53:30,716 INFO [T12] leaf pattern=035794???? got=6 saved=6
2026-05-23 14:53:30,749 INFO [T29] leaf pattern=035793???? got=6 saved=6
2026-05-23 14:53:30,768 INFO [T15] leaf pattern=035795???? got=7 saved=7
2026-05-23 14:53:30,884 INFO [T36] leaf pattern=035796???? got=10 saved=10
2026-05-23 14:53:30,907 INFO [T27] leaf pattern=035797???? got=4 saved=4
2026-05-23 14:53:30,921 INFO [T25] leaf pattern=035798???? got=4 saved=4
2026-05-23 14:53:30,984 INFO [T39] leaf pattern=035799???? got=2 saved=2
2026-05-23 14:53:31,057 INFO [T47] leaf pattern=035910???? got=9 saved=9
2026-05-23 14:53:31,180 INFO [T21] leaf pattern=035911???? got=7 saved=7
2026-05-23 14:53:31,263 INFO [T38] leaf pattern=035912???? got=4 saved=4
2026-05-23 14:53:31,345 INFO [T26] leaf pattern=035913???? got=6 saved=6
2026-05-23 14:53:31,348 INFO [T24] leaf pattern=035915???? got=15 saved=15
2026-05-23 14:53:31,367 INFO [T23] leaf pattern=035916???? got=8 saved=8
2026-05-23 14:53:31,374 INFO [T50] leaf pattern=035918???? got=15 saved=15
2026-05-23 14:53:31,392 INFO [T49] leaf pattern=035920???? got=14 saved=14
2026-05-23 14:53:31,407 INFO [T5] leaf pattern=035791???? got=5 saved=5
2026-05-23 14:53:31,422 INFO [T34] leaf pattern=035919???? got=10 saved=10
2026-05-23 14:53:31,450 INFO [T14] leaf pattern=035914???? got=15 saved=15
2026-05-23 14:53:31,466 INFO [T44] leaf pattern=035921???? got=15 saved=15
2026-05-23 14:53:31,475 INFO [T2] leaf pattern=035917???? got=19 saved=19
2026-05-23 14:53:31,527 INFO [T10] leaf pattern=035922???? got=11 saved=11
2026-05-23 14:53:31,568 INFO [T17] leaf pattern=035923???? got=17 saved=17
2026-05-23 14:53:31,667 INFO [T4] leaf pattern=035924???? got=13 saved=13
2026-05-23 14:53:31,769 INFO [T41] leaf pattern=035925???? got=13 saved=13
2026-05-23 14:53:31,813 INFO [T43] leaf pattern=035926???? got=11 saved=11
2026-05-23 14:53:31,845 INFO [T7] leaf pattern=035928???? got=5 saved=5
2026-05-23 14:53:31,956 INFO [T35] leaf pattern=035929???? got=4 saved=4
2026-05-23 14:53:31,970 INFO [T11] leaf pattern=035927???? got=7 saved=7
2026-05-23 14:53:32,006 INFO [T20] leaf pattern=035930???? got=11 saved=11
2026-05-23 14:53:32,041 INFO [T28] leaf pattern=035931???? got=0 saved=0
2026-05-23 14:53:32,248 INFO [T31] leaf pattern=035932???? got=10 saved=10
2026-05-23 14:53:32,377 INFO [T33] leaf pattern=035935???? got=5 saved=5
2026-05-23 14:53:32,395 INFO [T37] leaf pattern=035933???? got=4 saved=4
2026-05-23 14:53:32,469 INFO [T1] leaf pattern=035939???? got=6 saved=6
2026-05-23 14:53:32,473 INFO [T13] leaf pattern=035938???? got=7 saved=7
2026-05-23 14:53:32,482 INFO [T3] leaf pattern=035936???? got=2 saved=2
2026-05-23 14:53:32,538 INFO [T45] leaf pattern=035937???? got=15 saved=15
2026-05-23 14:53:32,543 INFO [T6] leaf pattern=035934???? got=7 saved=7
2026-05-23 14:53:32,584 INFO [T19] leaf pattern=035942???? got=15 saved=15
2026-05-23 14:53:32,593 INFO [T8] leaf pattern=035941???? got=12 saved=12
2026-05-23 14:53:32,693 INFO [T18] leaf pattern=035940???? got=10 saved=10
2026-05-23 14:53:32,765 INFO [T40] leaf pattern=035943???? got=9 saved=9
2026-05-23 14:53:32,828 INFO [T48] leaf pattern=035945???? got=12 saved=12
2026-05-23 14:53:32,987 INFO [T30] leaf pattern=035944???? got=8 saved=8
2026-05-23 14:53:33,011 INFO [T9] leaf pattern=035946???? got=14 saved=14
2026-05-23 14:53:33,209 INFO [T22] leaf pattern=035947???? got=7 saved=7
2026-05-23 14:53:33,302 INFO [T32] leaf pattern=035949???? got=9 saved=9
2026-05-23 14:53:33,555 INFO [T16] leaf pattern=035948???? got=10 saved=10
2026-05-23 14:53:33,560 INFO [T46] leaf pattern=035960???? got=10 saved=10
2026-05-23 14:53:33,585 INFO [T42] leaf pattern=035961???? got=9 saved=9
2026-05-23 14:53:33,692 INFO [T12] leaf pattern=035962???? got=11 saved=11
2026-05-23 14:53:33,709 INFO [T15] leaf pattern=035964???? got=13 saved=13
2026-05-23 14:53:33,719 INFO [T29] leaf pattern=035963???? got=9 saved=9
2026-05-23 14:53:33,804 INFO [T27] leaf pattern=035966???? got=4 saved=4
2026-05-23 14:53:33,872 INFO [T25] leaf pattern=035967???? got=7 saved=7
2026-05-23 14:53:33,882 INFO [T36] leaf pattern=035965???? got=6 saved=6
2026-05-23 14:53:33,913 INFO [T39] leaf pattern=035968???? got=5 saved=5
2026-05-23 14:53:33,937 INFO [T47] leaf pattern=035969???? got=5 saved=5
2026-05-23 14:53:34,045 INFO [T21] leaf pattern=035990???? got=8 saved=8
2026-05-23 14:53:34,195 INFO [T26] leaf pattern=035992???? got=9 saved=9
2026-05-23 14:53:34,269 INFO [T24] leaf pattern=035993???? got=2 saved=2
2026-05-23 14:53:34,291 INFO [T49] leaf pattern=035996???? got=3 saved=3
2026-05-23 14:53:34,307 INFO [T23] leaf pattern=035994???? got=8 saved=8
2026-05-23 14:53:34,346 INFO [T44] leaf pattern=035970???? got=12 saved=12
2026-05-23 14:53:34,370 INFO [T14] leaf pattern=035999???? got=0 saved=0
2026-05-23 14:53:34,375 INFO [T34] leaf pattern=035998???? got=5 saved=5
2026-05-23 14:53:34,388 INFO [T50] leaf pattern=035995???? got=1 saved=1
2026-05-23 14:53:34,451 INFO [T10] leaf pattern=035972???? got=7 saved=7
2026-05-23 14:53:34,478 INFO [T17] leaf pattern=035973???? got=12 saved=12
2026-05-23 14:53:34,526 INFO [T38] leaf pattern=035991???? got=5 saved=5
2026-05-23 14:53:34,578 INFO [T5] leaf pattern=035997???? got=3 saved=3
2026-05-23 14:53:34,594 INFO [T4] leaf pattern=035974???? got=6 saved=6
2026-05-23 14:53:34,675 INFO [T41] leaf pattern=035975???? got=6 saved=6
2026-05-23 14:53:34,884 INFO [T43] leaf pattern=035976???? got=6 saved=6
2026-05-23 14:53:34,989 INFO [T35] leaf pattern=035978???? got=2 saved=2
2026-05-23 14:53:34,994 INFO [T7] leaf pattern=035977???? got=5 saved=5
2026-05-23 14:53:35,035 INFO [T20] leaf pattern=035980???? got=7 saved=7
2026-05-23 14:53:35,070 INFO [T28] leaf pattern=035981???? got=16 saved=16
2026-05-23 14:53:35,150 INFO [T11] leaf pattern=035979???? got=9 saved=9
2026-05-23 14:53:35,201 INFO [T31] leaf pattern=035982???? got=12 saved=12
2026-05-23 14:53:35,265 INFO [T33] leaf pattern=035983???? got=11 saved=11
2026-05-23 14:53:35,358 INFO [T13] leaf pattern=035985???? got=10 saved=10
2026-05-23 14:53:35,445 INFO [T1] leaf pattern=035986???? got=12 saved=12
2026-05-23 14:53:35,458 INFO [T2] leaf pattern=035971???? got=5 saved=5
2026-05-23 14:53:35,512 INFO [T45] leaf pattern=035988???? got=5 saved=5
2026-05-23 14:53:35,534 INFO [T8] leaf pattern=035841???? got=10 saved=10
2026-05-23 14:53:35,537 INFO [T37] leaf pattern=035984???? got=17 saved=17
2026-05-23 14:53:35,653 INFO [T19] leaf pattern=035840???? got=5 saved=5
2026-05-23 14:53:35,659 INFO [T6] leaf pattern=035989???? got=3 saved=3
2026-05-23 14:53:35,713 INFO [T18] leaf pattern=035842???? got=10 saved=10
2026-05-23 14:53:35,717 INFO [T40] leaf pattern=035843???? got=10 saved=10
2026-05-23 14:53:35,733 INFO [T3] leaf pattern=035987???? got=11 saved=11
2026-05-23 14:53:35,815 INFO [T48] leaf pattern=035844???? got=6 saved=6
2026-05-23 14:53:35,915 INFO [T9] leaf pattern=035846???? got=13 saved=13
2026-05-23 14:53:36,214 INFO [T22] leaf pattern=035847???? got=9 saved=9
2026-05-23 14:53:36,259 INFO [T30] leaf pattern=035845???? got=5 saved=5
2026-05-23 14:53:36,340 INFO [T32] leaf pattern=035848???? got=10 saved=10
2026-05-23 14:53:36,438 INFO [T46] leaf pattern=035810???? got=9 saved=9
2026-05-23 14:53:36,474 INFO [T16] leaf pattern=035849???? got=6 saved=6
2026-05-23 14:53:36,598 INFO [T15] leaf pattern=035813???? got=4 saved=4
2026-05-23 14:53:36,632 INFO [T12] leaf pattern=035812???? got=7 saved=7
2026-05-23 14:53:36,644 INFO [T29] leaf pattern=035814???? got=9 saved=9
2026-05-23 14:53:36,716 INFO [T27] leaf pattern=035815???? got=9 saved=9
2026-05-23 14:53:36,882 INFO [T39] leaf pattern=035818???? got=6 saved=6
2026-05-23 14:53:36,886 INFO [T25] leaf pattern=035816???? got=5 saved=5
2026-05-23 14:53:36,902 INFO [T36] leaf pattern=035817???? got=11 saved=11
2026-05-23 14:53:36,907 INFO [T42] leaf pattern=035811???? got=5 saved=5
2026-05-23 14:53:36,912 INFO [T47] leaf pattern=035819???? got=5 saved=5
2026-05-23 14:53:36,970 INFO [T21] leaf pattern=035800???? got=0 saved=0
2026-05-23 14:53:37,199 INFO [T26] leaf pattern=035801???? got=9 saved=9
2026-05-23 14:53:37,265 INFO [T24] leaf pattern=035802???? got=4 saved=4
2026-05-23 14:53:37,294 INFO [T49] leaf pattern=035803???? got=6 saved=6
2026-05-23 14:53:37,298 INFO [T23] leaf pattern=035804???? got=13 saved=13
2026-05-23 14:53:37,307 INFO [T34] leaf pattern=035807???? got=10 saved=10
2026-05-23 14:53:37,313 INFO [T44] leaf pattern=035805???? got=8 saved=8
2026-05-23 14:53:37,328 INFO [T14] leaf pattern=035806???? got=7 saved=7
2026-05-23 14:53:37,380 INFO [T50] leaf pattern=035808???? got=10 saved=10
2026-05-23 14:53:37,404 INFO [T17] leaf pattern=035950???? got=11 saved=11
2026-05-23 14:53:37,418 INFO [T10] leaf pattern=035809???? got=10 saved=10
2026-05-23 14:53:37,448 INFO [T38] leaf pattern=035951???? got=8 saved=8
2026-05-23 14:53:37,474 INFO [T5] leaf pattern=035952???? got=10 saved=10
2026-05-23 14:53:37,507 INFO [T4] leaf pattern=035953???? got=13 saved=13
2026-05-23 14:53:37,720 INFO [T41] leaf pattern=035954???? got=17 saved=17
2026-05-23 14:53:37,749 INFO [T43] leaf pattern=035955???? got=1 saved=1
2026-05-23 14:53:37,761 INFO [T35] leaf pattern=035957???? got=10 saved=10
2026-05-23 14:53:37,793 INFO [T20] leaf pattern=035958???? got=15 saved=15
2026-05-23 14:53:37,803 INFO [T7] leaf pattern=035956???? got=9 saved=9
2026-05-23 14:53:37,981 INFO [T28] leaf pattern=035959???? got=1 saved=1
2026-05-23 14:53:38,115 INFO [T11] leaf pattern=035830???? got=7 saved=7
2026-05-23 14:53:38,161 INFO [T33] leaf pattern=035832???? got=3 saved=3
2026-05-23 14:53:38,309 INFO [T13] leaf pattern=035833???? got=6 saved=6
2026-05-23 14:53:38,429 INFO [T1] leaf pattern=035834???? got=8 saved=8
2026-05-23 14:53:38,443 INFO [T2] leaf pattern=035835???? got=4 saved=4
2026-05-23 14:53:38,448 INFO [T31] leaf pattern=035831???? got=9 saved=9
2026-05-23 14:53:38,539 INFO [T8] leaf pattern=035837???? got=7 saved=7
2026-05-23 14:53:38,545 INFO [T37] leaf pattern=035838???? got=2 saved=2
2026-05-23 14:53:38,615 INFO [T45] leaf pattern=035836???? got=10 saved=10
2026-05-23 14:53:38,620 INFO [T19] leaf pattern=035839???? got=3 saved=3
2026-05-23 14:53:38,657 INFO [T6] leaf pattern=035820???? got=3 saved=3
2026-05-23 14:53:38,666 INFO [T40] leaf pattern=035822???? got=3 saved=3
2026-05-23 14:53:38,754 INFO [T48] leaf pattern=035824???? got=11 saved=11
2026-05-23 14:53:38,794 INFO [T9] leaf pattern=035825???? got=8 saved=8
2026-05-23 14:53:39,058 INFO [T18] leaf pattern=035821???? got=4 saved=4
2026-05-23 14:53:39,091 INFO [T3] leaf pattern=035823???? got=7 saved=7
2026-05-23 14:53:39,225 INFO [T22] leaf pattern=035826???? got=11 saved=11
2026-05-23 14:53:39,284 INFO [T32] leaf pattern=035828???? got=7 saved=7
2026-05-23 14:53:39,373 INFO [T46] leaf pattern=035829???? got=11 saved=11
2026-05-23 14:53:39,418 INFO [T16] leaf pattern=035850???? got=12 saved=12
2026-05-23 14:53:39,486 INFO [T15] leaf pattern=035851???? got=6 saved=6
2026-05-23 14:53:39,594 INFO [T12] leaf pattern=035852???? got=10 saved=10
2026-05-23 14:53:39,672 INFO [T27] leaf pattern=035854???? got=9 saved=9
2026-05-23 14:53:39,705 INFO [T29] leaf pattern=035853???? got=6 saved=6
2026-05-23 14:53:39,738 INFO [T42] leaf pattern=035858???? got=6 saved=6
2026-05-23 14:53:39,753 INFO [T47] leaf pattern=035859???? got=10 saved=10
2026-05-23 14:53:39,779 INFO [T25] leaf pattern=035856???? got=12 saved=12
2026-05-23 14:53:39,809 INFO [T36] leaf pattern=035857???? got=10 saved=10
2026-05-23 14:53:39,837 INFO [T39] leaf pattern=035855???? got=6 saved=6
2026-05-23 14:53:39,955 INFO [T21] leaf pattern=035870???? got=4 saved=4
2026-05-23 14:53:40,083 INFO [T26] leaf pattern=035871???? got=10 saved=10
2026-05-23 14:53:40,106 INFO [T24] leaf pattern=035872???? got=5 saved=5
2026-05-23 14:53:40,122 INFO [T23] leaf pattern=035874???? got=11 saved=11
2026-05-23 14:53:40,141 INFO [T34] leaf pattern=035877???? got=10 saved=10
2026-05-23 14:53:40,154 INFO [T49] leaf pattern=035873???? got=8 saved=8
2026-05-23 14:53:40,191 INFO [T44] leaf pattern=035875???? got=8 saved=8
2026-05-23 14:53:40,203 INFO [T14] leaf pattern=035876???? got=6 saved=6
2026-05-23 14:53:40,305 INFO [T17] leaf pattern=035879???? got=9 saved=9
2026-05-23 14:53:40,349 INFO [T5] leaf pattern=035892???? got=13 saved=13
2026-05-23 14:53:40,387 INFO [T10] leaf pattern=035890???? got=12 saved=12
2026-05-23 14:53:40,427 INFO [T4] leaf pattern=035893???? got=17 saved=17
2026-05-23 14:53:40,449 INFO [T50] leaf pattern=035878???? got=12 saved=12
2026-05-23 14:53:40,569 INFO [T38] leaf pattern=035891???? got=11 saved=11
2026-05-23 14:53:40,632 INFO [T35] leaf pattern=035896???? got=12 saved=12
2026-05-23 14:53:40,654 INFO [T41] leaf pattern=035894???? got=15 saved=15
2026-05-23 14:53:40,675 INFO [T43] leaf pattern=035895???? got=13 saved=13
2026-05-23 14:53:40,772 INFO [T20] leaf pattern=035897???? got=15 saved=15
2026-05-23 14:53:40,782 INFO [T7] leaf pattern=035898???? got=8 saved=8
2026-05-23 14:53:40,934 INFO [T28] leaf pattern=035899???? got=7 saved=7
2026-05-23 14:53:41,054 INFO [T30] leaf pattern=035827???? got=10 saved=10
2026-05-23 14:53:41,080 INFO [T33] leaf pattern=035881???? got=8 saved=8
2026-05-23 14:53:41,106 INFO [T11] leaf pattern=035880???? got=4 saved=4
2026-05-23 14:53:41,226 INFO [T13] leaf pattern=035882???? got=4 saved=4
2026-05-23 14:53:41,327 INFO [T31] leaf pattern=035885???? got=7 saved=7
2026-05-23 14:53:41,367 INFO [T2] leaf pattern=035884???? got=11 saved=11
2026-05-23 14:53:41,497 INFO [T1] leaf pattern=035883???? got=3 saved=3
2026-05-23 14:53:41,586 INFO [T8] leaf pattern=035886???? got=9 saved=9
2026-05-23 14:53:41,595 INFO [T45] leaf pattern=035888???? got=0 saved=0
2026-05-23 14:53:41,606 INFO [T40] leaf pattern=035301???? got=7 saved=7
2026-05-23 14:53:41,658 INFO [T37] leaf pattern=035887???? got=14 saved=14
2026-05-23 14:53:41,686 INFO [T48] leaf pattern=035302???? got=7 saved=7
2026-05-23 14:53:41,700 INFO [T6] leaf pattern=035300???? got=2 saved=2
2026-05-23 14:53:41,717 INFO [T9] leaf pattern=035303???? got=9 saved=9
2026-05-23 14:53:41,767 INFO [T19] leaf pattern=035889???? got=4 saved=4
2026-05-23 14:53:42,075 INFO [T18] leaf pattern=035304???? got=10 saved=10
2026-05-23 14:53:42,216 INFO [T22] leaf pattern=035306???? got=10 saved=10
2026-05-23 14:53:42,238 INFO [T32] leaf pattern=035307???? got=8 saved=8
2026-05-23 14:53:42,316 INFO [T46] leaf pattern=035308???? got=13 saved=13
2026-05-23 14:53:42,331 INFO [T3] leaf pattern=035305???? got=8 saved=8
2026-05-23 14:53:42,370 INFO [T15] leaf pattern=035310???? got=19 saved=19
2026-05-23 14:53:42,495 INFO [T12] leaf pattern=035311???? got=3 saved=3
2026-05-23 14:53:42,560 INFO [T27] leaf pattern=035312???? got=16 saved=16
2026-05-23 14:53:42,612 INFO [T42] leaf pattern=035314???? got=10 saved=10
2026-05-23 14:53:42,652 INFO [T29] leaf pattern=035313???? got=5 saved=5
2026-05-23 14:53:42,688 INFO [T47] leaf pattern=035315???? got=14 saved=14
2026-05-23 14:53:42,694 INFO [T36] leaf pattern=035317???? got=8 saved=8
2026-05-23 14:53:42,713 INFO [T25] leaf pattern=035316???? got=3 saved=3
2026-05-23 14:53:42,747 INFO [T39] leaf pattern=035318???? got=8 saved=8
2026-05-23 14:53:42,780 INFO [T21] leaf pattern=035319???? got=4 saved=4
2026-05-23 14:53:42,984 INFO [T26] leaf pattern=035320???? got=11 saved=11
2026-05-23 14:53:43,133 INFO [T34] leaf pattern=035323???? got=5 saved=5
2026-05-23 14:53:43,137 INFO [T49] leaf pattern=035324???? got=10 saved=10
2026-05-23 14:53:43,143 INFO [T23] leaf pattern=035322???? got=1 saved=1
2026-05-23 14:53:43,149 INFO [T44] leaf pattern=035325???? got=9 saved=9
2026-05-23 14:53:43,166 INFO [T24] leaf pattern=035321???? got=11 saved=11
2026-05-23 14:53:43,244 INFO [T14] leaf pattern=035326???? got=8 saved=8
2026-05-23 14:53:43,303 INFO [T17] leaf pattern=035327???? got=4 saved=4
2026-05-23 14:53:43,312 INFO [T5] leaf pattern=035328???? got=6 saved=6
2026-05-23 14:53:43,341 INFO [T4] leaf pattern=035330???? got=6 saved=6
2026-05-23 14:53:43,363 INFO [T10] leaf pattern=035329???? got=8 saved=8
2026-05-23 14:53:43,388 INFO [T50] leaf pattern=035331???? got=0 saved=0
2026-05-23 14:53:43,486 INFO [T35] leaf pattern=035333???? got=0 saved=0
2026-05-23 14:53:43,525 INFO [T38] leaf pattern=035332???? got=4 saved=4
2026-05-23 14:53:43,558 INFO [T20] leaf pattern=035336???? got=9 saved=9
2026-05-23 14:53:43,586 INFO [T41] leaf pattern=035334???? got=9 saved=9
2026-05-23 14:53:43,716 INFO [T16] leaf pattern=035309???? got=17 saved=17
2026-05-23 14:53:43,867 INFO [T43] leaf pattern=035335???? got=3 saved=3
2026-05-23 14:53:43,983 INFO [T33] leaf pattern=035340???? got=12 saved=12
2026-05-23 14:53:44,006 INFO [T30] leaf pattern=035339???? got=10 saved=10
2026-05-23 14:53:44,168 INFO [T13] leaf pattern=035342???? got=15 saved=15
2026-05-23 14:53:44,283 INFO [T2] leaf pattern=035344???? got=6 saved=6
2026-05-23 14:53:44,393 INFO [T31] leaf pattern=035343???? got=11 saved=11
2026-05-23 14:53:44,418 INFO [T11] leaf pattern=035341???? got=10 saved=10
2026-05-23 14:53:44,422 INFO [T1] leaf pattern=035345???? got=8 saved=8
2026-05-23 14:53:44,520 INFO [T40] leaf pattern=035348???? got=10 saved=10
2026-05-23 14:53:44,540 INFO [T28] leaf pattern=035338???? got=6 saved=6
2026-05-23 14:53:44,546 INFO [T8] leaf pattern=035346???? got=7 saved=7
2026-05-23 14:53:44,582 INFO [T45] leaf pattern=035347???? got=8 saved=8
2026-05-23 14:53:44,593 INFO [T9] leaf pattern=035352???? got=8 saved=8
2026-05-23 14:53:44,616 INFO [T37] leaf pattern=035349???? got=20 saved=20
2026-05-23 14:53:44,654 INFO [T48] leaf pattern=035350???? got=11 saved=11
2026-05-23 14:53:44,674 INFO [T7] leaf pattern=035337???? got=6 saved=6
2026-05-23 14:53:44,715 INFO [T19] leaf pattern=035353???? got=5 saved=5
2026-05-23 14:53:44,788 INFO [T6] leaf pattern=035351???? got=7 saved=7
2026-05-23 14:53:45,042 INFO [T18] leaf pattern=035354???? got=14 saved=14
2026-05-23 14:53:45,139 INFO [T32] leaf pattern=035356???? got=4 saved=4
2026-05-23 14:53:45,194 INFO [T22] leaf pattern=035355???? got=2 saved=2
2026-05-23 14:53:45,263 INFO [T46] leaf pattern=035357???? got=7 saved=7
2026-05-23 14:53:45,291 INFO [T3] leaf pattern=035358???? got=10 saved=10
2026-05-23 14:53:45,444 INFO [T12] leaf pattern=035370???? got=8 saved=8
2026-05-23 14:53:45,603 INFO [T27] leaf pattern=035371???? got=10 saved=10
2026-05-23 14:53:45,621 INFO [T42] leaf pattern=035372???? got=7 saved=7
2026-05-23 14:53:45,625 INFO [T25] leaf pattern=035376???? got=11 saved=11
2026-05-23 14:53:45,639 INFO [T29] leaf pattern=035373???? got=11 saved=11
2026-05-23 14:53:45,723 INFO [T47] leaf pattern=035374???? got=15 saved=15
2026-05-23 14:53:45,757 INFO [T36] leaf pattern=035375???? got=9 saved=9
2026-05-23 14:53:45,762 INFO [T21] leaf pattern=035378???? got=9 saved=9
2026-05-23 14:53:45,786 INFO [T39] leaf pattern=035377???? got=5 saved=5
2026-05-23 14:53:45,925 INFO [T34] leaf pattern=035360???? got=7 saved=7
2026-05-23 14:53:45,939 INFO [T26] leaf pattern=035379???? got=10 saved=10
2026-05-23 14:53:45,961 INFO [T49] leaf pattern=035361???? got=9 saved=9
2026-05-23 14:53:45,985 INFO [T44] leaf pattern=035363???? got=9 saved=9
2026-05-23 14:53:46,028 INFO [T24] leaf pattern=035364???? got=12 saved=12
2026-05-23 14:53:46,036 INFO [T23] leaf pattern=035362???? got=4 saved=4
2026-05-23 14:53:46,058 INFO [T14] leaf pattern=035365???? got=8 saved=8
2026-05-23 14:53:46,094 INFO [T17] leaf pattern=035366???? got=4 saved=4
2026-05-23 14:53:46,198 INFO [T5] leaf pattern=035367???? got=10 saved=10
2026-05-23 14:53:46,280 INFO [T15] leaf pattern=035359???? got=5 saved=5
2026-05-23 14:53:46,293 INFO [T4] leaf pattern=035368???? got=5 saved=5
2026-05-23 14:53:46,368 INFO [T50] leaf pattern=035390???? got=13 saved=13
2026-05-23 14:53:46,380 INFO [T35] leaf pattern=035391???? got=4 saved=4
2026-05-23 14:53:46,393 INFO [T10] leaf pattern=035369???? got=10 saved=10
2026-05-23 14:53:46,495 INFO [T20] leaf pattern=035393???? got=8 saved=8
2026-05-23 14:53:46,500 INFO [T38] leaf pattern=035392???? got=2 saved=2
2026-05-23 14:53:46,582 INFO [T41] leaf pattern=035394???? got=8 saved=8
2026-05-23 14:53:46,878 INFO [T33] leaf pattern=035397???? got=11 saved=11
2026-05-23 14:53:46,905 INFO [T16] leaf pattern=035395???? got=11 saved=11
2026-05-23 14:53:46,964 INFO [T30] leaf pattern=035398???? got=9 saved=9
2026-05-23 14:53:47,037 INFO [T43] leaf pattern=035396???? got=8 saved=8
2026-05-23 14:53:47,074 INFO [T13] leaf pattern=035399???? got=1 saved=1
2026-05-23 14:53:47,174 INFO [T2] leaf pattern=035380???? got=12 saved=12
2026-05-23 14:53:47,254 INFO [T31] leaf pattern=035381???? got=10 saved=10
2026-05-23 14:53:47,293 INFO [T1] leaf pattern=035383???? got=6 saved=6
2026-05-23 14:53:47,341 INFO [T11] leaf pattern=035382???? got=7 saved=7
2026-05-23 14:53:47,437 INFO [T28] leaf pattern=035385???? got=11 saved=11
2026-05-23 14:53:47,447 INFO [T40] leaf pattern=035384???? got=13 saved=13
2026-05-23 14:53:47,474 INFO [T9] leaf pattern=035388???? got=5 saved=5
2026-05-23 14:53:47,553 INFO [T45] leaf pattern=035387???? got=13 saved=13
2026-05-23 14:53:47,632 INFO [T37] leaf pattern=035389???? got=10 saved=10
2026-05-23 14:53:47,641 INFO [T48] leaf pattern=035600???? got=2 saved=2
2026-05-23 14:53:47,687 INFO [T7] leaf pattern=035601???? got=7 saved=7
2026-05-23 14:53:47,715 INFO [T19] leaf pattern=035602???? got=3 saved=3
2026-05-23 14:53:47,805 INFO [T6] leaf pattern=035603???? got=4 saved=4
2026-05-23 14:53:47,822 INFO [T8] leaf pattern=035386???? got=9 saved=9
2026-05-23 14:53:48,079 INFO [T32] leaf pattern=035605???? got=5 saved=5
2026-05-23 14:53:48,168 INFO [T22] leaf pattern=035606???? got=6 saved=6
2026-05-23 14:53:48,190 INFO [T46] leaf pattern=035607???? got=9 saved=9
2026-05-23 14:53:48,239 INFO [T3] leaf pattern=035608???? got=8 saved=8
2026-05-23 14:53:48,268 INFO [T18] leaf pattern=035604???? got=8 saved=8
2026-05-23 14:53:48,368 INFO [T12] leaf pattern=035609???? got=5 saved=5
2026-05-23 14:53:48,402 INFO [T27] leaf pattern=035630???? got=11 saved=11
2026-05-23 14:53:48,432 INFO [T42] leaf pattern=035631???? got=5 saved=5
2026-05-23 14:53:48,497 INFO [T25] leaf pattern=035632???? got=5 saved=5
2026-05-23 14:53:48,558 INFO [T29] leaf pattern=035633???? got=6 saved=6
2026-05-23 14:53:48,630 INFO [T21] leaf pattern=035636???? got=4 saved=4
2026-05-23 14:53:48,670 INFO [T36] leaf pattern=035635???? got=1 saved=1
2026-05-23 14:53:48,696 INFO [T47] leaf pattern=035634???? got=8 saved=8
2026-05-23 14:53:48,712 INFO [T39] leaf pattern=035637???? got=10 saved=10
2026-05-23 14:53:48,824 INFO [T34] leaf pattern=035638???? got=10 saved=10
2026-05-23 14:53:48,845 INFO [T49] leaf pattern=035620???? got=12 saved=12
2026-05-23 14:53:48,906 INFO [T44] leaf pattern=035621???? got=3 saved=3
2026-05-23 14:53:48,919 INFO [T24] leaf pattern=035622???? got=2 saved=2
2026-05-23 14:53:48,953 INFO [T23] leaf pattern=035623???? got=5 saved=5
2026-05-23 14:53:48,991 INFO [T14] leaf pattern=035624???? got=7 saved=7
2026-05-23 14:53:49,077 INFO [T17] leaf pattern=035625???? got=7 saved=7
2026-05-23 14:53:49,165 INFO [T26] leaf pattern=035639???? got=6 saved=6
2026-05-23 14:53:49,182 INFO [T5] leaf pattern=035626???? got=1 saved=1
2026-05-23 14:53:49,212 INFO [T15] leaf pattern=035627???? got=7 saved=7
2026-05-23 14:53:49,217 INFO [T4] leaf pattern=035628???? got=8 saved=8
2026-05-23 14:53:49,372 INFO [T10] leaf pattern=035641???? got=4 saved=4
2026-05-23 14:53:49,432 INFO [T38] leaf pattern=035643???? got=10 saved=10
2026-05-23 14:53:49,450 INFO [T20] leaf pattern=035642???? got=13 saved=13
2026-05-23 14:53:49,492 INFO [T50] leaf pattern=035629???? got=7 saved=7
2026-05-23 14:53:49,520 INFO [T41] leaf pattern=035644???? got=8 saved=8
2026-05-23 14:53:49,779 INFO [T33] leaf pattern=035645???? got=5 saved=5
2026-05-23 14:53:49,990 INFO [T13] leaf pattern=035649???? got=23 saved=23
2026-05-23 14:53:50,266 INFO [T2] leaf pattern=035650???? got=20 saved=20
2026-05-23 14:53:50,271 INFO [T1] leaf pattern=035652???? got=15 saved=15
2026-05-23 14:53:50,275 INFO [T43] leaf pattern=035648???? got=10 saved=10
2026-05-23 14:53:50,279 INFO [T31] leaf pattern=035651???? got=22 saved=22
2026-05-23 14:53:50,283 INFO [T16] leaf pattern=035646???? got=4 saved=4
2026-05-23 14:53:50,307 INFO [T35] leaf pattern=035640???? got=8 saved=8
2026-05-23 14:53:50,380 INFO [T30] leaf pattern=035647???? got=18 saved=18
2026-05-23 14:53:50,395 INFO [T11] leaf pattern=035653???? got=18 saved=18
2026-05-23 14:53:50,407 INFO [T28] leaf pattern=035654???? got=18 saved=18
2026-05-23 14:53:50,421 INFO [T40] leaf pattern=035655???? got=8 saved=8
2026-05-23 14:53:50,525 INFO [T9] leaf pattern=035656???? got=2 saved=2
2026-05-23 14:53:50,578 INFO [T45] leaf pattern=035657???? got=5 saved=5
2026-05-23 14:53:50,590 INFO [T37] leaf pattern=035658???? got=4 saved=4
2026-05-23 14:53:50,594 INFO [T48] leaf pattern=035659???? got=7 saved=7
2026-05-23 14:53:50,615 INFO [T7] leaf pattern=035660???? got=4 saved=4
2026-05-23 14:53:50,733 INFO [T8] leaf pattern=035663???? got=7 saved=7
2026-05-23 14:53:50,779 INFO [T19] leaf pattern=035661???? got=6 saved=6
2026-05-23 14:53:50,790 INFO [T6] leaf pattern=035662???? got=3 saved=3
2026-05-23 14:53:51,022 INFO [T32] leaf pattern=035664???? got=11 saved=11
2026-05-23 14:53:51,099 INFO [T46] leaf pattern=035666???? got=0 saved=0
2026-05-23 14:53:51,156 INFO [T22] leaf pattern=035665???? got=5 saved=5
2026-05-23 14:53:51,185 INFO [T3] leaf pattern=035667???? got=20 saved=20
2026-05-23 14:53:51,226 INFO [T18] leaf pattern=035668???? got=14 saved=14
2026-05-23 14:53:51,369 INFO [T27] leaf pattern=035680???? got=6 saved=6
2026-05-23 14:53:51,376 INFO [T42] leaf pattern=035681???? got=8 saved=8
2026-05-23 14:53:51,460 INFO [T25] leaf pattern=035682???? got=8 saved=8
2026-05-23 14:53:51,543 INFO [T21] leaf pattern=035684???? got=12 saved=12
2026-05-23 14:53:51,548 INFO [T29] leaf pattern=035683???? got=8 saved=8
2026-05-23 14:53:51,627 INFO [T39] leaf pattern=035687???? got=5 saved=5
2026-05-23 14:53:51,632 INFO [T36] leaf pattern=035685???? got=8 saved=8
2026-05-23 14:53:51,641 INFO [T12] leaf pattern=035669???? got=13 saved=13
2026-05-23 14:53:51,820 INFO [T34] leaf pattern=035688???? got=1 saved=1
2026-05-23 14:53:51,856 WARNING [T47] ec=1 rate limited, rotating IP
2026-05-23 14:53:51,856 INFO [T47] rotate IP 40e8ab00 → 0773b058
2026-05-23 14:53:51,862 INFO [T49] leaf pattern=035689???? got=6 saved=6
2026-05-23 14:53:51,868 INFO [T24] leaf pattern=035691???? got=12 saved=12
2026-05-23 14:53:51,880 INFO [T44] leaf pattern=035690???? got=10 saved=10
2026-05-23 14:53:51,907 INFO [T14] leaf pattern=035693???? got=10 saved=10
2026-05-23 14:53:51,919 INFO [T23] leaf pattern=035692???? got=14 saved=14
2026-05-23 14:53:51,947 INFO [T17] leaf pattern=035694???? got=14 saved=14
2026-05-23 14:53:52,035 INFO [T5] leaf pattern=035696???? got=12 saved=12
2026-05-23 14:53:52,048 INFO [T26] leaf pattern=035695???? got=4 saved=4
2026-05-23 14:53:52,064 INFO [T15] leaf pattern=035697???? got=16 saved=16
2026-05-23 14:53:52,098 INFO [T4] leaf pattern=035698???? got=6 saved=6
2026-05-23 14:53:52,325 INFO [T20] leaf pattern=035611???? got=1 saved=1
2026-05-23 14:53:52,381 INFO [T38] leaf pattern=035610???? got=10 saved=10
2026-05-23 14:53:52,500 INFO [T41] leaf pattern=035613???? got=9 saved=9
2026-05-23 14:53:52,503 INFO [T50] leaf pattern=035612???? got=5 saved=5
2026-05-23 14:53:52,512 INFO [T10] leaf pattern=035699???? got=6 saved=6
2026-05-23 14:53:52,925 INFO [T13] leaf pattern=035615???? got=5 saved=5
2026-05-23 14:53:53,018 INFO [T33] leaf pattern=035614???? got=13 saved=13
2026-05-23 14:53:53,120 INFO [T1] leaf pattern=035617???? got=11 saved=11
2026-05-23 14:53:53,155 INFO [T35] leaf pattern=032801???? got=2 saved=2
2026-05-23 14:53:53,188 INFO [T31] leaf pattern=035619???? got=6 saved=6
2026-05-23 14:53:53,269 INFO [T28] leaf pattern=032805???? got=8 saved=8
2026-05-23 14:53:53,304 INFO [T40] leaf pattern=032804???? got=5 saved=5
2026-05-23 14:53:53,314 INFO [T2] leaf pattern=035616???? got=2 saved=2
2026-05-23 14:53:53,402 INFO [T11] leaf pattern=032803???? got=6 saved=6
2026-05-23 14:53:53,417 INFO [T30] leaf pattern=032802???? got=1 saved=1
2026-05-23 14:53:53,494 INFO [T9] leaf pattern=032806???? got=5 saved=5
2026-05-23 14:53:53,529 INFO [T43] leaf pattern=035618???? got=9 saved=9
2026-05-23 14:53:53,552 INFO [T45] leaf pattern=032807???? got=10 saved=10
2026-05-23 14:53:53,577 INFO [T7] leaf pattern=032830???? got=6 saved=6
2026-05-23 14:53:53,585 INFO [T48] leaf pattern=032809???? got=6 saved=6
2026-05-23 14:53:53,629 INFO [T37] leaf pattern=032808???? got=9 saved=9
2026-05-23 14:53:53,651 INFO [T8] leaf pattern=032831???? got=8 saved=8
2026-05-23 14:53:53,753 INFO [T16] leaf pattern=032800???? got=2 saved=2
2026-05-23 14:53:53,758 INFO [T19] leaf pattern=032832???? got=3 saved=3
2026-05-23 14:53:53,993 INFO [T6] leaf pattern=032833???? got=5 saved=5
2026-05-23 14:53:54,002 INFO [T32] leaf pattern=032834???? got=5 saved=5
2026-05-23 14:53:54,045 INFO [T47] D1N refreshed ba4984d34864339f…
2026-05-23 14:53:54,060 INFO [T46] leaf pattern=032835???? got=4 saved=4
2026-05-23 14:53:54,107 INFO [T3] leaf pattern=032837???? got=5 saved=5
2026-05-23 14:53:54,145 INFO [T22] leaf pattern=032836???? got=2 saved=2
2026-05-23 14:53:54,179 INFO [T18] leaf pattern=032838???? got=2 saved=2
2026-05-23 14:53:54,259 INFO [T27] leaf pattern=032839???? got=7 saved=7
2026-05-23 14:53:54,297 INFO [T42] expand pattern=035670???? got=30 ≥ 30 → split into 10 children
2026-05-23 14:53:54,437 INFO [T21] leaf pattern=035672???? got=22 saved=22
2026-05-23 14:53:54,482 INFO [T29] leaf pattern=035673???? got=23 saved=23
2026-05-23 14:53:54,547 INFO [T39] leaf pattern=035674???? got=17 saved=17
2026-05-23 14:53:54,561 INFO [T36] leaf pattern=035675???? got=12 saved=12
2026-05-23 14:53:54,581 INFO [T12] leaf pattern=035676???? got=6 saved=6
2026-05-23 14:53:54,733 INFO [T25] leaf pattern=035671???? got=25 saved=25
2026-05-23 14:53:54,741 INFO [T49] leaf pattern=035678???? got=0 saved=0
2026-05-23 14:53:54,785 INFO [T44] leaf pattern=032850???? got=6 saved=6
2026-05-23 14:53:54,801 INFO [T24] leaf pattern=035679???? got=4 saved=4
2026-05-23 14:53:54,824 INFO [T14] leaf pattern=032851???? got=3 saved=3
2026-05-23 14:53:54,840 INFO [T17] leaf pattern=032853???? got=9 saved=9
2026-05-23 14:53:54,954 INFO [T5] leaf pattern=032854???? got=5 saved=5
2026-05-23 14:53:54,972 INFO [T26] leaf pattern=032855???? got=0 saved=0
2026-05-23 14:53:55,063 INFO [T23] leaf pattern=032852???? got=4 saved=4
2026-05-23 14:53:55,067 INFO [T4] leaf pattern=032857???? got=7 saved=7
2026-05-23 14:53:55,096 INFO [T15] leaf pattern=032856???? got=6 saved=6
2026-05-23 14:53:55,122 INFO [T34] leaf pattern=035677???? got=2 saved=2
2026-05-23 14:53:55,228 INFO [T20] leaf pattern=032858???? got=3 saved=3
2026-05-23 14:53:55,322 INFO [T38] leaf pattern=032859???? got=5 saved=5
2026-05-23 14:53:55,345 WARNING [T10] ec=1 rate limited, rotating IP
2026-05-23 14:53:55,345 INFO [T10] rotate IP f58994a7 → 54475b96
2026-05-23 14:53:55,458 INFO [T50] leaf pattern=032841???? got=9 saved=9
2026-05-23 14:53:55,473 INFO [T41] leaf pattern=032840???? got=12 saved=12
2026-05-23 14:53:55,891 INFO [T33] leaf pattern=032844???? got=6 saved=6
2026-05-23 14:53:56,000 INFO [T1] leaf pattern=032845???? got=4 saved=4
2026-05-23 14:53:56,026 INFO [T13] leaf pattern=032843???? got=6 saved=6
2026-05-23 14:53:56,152 INFO [T35] leaf pattern=032846???? got=5 saved=5
2026-05-23 14:53:56,160 INFO [T31] leaf pattern=032847???? got=13 saved=13
2026-05-23 14:53:56,265 INFO [T28] leaf pattern=032848???? got=12 saved=12
2026-05-23 14:53:56,270 INFO [T2] leaf pattern=032880???? got=6 saved=6
2026-05-23 14:53:56,293 INFO [T40] leaf pattern=032849???? got=14 saved=14
2026-05-23 14:53:56,389 INFO [T9] leaf pattern=032883???? got=6 saved=6
2026-05-23 14:53:56,395 INFO [T11] leaf pattern=032881???? got=3 saved=3
2026-05-23 14:53:56,419 INFO [T30] leaf pattern=032882???? got=2 saved=2
2026-05-23 14:53:56,508 INFO [T37] leaf pattern=032888???? got=0 saved=0
2026-05-23 14:53:56,513 INFO [T48] leaf pattern=032887???? got=2 saved=2
2026-05-23 14:53:56,530 INFO [T7] leaf pattern=032886???? got=1 saved=1
2026-05-23 14:53:56,550 INFO [T8] leaf pattern=032889???? got=3 saved=3
2026-05-23 14:53:56,566 INFO [T45] leaf pattern=032885???? got=3 saved=3
2026-05-23 14:53:56,716 INFO [T19] leaf pattern=032871???? got=10 saved=10
2026-05-23 14:53:56,828 INFO [T43] leaf pattern=032884???? got=6 saved=6
2026-05-23 14:53:57,046 INFO [T46] leaf pattern=032874???? got=14 saved=14
2026-05-23 14:53:57,051 INFO [T32] leaf pattern=032873???? got=7 saved=7
2026-05-23 14:53:57,058 INFO [T16] leaf pattern=032870???? got=6 saved=6
2026-05-23 14:53:57,080 INFO [T3] leaf pattern=032875???? got=8 saved=8
2026-05-23 14:53:57,084 INFO [T6] leaf pattern=032872???? got=4 saved=4
2026-05-23 14:53:57,109 INFO [T22] leaf pattern=032876???? got=2 saved=2
2026-05-23 14:53:57,116 INFO [T18] leaf pattern=032877???? got=2 saved=2
2026-05-23 14:53:57,201 INFO [T27] leaf pattern=032878???? got=3 saved=3
2026-05-23 14:53:57,229 INFO [T42] leaf pattern=032879???? got=6 saved=6
2026-05-23 14:53:57,238 INFO [T10] D1N refreshed 4a082fcbe68f4ff3…
2026-05-23 14:53:57,446 INFO [T21] leaf pattern=032890???? got=3 saved=3
2026-05-23 14:53:57,512 INFO [T39] leaf pattern=032892???? got=4 saved=4
2026-05-23 14:53:57,532 INFO [T36] leaf pattern=032893???? got=4 saved=4
2026-05-23 14:53:57,637 INFO [T49] leaf pattern=032896???? got=5 saved=5
2026-05-23 14:53:57,650 INFO [T25] leaf pattern=032895???? got=7 saved=7
2026-05-23 14:53:57,679 INFO [T44] leaf pattern=032897???? got=4 saved=4
2026-05-23 14:53:57,714 INFO [T24] leaf pattern=032898???? got=6 saved=6
2026-05-23 14:53:57,765 INFO [T17] leaf pattern=032810???? got=4 saved=4
2026-05-23 14:53:57,832 WARNING [T14] ec=1 rate limited, rotating IP
2026-05-23 14:53:57,832 INFO [T14] rotate IP e3503d3f → dbc0a32a
2026-05-23 14:53:57,850 INFO [T12] leaf pattern=032894???? got=8 saved=8
2026-05-23 14:53:57,859 INFO [T29] leaf pattern=032891???? got=7 saved=7
2026-05-23 14:53:57,885 INFO [T26] leaf pattern=032812???? got=4 saved=4
2026-05-23 14:53:57,943 INFO [T4] leaf pattern=032814???? got=10 saved=10
2026-05-23 14:53:57,955 INFO [T5] leaf pattern=032811???? got=1 saved=1
2026-05-23 14:53:57,977 INFO [T15] leaf pattern=032815???? got=8 saved=8
2026-05-23 14:53:58,004 INFO [T34] leaf pattern=032816???? got=5 saved=5
2026-05-23 14:53:58,092 INFO [T23] leaf pattern=032813???? got=3 saved=3
2026-05-23 14:53:58,121 INFO [T20] leaf pattern=032817???? got=7 saved=7
2026-05-23 14:53:58,155 INFO [T47] leaf pattern=035686???? got=4 saved=4
2026-05-23 14:53:58,279 INFO [T38] leaf pattern=032818???? got=3 saved=3
2026-05-23 14:53:58,428 INFO [T41] leaf pattern=032700???? got=6 saved=6
2026-05-23 14:53:58,443 INFO [T50] leaf pattern=032819???? got=7 saved=7
2026-05-23 14:53:58,800 INFO [T33] leaf pattern=032701???? got=13 saved=13
2026-05-23 14:53:58,899 INFO [T1] leaf pattern=032702???? got=10 saved=10
2026-05-23 14:53:58,923 INFO [T13] leaf pattern=032703???? got=7 saved=7
2026-05-23 14:53:58,984 INFO [T35] leaf pattern=032704???? got=12 saved=12
2026-05-23 14:53:59,086 INFO [T2] leaf pattern=032707???? got=7 saved=7
2026-05-23 14:53:59,201 INFO [T40] leaf pattern=032708???? got=15 saved=15
2026-05-23 14:53:59,293 INFO [T9] leaf pattern=032709???? got=8 saved=8
2026-05-23 14:53:59,328 INFO [T28] leaf pattern=032706???? got=5 saved=5
2026-05-23 14:53:59,407 INFO [T11] leaf pattern=032730???? got=11 saved=11
2026-05-23 14:53:59,445 INFO [T37] leaf pattern=032732???? got=6 saved=6
2026-05-23 14:53:59,454 INFO [T48] leaf pattern=032733???? got=11 saved=11
2026-05-23 14:53:59,478 INFO [T31] leaf pattern=032705???? got=12 saved=12
2026-05-23 14:53:59,513 INFO [T8] leaf pattern=032735???? got=7 saved=7
2026-05-23 14:53:59,576 INFO [T7] leaf pattern=032734???? got=10 saved=10
2026-05-23 14:53:59,647 INFO [T45] leaf pattern=032736???? got=12 saved=12
2026-05-23 14:53:59,741 INFO [T14] D1N refreshed d9b03364a9046572…
2026-05-23 14:53:59,750 INFO [T19] leaf pattern=032737???? got=3 saved=3
2026-05-23 14:53:59,798 INFO [T43] leaf pattern=032738???? got=10 saved=10
2026-05-23 14:53:59,937 INFO [T46] leaf pattern=032739???? got=8 saved=8
2026-05-23 14:53:59,947 INFO [T32] leaf pattern=032710???? got=11 saved=11
2026-05-23 14:53:59,998 INFO [T16] leaf pattern=032711???? got=1 saved=1
2026-05-23 14:54:00,007 INFO [T3] leaf pattern=032712???? got=4 saved=4
2026-05-23 14:54:00,009 WARNING [T27] ec=1 rate limited, rotating IP
2026-05-23 14:54:00,009 INFO [T27] rotate IP 2feb37e6 → c7d973f3
2026-05-23 14:54:00,106 INFO [T18] leaf pattern=032715???? got=13 saved=13
2026-05-23 14:54:00,121 INFO [T42] leaf pattern=032717???? got=8 saved=8
2026-05-23 14:54:00,152 INFO [T22] leaf pattern=032714???? got=9 saved=9
2026-05-23 14:54:00,164 INFO [T6] leaf pattern=032713???? got=7 saved=7
2026-05-23 14:54:00,322 WARNING [T36] ec=1 rate limited, rotating IP
2026-05-23 14:54:00,322 INFO [T36] rotate IP 344c2ae7 → c9bf107c
2026-05-23 14:54:00,363 INFO [T21] leaf pattern=032718???? got=11 saved=11
2026-05-23 14:54:00,418 INFO [T39] leaf pattern=032719???? got=4 saved=4
2026-05-23 14:54:00,598 INFO [T44] leaf pattern=032723???? got=8 saved=8
2026-05-23 14:54:00,612 INFO [T24] leaf pattern=032724???? got=4 saved=4
2026-05-23 14:54:00,656 INFO [T49] leaf pattern=032721???? got=13 saved=13
2026-05-23 14:54:00,663 WARNING [T12] ec=1 rate limited, rotating IP
2026-05-23 14:54:00,663 INFO [T12] rotate IP e95825f1 → e0706dd1
2026-05-23 14:54:00,671 INFO [T25] leaf pattern=032722???? got=2 saved=2
2026-05-23 14:54:00,885 INFO [T5] leaf pattern=032740???? got=12 saved=12
2026-05-23 14:54:00,890 INFO [T17] leaf pattern=032725???? got=4 saved=4
2026-05-23 14:54:00,898 INFO [T26] leaf pattern=032728???? got=10 saved=10
2026-05-23 14:54:00,903 INFO [T4] leaf pattern=032729???? got=8 saved=8
2026-05-23 14:54:00,917 WARNING [T23] ec=1 rate limited, rotating IP
2026-05-23 14:54:00,917 INFO [T23] rotate IP 7b27c0a6 → 5b4b3c7a
2026-05-23 14:54:00,966 INFO [T15] leaf pattern=032741???? got=15 saved=15
2026-05-23 14:54:01,024 INFO [T34] leaf pattern=032742???? got=9 saved=9
2026-05-23 14:54:01,048 WARNING [T29] ec=1 rate limited, rotating IP
2026-05-23 14:54:01,049 INFO [T29] rotate IP cc19103e → ed9846d3
2026-05-23 14:54:01,072 INFO [T47] leaf pattern=032745???? got=13 saved=13
2026-05-23 14:54:01,323 INFO [T38] leaf pattern=032746???? got=11 saved=11
2026-05-23 14:54:01,400 INFO [T20] leaf pattern=032744???? got=8 saved=8
2026-05-23 14:54:01,404 INFO [T50] leaf pattern=032748???? got=14 saved=14
2026-05-23 14:54:01,432 WARNING [T27] SSLError attempt=1/3 pattern=032716????: HTTPSConnectionPool(host='vietteltelecom.vn', port=443): Max retries exceeded with url: /api/get/sim (Caused by SSLError
2026-05-23 14:54:01,432 INFO [T27] rotate IP c7d973f3 → 390c19fc
2026-05-23 14:54:01,434 INFO [T10] leaf pattern=032842???? got=8 saved=8
2026-05-23 14:54:01,438 INFO [T41] leaf pattern=032747???? got=3 saved=3
2026-05-23 14:54:01,677 INFO [T33] leaf pattern=032749???? got=11 saved=11
2026-05-23 14:54:01,742 WARNING [T35] ec=1 rate limited, rotating IP
2026-05-23 14:54:01,742 INFO [T35] rotate IP fa3f6113 → c8a084a4
2026-05-23 14:54:01,778 WARNING [T1] ec=1 rate limited, rotating IP
2026-05-23 14:54:01,778 INFO [T1] rotate IP 13cc6015 → 31c0d0c7
2026-05-23 14:54:02,072 INFO [T36] D1N refreshed 727a4eb1adf239b3…
2026-05-23 14:54:02,102 WARNING [T2] ec=1 rate limited, rotating IP
2026-05-23 14:54:02,102 INFO [T2] rotate IP b6e8ffb5 → 1bd25ec9
2026-05-23 14:54:02,113 INFO [T13] leaf pattern=032751???? got=11 saved=11
2026-05-23 14:54:02,127 WARNING [T28] ec=1 rate limited, rotating IP
2026-05-23 14:54:02,127 INFO [T28] rotate IP 15888e7c → 921e3c5d
2026-05-23 14:54:02,163 INFO [T40] leaf pattern=032754???? got=10 saved=10
2026-05-23 14:54:02,250 INFO [T9] leaf pattern=032755???? got=7 saved=7
2026-05-23 14:54:02,251 WARNING [T48] ec=1 rate limited, rotating IP
2026-05-23 14:54:02,251 INFO [T48] rotate IP 69a4cb36 → 89568d77
2026-05-23 14:54:02,365 INFO [T31] leaf pattern=032760???? got=6 saved=6
2026-05-23 14:54:02,398 INFO [T8] leaf pattern=032761???? got=9 saved=9
2026-05-23 14:54:02,410 INFO [T11] leaf pattern=032757???? got=10 saved=10
2026-05-23 14:54:02,497 INFO [T7] leaf pattern=032762???? got=5 saved=5
2026-05-23 14:54:02,563 INFO [T45] leaf pattern=032763???? got=10 saved=10
2026-05-23 14:54:02,692 INFO [T23] D1N refreshed 41dc14742949baad…
2026-05-23 14:54:02,695 INFO [T19] leaf pattern=032764???? got=11 saved=11
2026-05-23 14:54:02,724 INFO [T37] leaf pattern=032758???? got=7 saved=7
2026-05-23 14:54:02,764 INFO [T29] D1N refreshed f9a857639ba4fff1…
2026-05-23 14:54:02,943 INFO [T32] leaf pattern=032767???? got=10 saved=10
2026-05-23 14:54:02,979 INFO [T3] leaf pattern=032769???? got=11 saved=11
2026-05-23 14:54:02,984 INFO [T12] D1N refreshed cdb449b52fe379ef…
2026-05-23 14:54:03,084 INFO [T46] leaf pattern=032766???? got=1 saved=1
2026-05-23 14:54:03,113 INFO [T43] leaf pattern=032765???? got=6 saved=6
2026-05-23 14:54:03,122 INFO [T18] leaf pattern=032780???? got=10 saved=10
2026-05-23 14:54:03,147 INFO [T22] leaf pattern=032782???? got=4 saved=4
2026-05-23 14:54:03,247 INFO [T6] leaf pattern=032783???? got=6 saved=6
2026-05-23 14:54:03,257 INFO [T16] leaf pattern=032768???? got=6 saved=6
2026-05-23 14:54:03,383 INFO [T42] leaf pattern=032781???? got=6 saved=6
2026-05-23 14:54:03,492 INFO [T21] leaf pattern=032784???? got=10 saved=10
2026-05-23 14:54:03,541 INFO [T44] leaf pattern=032786???? got=5 saved=5
2026-05-23 14:54:03,609 INFO [T49] leaf pattern=032788???? got=1 saved=1
2026-05-23 14:54:03,612 INFO [T24] leaf pattern=032787???? got=4 saved=4
2026-05-23 14:54:03,641 INFO [T25] leaf pattern=032789???? got=4 saved=4
2026-05-23 14:54:03,715 INFO [T5] leaf pattern=032790???? got=13 saved=13
2026-05-23 14:54:03,742 INFO [T1] D1N refreshed bb92ba19fe02d451…
2026-05-23 14:54:03,751 INFO [T4] leaf pattern=032793???? got=11 saved=11
2026-05-23 14:54:03,866 INFO [T15] leaf pattern=032794???? got=8 saved=8
2026-05-23 14:54:03,906 INFO [T34] leaf pattern=032795???? got=3 saved=3
2026-05-23 14:54:03,923 INFO [T14] leaf pattern=032899???? got=0 saved=0
2026-05-23 14:54:03,959 INFO [T17] leaf pattern=032791???? got=6 saved=6
2026-05-23 14:54:03,988 INFO [T26] leaf pattern=032792???? got=7 saved=7
2026-05-23 14:54:04,036 INFO [T2] D1N refreshed cd3dd6add6db51e1…
2026-05-23 14:54:04,097 INFO [T47] leaf pattern=032796???? got=12 saved=12
2026-05-23 14:54:04,206 INFO [T38] leaf pattern=032797???? got=7 saved=7
2026-05-23 14:54:04,211 INFO [T20] leaf pattern=032798???? got=2 saved=2
2026-05-23 14:54:04,238 INFO [T27] D1N refreshed b5091ad9d572048c…
2026-05-23 14:54:04,303 INFO [T50] leaf pattern=032799???? got=1 saved=1
2026-05-23 14:54:04,341 INFO [T39] leaf pattern=032785???? got=6 saved=6
2026-05-23 14:54:04,466 INFO [T10] leaf pattern=032530???? got=14 saved=14
2026-05-23 14:54:04,470 INFO [T41] leaf pattern=032531???? got=9 saved=9
2026-05-23 14:54:04,585 INFO [T48] D1N refreshed 79dfe2e1e21dcc1b…
2026-05-23 14:54:04,591 INFO [T33] leaf pattern=032532???? got=3 saved=3
2026-05-23 14:54:05,008 INFO [T13] leaf pattern=032533???? got=11 saved=11
2026-05-23 14:54:05,077 INFO [T40] leaf pattern=032534???? got=17 saved=17
2026-05-23 14:54:05,098 INFO [T9] leaf pattern=032535???? got=13 saved=13
2026-05-23 14:54:05,319 INFO [T31] leaf pattern=032536???? got=18 saved=18
2026-05-23 14:54:05,362 INFO [T11] leaf pattern=032538???? got=21 saved=21
2026-05-23 14:54:05,457 INFO [T7] leaf pattern=032539???? got=22 saved=22
2026-05-23 14:54:05,543 INFO [T45] leaf pattern=032550???? got=6 saved=6
2026-05-23 14:54:05,680 INFO [T19] leaf pattern=032551???? got=9 saved=9
2026-05-23 14:54:05,726 WARNING [T32] ec=1 rate limited, rotating IP
2026-05-23 14:54:05,726 INFO [T32] rotate IP c3413207 → 94dfd369
2026-05-23 14:54:05,869 INFO [T37] leaf pattern=032552???? got=5 saved=5
2026-05-23 14:54:05,936 INFO [T3] leaf pattern=032554???? got=14 saved=14
2026-05-23 14:54:06,026 INFO [T46] leaf pattern=032555???? got=2 saved=2
2026-05-23 14:54:06,110 INFO [T18] leaf pattern=032557???? got=22 saved=22
2026-05-23 14:54:06,134 INFO [T36] leaf pattern=032720???? got=4 saved=4
2026-05-23 14:54:06,152 INFO [T22] leaf pattern=032558???? got=17 saved=17
2026-05-23 14:54:06,251 INFO [T42] leaf pattern=032561???? got=23 saved=23
2026-05-23 14:54:06,290 WARNING [T44] ec=1 rate limited, rotating IP
2026-05-23 14:54:06,290 INFO [T44] rotate IP 0a51c12b → f9f2db3f
2026-05-23 14:54:06,319 INFO [T8] leaf pattern=032537???? got=25 saved=25
2026-05-23 14:54:06,338 WARNING [T24] ec=1 rate limited, rotating IP
2026-05-23 14:54:06,338 INFO [T24] rotate IP 9abf9014 → 941926ac
2026-05-23 14:54:06,399 INFO [T6] leaf pattern=032559???? got=20 saved=20
2026-05-23 14:54:06,457 INFO [T21] leaf pattern=032562???? got=23 saved=23
2026-05-23 14:54:06,479 INFO [T16] leaf pattern=032560???? got=26 saved=26
2026-05-23 14:54:06,497 INFO [T49] leaf pattern=032564???? got=27 saved=27
2026-05-23 14:54:06,497 WARNING [T5] ec=1 rate limited, rotating IP
2026-05-23 14:54:06,497 INFO [T5] rotate IP 16437a02 → 761b44a0
2026-05-23 14:54:06,562 INFO [T25] leaf pattern=032566???? got=15 saved=15
2026-05-23 14:54:06,639 INFO [T4] leaf pattern=032568???? got=19 saved=19
2026-05-23 14:54:06,664 WARNING [T15] ec=1 rate limited, rotating IP
2026-05-23 14:54:06,664 INFO [T15] rotate IP 15f3afe0 → 8988cf15
2026-05-23 14:54:06,762 WARNING [T17] ec=1 rate limited, rotating IP
2026-05-23 14:54:06,762 INFO [T17] rotate IP 828a457b → cc866422
2026-05-23 14:54:06,863 INFO [T43] leaf pattern=032556???? got=19 saved=19
2026-05-23 14:54:06,868 INFO [T23] leaf pattern=032743???? got=17 saved=17
2026-05-23 14:54:06,972 INFO [T26] leaf pattern=032573???? got=18 saved=18
2026-05-23 14:54:06,975 INFO [T29] leaf pattern=032727???? got=2 saved=2
2026-05-23 14:54:06,976 WARNING [T20] ec=1 rate limited, rotating IP
2026-05-23 14:54:06,977 INFO [T20] rotate IP 4eb543ab → e72fa307
2026-05-23 14:54:07,110 INFO [T38] leaf pattern=032575???? got=8 saved=8
2026-05-23 14:54:07,125 INFO [T47] leaf pattern=032574???? got=16 saved=16
2026-05-23 14:54:07,143 INFO [T14] leaf pattern=032571???? got=13 saved=13
2026-05-23 14:54:07,147 WARNING [T39] ec=1 rate limited, rotating IP
2026-05-23 14:54:07,147 INFO [T39] rotate IP 305cb42c → c5af5d81
2026-05-23 14:54:07,148 INFO [T34] leaf pattern=032570???? got=23 saved=23
2026-05-23 14:54:07,153 WARNING [T35] ConnectionError attempt=1/3 pattern=032752????: ('Connection aborted.', ConnectionResetError(10054, 'An existing connection was forcibly closed by the remote host', Non
2026-05-23 14:54:07,153 INFO [T35] rotate IP c8a084a4 → f6218523
2026-05-23 14:54:07,299 INFO [T50] leaf pattern=032577???? got=7 saved=7
2026-05-23 14:54:07,339 WARNING [T33] ec=1 rate limited, rotating IP
2026-05-23 14:54:07,339 INFO [T33] rotate IP c9a770cd → 20f91718
2026-05-23 14:54:07,457 INFO [T10] leaf pattern=032579???? got=15 saved=15
2026-05-23 14:54:07,542 INFO [T32] D1N refreshed 2a579492f6be74f2…
2026-05-23 14:54:07,545 WARNING [T28] ConnectionError attempt=1/3 pattern=032756????: ('Connection aborted.', ConnectionResetError(10054, 'An existing connection was forcibly closed by the remote host', Non
2026-05-23 14:54:07,545 INFO [T28] rotate IP 921e3c5d → abc9e242
2026-05-23 14:54:07,566 INFO [T41] leaf pattern=032520???? got=6 saved=6
2026-05-23 14:54:07,595 INFO [T12] leaf pattern=032726???? got=11 saved=11
2026-05-23 14:54:07,788 WARNING [T13] ec=1 rate limited, rotating IP
2026-05-23 14:54:07,788 INFO [T13] rotate IP 3e0cfc1b → 4ed216bc
2026-05-23 14:54:07,929 INFO [T1] leaf pattern=032750???? got=11 saved=11
2026-05-23 14:54:08,041 INFO [T40] leaf pattern=032523???? got=2 saved=2
2026-05-23 14:54:08,045 INFO [T9] leaf pattern=032524???? got=7 saved=7
2026-05-23 14:54:08,191 INFO [T2] leaf pattern=032753???? got=13 saved=13
2026-05-23 14:54:08,248 INFO [T31] leaf pattern=032525???? got=0 saved=0
2026-05-23 14:54:08,352 INFO [T11] leaf pattern=032526???? got=2 saved=2
2026-05-23 14:54:08,409 INFO [T7] leaf pattern=032527???? got=9 saved=9
2026-05-23 14:54:08,444 INFO [T44] D1N refreshed 1a0acba8ae8ef2af…
2026-05-23 14:54:08,572 INFO [T27] leaf pattern=032716???? got=15 saved=15
2026-05-23 14:54:08,599 INFO [T19] leaf pattern=032529???? got=11 saved=11
2026-05-23 14:54:08,634 INFO [T5] D1N refreshed 17f2ac3b0f073e4f…
2026-05-23 14:54:08,726 INFO [T17] D1N refreshed 11b5046677d574a5…
2026-05-23 14:54:08,782 INFO [T15] D1N refreshed cf9d26b465fac163…
2026-05-23 14:54:08,908 INFO [T3] leaf pattern=032581???? got=11 saved=11
2026-05-23 14:54:08,931 INFO [T46] leaf pattern=032582???? got=4 saved=4
2026-05-23 14:54:08,946 INFO [T37] leaf pattern=032580???? got=14 saved=14
2026-05-23 14:54:09,050 INFO [T33] D1N refreshed 913644d8e6da727f…
2026-05-23 14:54:09,057 INFO [T36] leaf pattern=032584???? got=12 saved=12
2026-05-23 14:54:09,085 INFO [T20] D1N refreshed dac43f0cb2843361…
2026-05-23 14:54:09,213 INFO [T42] leaf pattern=032586???? got=11 saved=11
2026-05-23 14:54:09,218 INFO [T22] leaf pattern=032585???? got=6 saved=6
2026-05-23 14:54:09,276 INFO [T39] D1N refreshed e3ee1974d0e8b970…
2026-05-23 14:54:09,287 INFO [T8] leaf pattern=032587???? got=9 saved=9
2026-05-23 14:54:09,302 INFO [T48] leaf pattern=032759???? got=7 saved=7
2026-05-23 14:54:09,333 INFO [T21] leaf pattern=032589???? got=8 saved=8
2026-05-23 14:54:09,399 INFO [T49] leaf pattern=032591???? got=20 saved=20
2026-05-23 14:54:09,407 INFO [T18] leaf pattern=032583???? got=15 saved=15
2026-05-23 14:54:09,453 INFO [T6] leaf pattern=032588???? got=2 saved=2
2026-05-23 14:54:09,459 INFO [T25] leaf pattern=032592???? got=21 saved=21
2026-05-23 14:54:09,549 INFO [T4] leaf pattern=032593???? got=26 saved=26
2026-05-23 14:54:09,557 INFO [T45] leaf pattern=032528???? got=8 saved=8
2026-05-23 14:54:09,671 INFO [T24] D1N refreshed be2f151635b543b5…
2026-05-23 14:54:09,682 INFO [T13] D1N refreshed a5fe132cfe1e7a27…
2026-05-23 14:54:09,694 INFO [T16] leaf pattern=032590???? got=11 saved=11
2026-05-23 14:54:09,768 INFO [T23] leaf pattern=032595???? got=21 saved=21
2026-05-23 14:54:09,797 INFO [T43] expand pattern=032594???? got=31 ≥ 30 → split into 10 children
2026-05-23 14:54:09,833 INFO [T26] leaf pattern=032596???? got=25 saved=25
2026-05-23 14:54:09,857 INFO [T29] leaf pattern=032597???? got=23 saved=23
2026-05-23 14:54:09,886 INFO [T35] D1N refreshed a0e7fdb2eeb251e2…
2026-05-23 14:54:09,932 WARNING [T34] ec=1 rate limited, rotating IP
2026-05-23 14:54:09,932 INFO [T34] rotate IP 201110a6 → 983663e8
2026-05-23 14:54:10,020 INFO [T14] leaf pattern=032540???? got=27 saved=27
2026-05-23 14:54:10,106 INFO [T38] leaf pattern=032598???? got=23 saved=23
2026-05-23 14:54:10,119 INFO [T47] leaf pattern=032599???? got=7 saved=7
2026-05-23 14:54:10,266 INFO [T50] leaf pattern=032542???? got=26 saved=26
2026-05-23 14:54:10,303 INFO [T28] D1N refreshed 191f05d1ed067fe6…
2026-05-23 14:54:10,457 INFO [T10] leaf pattern=032543???? got=22 saved=22
2026-05-23 14:54:10,525 INFO [T41] leaf pattern=032544???? got=18 saved=18
2026-05-23 14:54:10,573 INFO [T12] leaf pattern=032545???? got=15 saved=15
2026-05-23 14:54:10,929 INFO [T40] leaf pattern=032547???? got=21 saved=21
2026-05-23 14:54:11,108 INFO [T2] leaf pattern=032549???? got=22 saved=22
2026-05-23 14:54:11,208 INFO [T31] leaf pattern=032910???? got=6 saved=6
2026-05-23 14:54:11,235 INFO [T9] leaf pattern=032548???? got=19 saved=19
2026-05-23 14:54:11,260 INFO [T1] leaf pattern=032546???? got=17 saved=17
2026-05-23 14:54:11,296 INFO [T11] leaf pattern=032911???? got=6 saved=6
2026-05-23 14:54:11,354 INFO [T7] leaf pattern=032912???? got=4 saved=4
2026-05-23 14:54:11,498 INFO [T19] leaf pattern=032914???? got=7 saved=7
2026-05-23 14:54:11,502 INFO [T27] leaf pattern=032913???? got=9 saved=9
2026-05-23 14:54:11,514 INFO [T32] leaf pattern=032553???? got=5 saved=5
2026-05-23 14:54:11,725 WARNING [T46] ec=1 rate limited, rotating IP
2026-05-23 14:54:11,725 INFO [T46] rotate IP b84f6318 → 8729992e
2026-05-23 14:54:11,848 INFO [T37] leaf pattern=032917???? got=6 saved=6
2026-05-23 14:54:11,860 INFO [T3] leaf pattern=032915???? got=6 saved=6
2026-05-23 14:54:11,920 WARNING [T42] ec=1 rate limited, rotating IP
2026-05-23 14:54:11,920 INFO [T42] rotate IP 2aeaf79c → 1d481357
2026-05-23 14:54:11,970 INFO [T36] leaf pattern=032918???? got=7 saved=7
2026-05-23 14:54:12,040 INFO [T34] D1N refreshed 3fa6a76fe03f0937…
2026-05-23 14:54:12,176 INFO [T22] leaf pattern=032900???? got=0 saved=0
2026-05-23 14:54:12,182 INFO [T8] leaf pattern=032901???? got=6 saved=6
2026-05-23 14:54:12,208 INFO [T48] leaf pattern=032902???? got=2 saved=2
2026-05-23 14:54:12,225 INFO [T21] leaf pattern=032903???? got=5 saved=5
2026-05-23 14:54:12,290 INFO [T49] leaf pattern=032904???? got=8 saved=8
2026-05-23 14:54:12,302 WARNING [T4] ec=1 rate limited, rotating IP
2026-05-23 14:54:12,302 INFO [T4] rotate IP 9b6b0ab8 → fd4c91bf
2026-05-23 14:54:12,329 INFO [T25] leaf pattern=032907???? got=4 saved=4
2026-05-23 14:54:12,473 INFO [T6] leaf pattern=032906???? got=7 saved=7
2026-05-23 14:54:12,514 INFO [T45] leaf pattern=032909???? got=2 saved=2
2026-05-23 14:54:12,543 INFO [T44] leaf pattern=032563???? got=28 saved=28
2026-05-23 14:54:12,572 INFO [T18] leaf pattern=032905???? got=7 saved=7
2026-05-23 14:54:12,649 INFO [T23] leaf pattern=032941???? got=12 saved=12
2026-05-23 14:54:12,741 INFO [T43] leaf pattern=032942???? got=13 saved=13
2026-05-23 14:54:12,748 INFO [T16] leaf pattern=032940???? got=8 saved=8
2026-05-23 14:54:12,763 INFO [T5] leaf pattern=032567???? got=7 saved=7
2026-05-23 14:54:12,773 INFO [T29] leaf pattern=032944???? got=13 saved=13
2026-05-23 14:54:12,853 WARNING [T33] D1N unresolved, rotating IP
2026-05-23 14:54:12,853 INFO [T33] rotate IP 20f91718 → 8fbc3ad7
2026-05-23 14:54:12,855 INFO [T26] leaf pattern=032943???? got=12 saved=12
2026-05-23 14:54:12,875 INFO [T17] leaf pattern=032572???? got=16 saved=16
2026-05-23 14:54:12,899 WARNING [T38] ec=1 rate limited, rotating IP
2026-05-23 14:54:12,899 INFO [T38] rotate IP b0a3c6e3 → ed4ff45a
2026-05-23 14:54:12,990 INFO [T15] leaf pattern=032569???? got=19 saved=19
2026-05-23 14:54:13,060 INFO [T47] leaf pattern=032947???? got=7 saved=7
2026-05-23 14:54:13,247 INFO [T50] leaf pattern=032948???? got=5 saved=5
2026-05-23 14:54:13,269 INFO [T20] leaf pattern=032576???? got=17 saved=17
2026-05-23 14:54:13,396 WARNING [T30] ReadTimeout attempt=1/3 pattern=032731????: HTTPSConnectionPool(host='vietteltelecom.vn', port=443): Read timed out. (read timeout=15)
2026-05-23 14:54:13,396 INFO [T30] rotate IP ceffed16 → 9361ab33
2026-05-23 14:54:13,415 INFO [T41] leaf pattern=032930???? got=10 saved=10
2026-05-23 14:54:13,452 INFO [T10] leaf pattern=032949???? got=7 saved=7
2026-05-23 14:54:13,477 INFO [T39] leaf pattern=032578???? got=8 saved=8
2026-05-23 14:54:13,618 INFO [T12] leaf pattern=032931???? got=9 saved=9
2026-05-23 14:54:13,680 INFO [T46] D1N refreshed 92630e1bfae85263…
2026-05-23 14:54:13,847 INFO [T42] D1N refreshed 1b2a9495d51c00af…
2026-05-23 14:54:13,861 INFO [T40] leaf pattern=032932???? got=4 saved=4
2026-05-23 14:54:13,929 INFO [T14] leaf pattern=032945???? got=4 saved=4
2026-05-23 14:54:14,021 INFO [T2] leaf pattern=032933???? got=5 saved=5
2026-05-23 14:54:14,127 INFO [T9] leaf pattern=032935???? got=9 saved=9
2026-05-23 14:54:14,220 INFO [T1] leaf pattern=032936???? got=10 saved=10
2026-05-23 14:54:14,240 INFO [T13] leaf pattern=032522???? got=3 saved=3
2026-05-23 14:54:14,267 INFO [T31] leaf pattern=032934???? got=7 saved=7
2026-05-23 14:54:14,288 INFO [T11] leaf pattern=032937???? got=11 saved=11
2026-05-23 14:54:14,309 INFO [T7] leaf pattern=032938???? got=14 saved=14
2026-05-23 14:54:14,352 INFO [T28] leaf pattern=032756???? got=4 saved=4
2026-05-23 14:54:14,391 INFO [T27] leaf pattern=032920???? got=8 saved=8
2026-05-23 14:54:14,411 INFO [T35] leaf pattern=032752???? got=11 saved=11
2026-05-23 14:54:14,435 INFO [T32] leaf pattern=032921???? got=6 saved=6
2026-05-23 14:54:14,533 INFO [T19] leaf pattern=032939???? got=4 saved=4
2026-05-23 14:54:14,758 INFO [T33] D1N refreshed 3311fbef6b149d1a…
2026-05-23 14:54:14,778 INFO [T38] D1N refreshed aae6ebd0493dddc1…
2026-05-23 14:54:14,778 INFO [T3] leaf pattern=032923???? got=7 saved=7
2026-05-23 14:54:14,801 INFO [T37] leaf pattern=032922???? got=5 saved=5
2026-05-23 14:54:14,894 INFO [T36] leaf pattern=032924???? got=15 saved=15
2026-05-23 14:54:14,971 WARNING [T21] ec=1 rate limited, rotating IP
2026-05-23 14:54:14,971 INFO [T21] rotate IP c7327dae → 18c03791
2026-05-23 14:54:15,066 WARNING [T49] ec=1 rate limited, rotating IP
2026-05-23 14:54:15,066 INFO [T49] rotate IP 4c3ffb10 → 5317b51d
2026-05-23 14:54:15,115 INFO [T8] leaf pattern=032926???? got=7 saved=7
2026-05-23 14:54:15,147 INFO [T24] leaf pattern=032565???? got=15 saved=15
2026-05-23 14:54:15,155 INFO [T22] leaf pattern=032925???? got=8 saved=8
2026-05-23 14:54:15,387 INFO [T25] leaf pattern=032950???? got=7 saved=7
2026-05-23 14:54:15,449 INFO [T48] leaf pattern=032927???? got=11 saved=11
2026-05-23 14:54:15,496 INFO [T6] leaf pattern=032951???? got=16 saved=16
2026-05-23 14:54:15,512 INFO [T44] leaf pattern=032953???? got=19 saved=19
2026-05-23 14:54:15,525 INFO [T45] leaf pattern=032952???? got=9 saved=9
2026-05-23 14:54:15,536 WARNING [T26] ec=1 rate limited, rotating IP
2026-05-23 14:54:15,536 INFO [T26] rotate IP 3462bfd1 → 977b7c6f
2026-05-23 14:54:15,549 INFO [T23] leaf pattern=032955???? got=14 saved=14
2026-05-23 14:54:15,563 INFO [T18] leaf pattern=032954???? got=22 saved=22
2026-05-23 14:54:15,615 INFO [T29] leaf pattern=032958???? got=10 saved=10
2026-05-23 14:54:15,685 INFO [T43] leaf pattern=032956???? got=18 saved=18
2026-05-23 14:54:15,758 INFO [T5] leaf pattern=032959???? got=8 saved=8
2026-05-23 14:54:15,824 INFO [T17] leaf pattern=032961???? got=14 saved=14
2026-05-23 14:54:15,877 INFO [T16] leaf pattern=032957???? got=13 saved=13
2026-05-23 14:54:15,938 INFO [T15] leaf pattern=032962???? got=14 saved=14
2026-05-23 14:54:15,985 INFO [T47] leaf pattern=032963???? got=17 saved=17
2026-05-23 14:54:16,074 WARNING [T50] ec=1 rate limited, rotating IP
2026-05-23 14:54:16,075 INFO [T50] rotate IP 5b4586d7 → fe4758cb
2026-05-23 14:54:16,256 WARNING [T41] ec=1 rate limited, rotating IP
2026-05-23 14:54:16,257 INFO [T41] rotate IP c0420121 → b1e710a1
2026-05-23 14:54:16,270 INFO [T20] leaf pattern=032965???? got=19 saved=19
2026-05-23 14:54:16,424 INFO [T10] leaf pattern=032967???? got=15 saved=15
2026-05-23 14:54:16,450 INFO [T39] leaf pattern=032968???? got=3 saved=3
2026-05-23 14:54:16,713 INFO [T21] D1N refreshed c46c52452b7776bb…
2026-05-23 14:54:16,737 INFO [T12] leaf pattern=032969???? got=6 saved=6
2026-05-23 14:54:16,761 INFO [T14] leaf pattern=032981???? got=7 saved=7
2026-05-23 14:54:16,789 INFO [T40] leaf pattern=032980???? got=11 saved=11
2026-05-23 14:54:16,954 INFO [T2] leaf pattern=032982???? got=5 saved=5
2026-05-23 14:54:17,011 WARNING [T9] ec=1 rate limited, rotating IP
2026-05-23 14:54:17,011 INFO [T9] rotate IP 366282bd → ca179e0d
2026-05-23 14:54:17,225 INFO [T1] leaf pattern=032984???? got=21 saved=21
2026-05-23 14:54:17,350 INFO [T11] leaf pattern=032987???? got=23 saved=23
2026-05-23 14:54:17,357 INFO [T27] leaf pattern=032990???? got=6 saved=6
2026-05-23 14:54:17,362 INFO [T31] leaf pattern=032986???? got=20 saved=20
2026-05-23 14:54:17,370 INFO [T13] leaf pattern=032985???? got=28 saved=28
2026-05-23 14:54:17,375 INFO [T32] leaf pattern=032992???? got=6 saved=6
2026-05-23 14:54:17,380 INFO [T35] leaf pattern=032991???? got=7 saved=7
2026-05-23 14:54:17,385 INFO [T28] leaf pattern=032989???? got=5 saved=5
2026-05-23 14:54:17,427 INFO [T26] D1N refreshed 936e76a72c4c04aa…
2026-05-23 14:54:17,500 WARNING [T49] SSLError attempt=1/3 pattern=032929????: HTTPSConnectionPool(host='vietteltelecom.vn', port=443): Max retries exceeded with url: /api/get/sim (Caused by SSLError
2026-05-23 14:54:17,500 INFO [T49] rotate IP 5317b51d → 6dc8bdfd
2026-05-23 14:54:17,524 INFO [T7] leaf pattern=032988???? got=9 saved=9
2026-05-23 14:54:17,540 INFO [T19] leaf pattern=032993???? got=3 saved=3
2026-05-23 14:54:17,712 INFO [T3] leaf pattern=032994???? got=8 saved=8
2026-05-23 14:54:17,714 WARNING [T4] ConnectionError attempt=1/3 pattern=032908????: ('Connection aborted.', ConnectionResetError(10054, 'An existing connection was forcibly closed by the remote host', Non
2026-05-23 14:54:17,714 INFO [T4] rotate IP fd4c91bf → 9bf65a26
2026-05-23 14:54:17,756 INFO [T37] leaf pattern=032995???? got=3 saved=3
2026-05-23 14:54:17,766 INFO [T34] leaf pattern=032541???? got=28 saved=28
2026-05-23 14:54:17,987 INFO [T36] leaf pattern=032996???? got=11 saved=11
2026-05-23 14:54:18,050 INFO [T8] leaf pattern=032997???? got=10 saved=10
2026-05-23 14:54:18,081 INFO [T24] leaf pattern=032998???? got=8 saved=8
2026-05-23 14:54:18,151 INFO [T22] leaf pattern=032999???? got=0 saved=0
2026-05-23 14:54:18,172 INFO [T46] leaf pattern=032916???? got=3 saved=3
2026-05-23 14:54:18,271 INFO [T42] leaf pattern=032919???? got=10 saved=10
2026-05-23 14:54:18,286 INFO [T25] leaf pattern=032970???? got=6 saved=6
2026-05-23 14:54:18,387 INFO [T48] leaf pattern=032971???? got=5 saved=5
2026-05-23 14:54:18,462 INFO [T44] leaf pattern=032973???? got=16 saved=16
2026-05-23 14:54:18,934 INFO [T17] expand pattern=032640???? got=33 ≥ 30 → split into 10 children
2026-05-23 14:54:19,164 INFO [T29] leaf pattern=032977???? got=7 saved=7
2026-05-23 14:54:19,172 INFO [T23] leaf pattern=032975???? got=13 saved=13
2026-05-23 14:54:19,176 INFO [T45] leaf pattern=032974???? got=13 saved=13
2026-05-23 14:54:19,185 INFO [T18] leaf pattern=032976???? got=17 saved=17
2026-05-23 14:54:19,195 INFO [T5] leaf pattern=032979???? got=5 saved=5
2026-05-23 14:54:19,219 INFO [T38] leaf pattern=032946???? got=5 saved=5
2026-05-23 14:54:19,224 INFO [T15] leaf pattern=032642???? got=19 saved=19
2026-05-23 14:54:19,228 INFO [T33] leaf pattern=032521???? got=3 saved=3
2026-05-23 14:54:19,237 INFO [T6] leaf pattern=032972???? got=3 saved=3
2026-05-23 14:54:19,353 INFO [T47] leaf pattern=032643???? got=17 saved=17
2026-05-23 14:54:19,358 INFO [T16] leaf pattern=032641???? got=20 saved=20
2026-05-23 14:54:19,412 INFO [T20] leaf pattern=032644???? got=10 saved=10
2026-05-23 14:54:19,508 INFO [T10] leaf pattern=032645???? got=21 saved=21
2026-05-23 14:54:19,808 WARNING [T30] ConnectionError attempt=2/3 pattern=032731????: ('Connection aborted.', ConnectionResetError(10054, 'An existing connection was forcibly closed by the remote host', Non
2026-05-23 14:54:19,808 INFO [T30] rotate IP 9361ab33 → b7ba2c2c
2026-05-23 14:54:19,852 INFO [T39] leaf pattern=032646???? got=14 saved=14
2026-05-23 14:54:19,863 INFO [T9] D1N refreshed 55038dac718fb3ac…
2026-05-23 14:54:19,866 INFO [T14] leaf pattern=032648???? got=7 saved=7
2026-05-23 14:54:19,874 INFO [T12] leaf pattern=032647???? got=14 saved=14
2026-05-23 14:54:19,978 INFO [T40] leaf pattern=032649???? got=8 saved=8
2026-05-23 14:54:20,059 INFO [T2] leaf pattern=032620???? got=7 saved=7
2026-05-23 14:54:20,099 INFO [T43] leaf pattern=032978???? got=7 saved=7
2026-05-23 14:54:20,154 INFO [T1] leaf pattern=032621???? got=11 saved=11
2026-05-23 14:54:20,170 INFO [T32] leaf pattern=032626???? got=2 saved=2
2026-05-23 14:54:20,180 INFO [T27] leaf pattern=032623???? got=5 saved=5
2026-05-23 14:54:20,243 INFO [T11] leaf pattern=032622???? got=4 saved=4
2026-05-23 14:54:20,270 INFO [T35] leaf pattern=032627???? got=20 saved=20
2026-05-23 14:54:20,275 INFO [T31] leaf pattern=032624???? got=20 saved=20
2026-05-23 14:54:20,281 INFO [T28] leaf pattern=032628???? got=19 saved=19
2026-05-23 14:54:20,321 INFO [T13] leaf pattern=032625???? got=13 saved=13
2026-05-23 14:54:20,414 INFO [T7] leaf pattern=032629???? got=12 saved=12
2026-05-23 14:54:20,481 INFO [T19] leaf pattern=032610???? got=8 saved=8
2026-05-23 14:54:20,530 INFO [T4] D1N refreshed 01670d1fc101acff…
2026-05-23 14:54:20,682 INFO [T3] leaf pattern=032611???? got=2 saved=2
2026-05-23 14:54:20,691 INFO [T37] leaf pattern=032612???? got=8 saved=8
2026-05-23 14:54:20,751 INFO [T34] leaf pattern=032613???? got=20 saved=20
2026-05-23 14:54:20,859 INFO [T21] leaf pattern=032928???? got=8 saved=8
2026-05-23 14:54:20,885 INFO [T36] leaf pattern=032614???? got=22 saved=22
2026-05-23 14:54:20,972 INFO [T8] leaf pattern=032615???? got=16 saved=16
2026-05-23 14:54:21,055 INFO [T24] leaf pattern=032616???? got=11 saved=11
2026-05-23 14:54:21,147 INFO [T46] leaf pattern=032618???? got=12 saved=12
2026-05-23 14:54:21,177 INFO [T22] leaf pattern=032617???? got=13 saved=13
2026-05-23 14:54:21,192 INFO [T25] leaf pattern=032630???? got=19 saved=19
2026-05-23 14:54:21,240 INFO [T42] leaf pattern=032619???? got=17 saved=17
2026-05-23 14:54:21,307 INFO [T48] leaf pattern=032631???? got=15 saved=15
2026-05-23 14:54:21,386 INFO [T44] leaf pattern=032632???? got=11 saved=11
2026-05-23 14:54:21,434 INFO [T23] leaf pattern=032634???? got=20 saved=20
2026-05-23 14:54:21,481 WARNING [T50] ConnectionError attempt=1/3 pattern=032964????: ('Connection aborted.', ConnectionResetError(10054, 'An existing connection was forcibly closed by the remote host', Non
2026-05-23 14:54:21,481 INFO [T50] rotate IP fe4758cb → bba81c15
2026-05-23 14:54:21,488 INFO [T29] leaf pattern=032635???? got=19 saved=19
2026-05-23 14:54:21,509 INFO [T26] leaf pattern=032960???? got=12 saved=12
2026-05-23 14:54:21,528 INFO [T45] leaf pattern=032672???? got=6 saved=6
2026-05-23 14:54:21,543 INFO [T6] leaf pattern=032671???? got=8 saved=8
2026-05-23 14:54:21,547 INFO [T5] leaf pattern=032637???? got=18 saved=18
2026-05-23 14:54:21,574 INFO [T18] leaf pattern=032636???? got=14 saved=14
2026-05-23 14:54:21,702 INFO [T17] leaf pattern=032633???? got=8 saved=8
2026-05-23 14:54:21,705 WARNING [T41] ConnectionError attempt=1/3 pattern=032966????: ('Connection aborted.', ConnectionResetError(10054, 'An existing connection was forcibly closed by the remote host', Non
2026-05-23 14:54:21,705 INFO [T41] rotate IP b1e710a1 → f462d38e
2026-05-23 14:54:21,797 INFO [T38] leaf pattern=032638???? got=22 saved=22
2026-05-23 14:54:21,833 INFO [T15] leaf pattern=032639???? got=20 saved=20
2026-05-23 14:54:21,890 INFO [T33] leaf pattern=032670???? got=8 saved=8
2026-05-23 14:54:21,981 INFO [T47] leaf pattern=032673???? got=6 saved=6
2026-05-23 14:54:22,181 INFO [T16] leaf pattern=032674???? got=10 saved=10
2026-05-23 14:54:22,326 INFO [T10] leaf pattern=032676???? got=9 saved=9
2026-05-23 14:54:22,571 INFO [T14] leaf pattern=032678???? got=5 saved=5
2026-05-23 14:54:22,631 INFO [T39] leaf pattern=032677???? got=7 saved=7
2026-05-23 14:54:22,704 INFO [T40] leaf pattern=032600???? got=5 saved=5
2026-05-23 14:54:22,718 INFO [T12] leaf pattern=032679???? got=6 saved=6
2026-05-23 14:54:22,900 INFO [T2] leaf pattern=032601???? got=17 saved=17
2026-05-23 14:54:22,908 INFO [T20] leaf pattern=032675???? got=5 saved=5
2026-05-23 14:54:23,021 INFO [T43] leaf pattern=032602???? got=12 saved=12
2026-05-23 14:54:23,085 INFO [T27] leaf pattern=032605???? got=24 saved=24
2026-05-23 14:54:23,106 INFO [T1] leaf pattern=032603???? got=7 saved=7
2026-05-23 14:54:23,111 INFO [T32] leaf pattern=032604???? got=20 saved=20
2026-05-23 14:54:23,153 INFO [T28] leaf pattern=032608???? got=19 saved=19
2026-05-23 14:54:23,205 INFO [T35] leaf pattern=032609???? got=10 saved=10
2026-05-23 14:54:23,251 INFO [T11] leaf pattern=032606???? got=15 saved=15
2026-05-23 14:54:23,257 INFO [T13] leaf pattern=032660???? got=4 saved=4
2026-05-23 14:54:23,310 INFO [T31] leaf pattern=032607???? got=13 saved=13
2026-05-23 14:54:23,379 INFO [T7] leaf pattern=032661???? got=2 saved=2
2026-05-23 14:54:23,390 INFO [T19] leaf pattern=032662???? got=2 saved=2
2026-05-23 14:54:23,606 INFO [T3] leaf pattern=032663???? got=4 saved=4
2026-05-23 14:54:23,643 INFO [T37] leaf pattern=032664???? got=9 saved=9
2026-05-23 14:54:23,710 INFO [T30] D1N refreshed 82572c3da8ab4148…
2026-05-23 14:54:23,716 INFO [T34] leaf pattern=032665???? got=8 saved=8
2026-05-23 14:54:23,781 INFO [T36] leaf pattern=032667???? got=6 saved=6
2026-05-23 14:54:23,829 INFO [T21] leaf pattern=032666???? got=1 saved=1
2026-05-23 14:54:23,886 INFO [T8] leaf pattern=032668???? got=7 saved=7
2026-05-23 14:54:23,910 WARNING [T49] ConnectionError attempt=2/3 pattern=032929????: ('Connection aborted.', ConnectionResetError(10054, 'An existing connection was forcibly closed by the remote host', Non
2026-05-23 14:54:23,911 INFO [T49] rotate IP 6dc8bdfd → 8fc60f64
2026-05-23 14:54:23,973 INFO [T24] leaf pattern=032669???? got=7 saved=7
2026-05-23 14:54:24,129 INFO [T46] leaf pattern=032680???? got=12 saved=12
2026-05-23 14:54:24,154 INFO [T25] leaf pattern=032682???? got=13 saved=13
2026-05-23 14:54:24,354 INFO [T22] leaf pattern=032681???? got=8 saved=8
2026-05-23 14:54:24,370 INFO [T48] leaf pattern=032684???? got=13 saved=13
2026-05-23 14:54:24,393 INFO [T42] leaf pattern=032683???? got=8 saved=8
2026-05-23 14:54:24,426 INFO [T23] leaf pattern=032686???? got=6 saved=6
2026-05-23 14:54:24,438 INFO [T44] leaf pattern=032685???? got=5 saved=5
2026-05-23 14:54:24,509 INFO [T29] leaf pattern=032687???? got=11 saved=11
2026-05-23 14:54:24,557 INFO [T9] leaf pattern=032983???? got=9 saved=9
2026-05-23 14:54:24,567 INFO [T5] leaf pattern=032691???? got=7 saved=7
2026-05-23 14:54:24,572 INFO [T26] leaf pattern=032688???? got=2 saved=2
2026-05-23 14:54:24,621 INFO [T45] leaf pattern=032689???? got=9 saved=9
2026-05-23 14:54:24,646 INFO [T18] leaf pattern=032692???? got=8 saved=8
2026-05-23 14:54:24,659 INFO [T6] leaf pattern=032690???? got=11 saved=11
2026-05-23 14:54:24,692 INFO [T17] leaf pattern=032693???? got=7 saved=7
2026-05-23 14:54:24,714 INFO [T38] leaf pattern=032694???? got=17 saved=17
2026-05-23 14:54:24,807 INFO [T15] leaf pattern=032695???? got=5 saved=5
2026-05-23 14:54:24,813 INFO [T4] leaf pattern=032908???? got=6 saved=6
2026-05-23 14:54:24,851 INFO [T33] leaf pattern=032696???? got=3 saved=3
2026-05-23 14:54:24,909 INFO [T41] D1N refreshed ecfd4cf7f8479900…
2026-05-23 14:54:25,177 INFO [T16] leaf pattern=032698???? got=12 saved=12
2026-05-23 14:54:25,291 INFO [T10] leaf pattern=032699???? got=3 saved=3
2026-05-23 14:54:25,364 INFO [T47] leaf pattern=032697???? got=12 saved=12
2026-05-23 14:54:25,506 INFO [T14] leaf pattern=034230???? got=11 saved=11
2026-05-23 14:54:25,591 INFO [T39] leaf pattern=034231???? got=13 saved=13
2026-05-23 14:54:25,665 INFO [T40] leaf pattern=034232???? got=9 saved=9
2026-05-23 14:54:25,676 INFO [T12] leaf pattern=034233???? got=5 saved=5
2026-05-23 14:54:25,755 INFO [T2] leaf pattern=034234???? got=6 saved=6
2026-05-23 14:54:25,773 INFO [T20] leaf pattern=034235???? got=13 saved=13
2026-05-23 14:54:25,941 INFO [T43] leaf pattern=034236???? got=8 saved=8
2026-05-23 14:54:25,985 INFO [T27] leaf pattern=034237???? got=8 saved=8
2026-05-23 14:54:26,006 INFO [T1] leaf pattern=034239???? got=7 saved=7
2026-05-23 14:54:26,067 INFO [T28] leaf pattern=034250???? got=9 saved=9
2026-05-23 14:54:26,139 INFO [T32] leaf pattern=034238???? got=11 saved=11
2026-05-23 14:54:26,188 INFO [T35] leaf pattern=034251???? got=7 saved=7
2026-05-23 14:54:26,258 INFO [T11] leaf pattern=034252???? got=7 saved=7
2026-05-23 14:54:26,263 INFO [T31] leaf pattern=034254???? got=7 saved=7
2026-05-23 14:54:26,315 INFO [T7] leaf pattern=034255???? got=2 saved=2
2026-05-23 14:54:26,327 INFO [T19] leaf pattern=034256???? got=1 saved=1
2026-05-23 14:54:26,351 INFO [T13] leaf pattern=034253???? got=10 saved=10
2026-05-23 14:54:26,650 INFO [T37] leaf pattern=034258???? got=5 saved=5
2026-05-23 14:54:26,671 INFO [T36] leaf pattern=034260???? got=9 saved=9
2026-05-23 14:54:26,688 INFO [T34] leaf pattern=034259???? got=9 saved=9
2026-05-23 14:54:26,775 INFO [T21] leaf pattern=034261???? got=14 saved=14
2026-05-23 14:54:26,807 INFO [T8] leaf pattern=034262???? got=4 saved=4
2026-05-23 14:54:26,816 INFO [T3] leaf pattern=034257???? got=5 saved=5
2026-05-23 14:54:27,043 INFO [T46] leaf pattern=034264???? got=11 saved=11
2026-05-23 14:54:27,079 INFO [T25] leaf pattern=034265???? got=10 saved=10
2026-05-23 14:54:27,104 INFO [T24] leaf pattern=034263???? got=6 saved=6
2026-05-23 14:54:27,134 INFO [T48] leaf pattern=034267???? got=5 saved=5
2026-05-23 14:54:27,245 INFO [T22] leaf pattern=034269???? got=6 saved=6
2026-05-23 14:54:27,256 INFO [T42] leaf pattern=034268???? got=7 saved=7
2026-05-23 14:54:27,289 INFO [T29] leaf pattern=034271???? got=10 saved=10
2026-05-23 14:54:27,302 INFO [T23] leaf pattern=034270???? got=13 saved=13
2026-05-23 14:54:27,306 INFO [T44] leaf pattern=034266???? got=8 saved=8
2026-05-23 14:54:27,334 INFO [T9] leaf pattern=034272???? got=8 saved=8
2026-05-23 14:54:27,338 INFO [T26] leaf pattern=034274???? got=10 saved=10
2026-05-23 14:54:27,358 INFO [T5] leaf pattern=034273???? got=10 saved=10
2026-05-23 14:54:27,541 INFO [T45] leaf pattern=034275???? got=11 saved=11
2026-05-23 14:54:27,584 INFO [T17] leaf pattern=034278???? got=12 saved=12
2026-05-23 14:54:27,605 INFO [T38] leaf pattern=034279???? got=15 saved=15
2026-05-23 14:54:27,707 INFO [T6] leaf pattern=034277???? got=3 saved=3
2026-05-23 14:54:27,759 INFO [T18] leaf pattern=034276???? got=11 saved=11
2026-05-23 14:54:27,808 INFO [T49] D1N refreshed 8b71598851703a1e…
2026-05-23 14:54:27,830 INFO [T30] leaf pattern=032731???? got=6 saved=6
2026-05-23 14:54:27,835 INFO [T4] leaf pattern=034290???? got=7 saved=7
2026-05-23 14:54:27,856 INFO [T33] leaf pattern=034292???? got=9 saved=9
2026-05-23 14:54:27,890 WARNING [T50] ConnectionError attempt=2/3 pattern=032964????: ('Connection aborted.', ConnectionResetError(10054, 'An existing connection was forcibly closed by the remote host', Non
2026-05-23 14:54:27,891 INFO [T50] rotate IP bba81c15 → 75e5541f
2026-05-23 14:54:28,093 INFO [T15] leaf pattern=034291???? got=9 saved=9
2026-05-23 14:54:28,211 INFO [T10] leaf pattern=034294???? got=6 saved=6
2026-05-23 14:54:28,369 INFO [T16] leaf pattern=034293???? got=9 saved=9
2026-05-23 14:54:28,513 INFO [T14] leaf pattern=034296???? got=8 saved=8
2026-05-23 14:54:28,530 INFO [T39] leaf pattern=034297???? got=12 saved=12
2026-05-23 14:54:28,547 INFO [T47] leaf pattern=034295???? got=13 saved=13
2026-05-23 14:54:28,593 INFO [T40] leaf pattern=034298???? got=12 saved=12
2026-05-23 14:54:28,619 INFO [T12] leaf pattern=034299???? got=1 saved=1
2026-05-23 14:54:28,669 INFO [T2] leaf pattern=034200???? got=1 saved=1
2026-05-23 14:54:28,715 INFO [T20] leaf pattern=034201???? got=8 saved=8
2026-05-23 14:54:28,941 INFO [T1] leaf pattern=034204???? got=8 saved=8
2026-05-23 14:54:28,975 INFO [T41] leaf pattern=032966???? got=6 saved=6
2026-05-23 14:54:28,989 INFO [T32] leaf pattern=034206???? got=10 saved=10
2026-05-23 14:54:29,075 INFO [T27] leaf pattern=034203???? got=8 saved=8
2026-05-23 14:54:29,107 INFO [T35] leaf pattern=034207???? got=11 saved=11
2026-05-23 14:54:29,210 INFO [T28] leaf pattern=034205???? got=12 saved=12
2026-05-23 14:54:29,248 INFO [T7] leaf pattern=034240???? got=1 saved=1
2026-05-23 14:54:29,289 INFO [T11] leaf pattern=034208???? got=7 saved=7
2026-05-23 14:54:29,301 INFO [T43] leaf pattern=034202???? got=5 saved=5
2026-05-23 14:54:29,336 INFO [T13] leaf pattern=034242???? got=1 saved=1
2026-05-23 14:54:29,390 INFO [T19] leaf pattern=034241???? got=7 saved=7
2026-05-23 14:54:29,557 INFO [T36] leaf pattern=034244???? got=4 saved=4
2026-05-23 14:54:29,573 INFO [T37] leaf pattern=034243???? got=7 saved=7
2026-05-23 14:54:29,660 INFO [T34] leaf pattern=034245???? got=11 saved=11
2026-05-23 14:54:29,690 INFO [T21] leaf pattern=034246???? got=9 saved=9
2026-05-23 14:54:29,725 INFO [T8] leaf pattern=034247???? got=5 saved=5
2026-05-23 14:54:30,070 INFO [T24] leaf pattern=034281???? got=9 saved=9
2026-05-23 14:54:30,074 INFO [T25] leaf pattern=034280???? got=10 saved=10
2026-05-23 14:54:30,088 INFO [T46] leaf pattern=034249???? got=10 saved=10
2026-05-23 14:54:30,120 INFO [T48] leaf pattern=034282???? got=8 saved=8
2026-05-23 14:54:30,237 INFO [T29] leaf pattern=034285???? got=10 saved=10
2026-05-23 14:54:30,246 INFO [T42] leaf pattern=034284???? got=14 saved=14
2026-05-23 14:54:30,258 INFO [T23] leaf pattern=034286???? got=6 saved=6
2026-05-23 14:54:30,282 INFO [T26] leaf pattern=034289???? got=18 saved=18
2026-05-23 14:54:30,300 INFO [T3] leaf pattern=034248???? got=7 saved=7
2026-05-23 14:54:30,305 INFO [T44] leaf pattern=034287???? got=9 saved=9
2026-05-23 14:54:30,318 INFO [T22] leaf pattern=034283???? got=6 saved=6
2026-05-23 14:54:30,323 INFO [T9] leaf pattern=034288???? got=5 saved=5
2026-05-23 14:54:30,511 INFO [T17] leaf pattern=034222???? got=0 saved=0
2026-05-23 14:54:30,540 INFO [T38] leaf pattern=034223???? got=8 saved=8
2026-05-23 14:54:30,545 INFO [T45] leaf pattern=034221???? got=6 saved=6
2026-05-23 14:54:30,563 INFO [T5] leaf pattern=034220???? got=7 saved=7
2026-05-23 14:54:30,571 INFO [T31] leaf pattern=034209???? got=12 saved=12
2026-05-23 14:54:30,642 INFO [T4] leaf pattern=034227???? got=6 saved=6
2026-05-23 14:54:30,655 INFO [T30] leaf pattern=034226???? got=4 saved=4
2026-05-23 14:54:30,669 INFO [T6] leaf pattern=034224???? got=6 saved=6
2026-05-23 14:54:30,907 INFO [T33] leaf pattern=034228???? got=5 saved=5
2026-05-23 14:54:30,956 INFO [T18] leaf pattern=034225???? got=14 saved=14
2026-05-23 14:54:31,043 INFO [T15] leaf pattern=034229???? got=8 saved=8
2026-05-23 14:54:31,141 INFO [T10] leaf pattern=034210???? got=10 saved=10
2026-05-23 14:54:31,414 INFO [T14] leaf pattern=034212???? got=4 saved=4
2026-05-23 14:54:31,461 INFO [T39] leaf pattern=034213???? got=10 saved=10
2026-05-23 14:54:31,480 INFO [T47] leaf pattern=034214???? got=16 saved=16
2026-05-23 14:54:31,583 INFO [T2] leaf pattern=034217???? got=13 saved=13
2026-05-23 14:54:31,590 INFO [T12] leaf pattern=034216???? got=6 saved=6
2026-05-23 14:54:31,594 INFO [T40] leaf pattern=034215???? got=19 saved=19
2026-05-23 14:54:31,677 INFO [T20] leaf pattern=034218???? got=15 saved=15
2026-05-23 14:54:31,803 INFO [T16] leaf pattern=034211???? got=1 saved=1
2026-05-23 14:54:31,859 INFO [T1] leaf pattern=034219???? got=7 saved=7
2026-05-23 14:54:31,907 INFO [T32] leaf pattern=034301???? got=9 saved=9
2026-05-23 14:54:31,982 INFO [T27] leaf pattern=034302???? got=12 saved=12
2026-05-23 14:54:31,996 INFO [T35] leaf pattern=034303???? got=4 saved=4
2026-05-23 14:54:32,006 INFO [T49] leaf pattern=032929???? got=1 saved=1
2026-05-23 14:54:32,046 INFO [T41] leaf pattern=034300???? got=4 saved=4
2026-05-23 14:54:32,065 INFO [T50] D1N refreshed 4d3ecf59019f8b2e…
2026-05-23 14:54:32,082 INFO [T28] leaf pattern=034304???? got=6 saved=6
2026-05-23 14:54:32,303 INFO [T13] leaf pattern=034308???? got=4 saved=4
2026-05-23 14:54:32,461 INFO [T19] leaf pattern=034309???? got=7 saved=7
2026-05-23 14:54:32,465 INFO [T37] leaf pattern=034311???? got=0 saved=0
2026-05-23 14:54:32,599 INFO [T21] leaf pattern=034313???? got=1 saved=1
2026-05-23 14:54:32,633 INFO [T34] leaf pattern=034312???? got=8 saved=8
2026-05-23 14:54:32,643 INFO [T8] leaf pattern=034314???? got=6 saved=6
2026-05-23 14:54:32,708 INFO [T43] leaf pattern=034307???? got=5 saved=5
2026-05-23 14:54:32,788 INFO [T7] leaf pattern=034305???? got=8 saved=8
2026-05-23 14:54:32,791 INFO [T36] leaf pattern=034310???? got=4 saved=4
2026-05-23 14:54:32,904 INFO [T25] leaf pattern=034317???? got=4 saved=4
2026-05-23 14:54:32,925 INFO [T11] leaf pattern=034306???? got=7 saved=7
2026-05-23 14:54:32,930 INFO [T24] leaf pattern=034315???? got=9 saved=9
2026-05-23 14:54:33,055 INFO [T29] leaf pattern=034319???? got=8 saved=8
2026-05-23 14:54:33,060 INFO [T23] leaf pattern=034341???? got=3 saved=3
2026-05-23 14:54:33,098 INFO [T42] leaf pattern=034340???? got=6 saved=6
2026-05-23 14:54:33,133 INFO [T46] leaf pattern=034316???? got=4 saved=4
2026-05-23 14:54:33,232 INFO [T48] leaf pattern=034318???? got=3 saved=3
2026-05-23 14:54:33,238 INFO [T44] leaf pattern=034344???? got=5 saved=5
2026-05-23 14:54:33,259 INFO [T22] leaf pattern=034345???? got=3 saved=3
2026-05-23 14:54:33,277 INFO [T26] leaf pattern=034342???? got=8 saved=8
2026-05-23 14:54:33,283 INFO [T3] leaf pattern=034343???? got=3 saved=3
2026-05-23 14:54:33,316 INFO [T9] leaf pattern=034346???? got=8 saved=8
2026-05-23 14:54:33,423 INFO [T38] leaf pattern=034348???? got=8 saved=8
2026-05-23 14:54:33,443 INFO [T17] leaf pattern=034347???? got=5 saved=5
2026-05-23 14:54:33,505 INFO [T31] leaf pattern=034331???? got=6 saved=6
2026-05-23 14:54:33,562 INFO [T30] leaf pattern=034333???? got=0 saved=0
2026-05-23 14:54:33,595 INFO [T5] leaf pattern=034330???? got=5 saved=5
2026-05-23 14:54:33,604 INFO [T45] leaf pattern=034349???? got=11 saved=11
2026-05-23 14:54:33,617 INFO [T4] leaf pattern=034332???? got=5 saved=5
2026-05-23 14:54:33,710 INFO [T6] leaf pattern=034334???? got=3 saved=3
2026-05-23 14:54:33,822 INFO [T33] leaf pattern=034335???? got=10 saved=10
2026-05-23 14:54:33,954 INFO [T18] leaf pattern=034336???? got=7 saved=7
2026-05-23 14:54:33,986 INFO [T15] leaf pattern=034337???? got=12 saved=12
2026-05-23 14:54:34,087 INFO [T10] leaf pattern=034338???? got=10 saved=10
2026-05-23 14:54:34,429 INFO [T39] leaf pattern=034350???? got=8 saved=8
2026-05-23 14:54:34,474 INFO [T47] leaf pattern=034351???? got=5 saved=5
2026-05-23 14:54:34,487 INFO [T12] leaf pattern=034353???? got=6 saved=6
2026-05-23 14:54:34,585 INFO [T20] leaf pattern=034355???? got=9 saved=9
2026-05-23 14:54:34,658 INFO [T2] leaf pattern=034352???? got=7 saved=7
2026-05-23 14:54:34,787 INFO [T1] leaf pattern=034357???? got=11 saved=11
2026-05-23 14:54:34,801 INFO [T32] leaf pattern=034358???? got=14 saved=14
2026-05-23 14:54:34,869 INFO [T27] leaf pattern=034359???? got=7 saved=7
2026-05-23 14:54:34,957 INFO [T40] leaf pattern=034354???? got=7 saved=7
2026-05-23 14:54:34,961 INFO [T49] leaf pattern=034371???? got=8 saved=8
2026-05-23 14:54:34,966 INFO [T35] leaf pattern=034370???? got=8 saved=8
2026-05-23 14:54:34,999 INFO [T14] leaf pattern=034339???? got=9 saved=9
2026-05-23 14:54:35,008 INFO [T28] leaf pattern=034373???? got=5 saved=5
2026-05-23 14:54:35,031 INFO [T16] leaf pattern=034356???? got=17 saved=17
2026-05-23 14:54:35,110 INFO [T41] leaf pattern=034372???? got=12 saved=12
2026-05-23 14:54:35,240 INFO [T13] leaf pattern=034374???? got=13 saved=13
2026-05-23 14:54:35,463 INFO [T37] leaf pattern=034376???? got=5 saved=5
2026-05-23 14:54:35,551 INFO [T8] leaf pattern=034379???? got=7 saved=7
2026-05-23 14:54:35,592 INFO [T21] leaf pattern=034377???? got=10 saved=10
2026-05-23 14:54:35,677 INFO [T19] leaf pattern=034375???? got=8 saved=8
2026-05-23 14:54:35,782 INFO [T7] leaf pattern=034381???? got=13 saved=13
2026-05-23 14:54:35,853 INFO [T24] leaf pattern=034384???? got=8 saved=8
2026-05-23 14:54:35,880 INFO [T36] leaf pattern=034382???? got=12 saved=12
2026-05-23 14:54:35,912 INFO [T34] leaf pattern=034378???? got=12 saved=12
2026-05-23 14:54:35,927 INFO [T11] leaf pattern=034385???? got=9 saved=9
2026-05-23 14:54:35,957 INFO [T23] leaf pattern=034387???? got=6 saved=6
2026-05-23 14:54:36,041 INFO [T42] leaf pattern=034388???? got=3 saved=3
2026-05-23 14:54:36,060 INFO [T46] leaf pattern=034389???? got=9 saved=9
2026-05-23 14:54:36,152 INFO [T43] leaf pattern=034380???? got=5 saved=5
2026-05-23 14:54:36,161 INFO [T48] leaf pattern=034360???? got=7 saved=7
2026-05-23 14:54:36,183 INFO [T29] leaf pattern=034386???? got=5 saved=5
2026-05-23 14:54:36,186 INFO [T50] leaf pattern=032964???? got=19 saved=19
2026-05-23 14:54:36,230 INFO [T25] leaf pattern=034383???? got=5 saved=5
2026-05-23 14:54:36,263 INFO [T22] leaf pattern=034362???? got=6 saved=6
2026-05-23 14:54:36,314 INFO [T38] leaf pattern=034366???? got=4 saved=4
2026-05-23 14:54:36,386 INFO [T17] leaf pattern=034367???? got=15 saved=15
2026-05-23 14:54:36,436 INFO [T30] leaf pattern=034369???? got=13 saved=13
2026-05-23 14:54:36,445 INFO [T31] leaf pattern=034368???? got=3 saved=3
2026-05-23 14:54:36,479 INFO [T4] leaf pattern=034392???? got=9 saved=9
2026-05-23 14:54:36,516 INFO [T3] leaf pattern=034363???? got=13 saved=13
2026-05-23 14:54:36,537 INFO [T45] leaf pattern=034391???? got=6 saved=6
2026-05-23 14:54:36,550 INFO [T26] leaf pattern=034364???? got=11 saved=11
2026-05-23 14:54:36,630 INFO [T44] leaf pattern=034361???? got=5 saved=5
2026-05-23 14:54:36,648 INFO [T6] leaf pattern=034393???? got=5 saved=5
2026-05-23 14:54:36,690 INFO [T9] leaf pattern=034365???? got=4 saved=4
2026-05-23 14:54:36,739 INFO [T33] leaf pattern=034394???? got=7 saved=7
2026-05-23 14:54:36,843 INFO [T5] leaf pattern=034390???? got=8 saved=8
2026-05-23 14:54:36,959 INFO [T15] leaf pattern=034396???? got=3 saved=3
2026-05-23 14:54:37,035 INFO [T10] leaf pattern=034397???? got=11 saved=11
2026-05-23 14:54:37,388 INFO [T39] leaf pattern=034398???? got=10 saved=10
2026-05-23 14:54:37,402 INFO [T47] leaf pattern=034399???? got=2 saved=2
2026-05-23 14:54:37,436 INFO [T12] leaf pattern=034400???? got=1 saved=1
2026-05-23 14:54:37,562 INFO [T2] leaf pattern=034402???? got=4 saved=4
2026-05-23 14:54:37,574 INFO [T20] leaf pattern=034401???? got=6 saved=6
2026-05-23 14:54:37,669 INFO [T32] leaf pattern=034404???? got=4 saved=4
2026-05-23 14:54:37,687 INFO [T1] leaf pattern=034403???? got=9 saved=9
2026-05-23 14:54:37,708 WARNING [T40] ec=1 rate limited, rotating IP
2026-05-23 14:54:37,708 INFO [T40] rotate IP a08e8f4c → 6a2f07b6
2026-05-23 14:54:37,775 INFO [T27] leaf pattern=034405???? got=7 saved=7
2026-05-23 14:54:37,853 INFO [T28] leaf pattern=034420???? got=13 saved=13
2026-05-23 14:54:37,870 INFO [T14] leaf pattern=034409???? got=11 saved=11
2026-05-23 14:54:37,882 INFO [T49] leaf pattern=034407???? got=13 saved=13
2026-05-23 14:54:37,921 INFO [T35] leaf pattern=034408???? got=9 saved=9
2026-05-23 14:54:38,000 INFO [T41] leaf pattern=034422???? got=1 saved=1
2026-05-23 14:54:38,192 INFO [T13] leaf pattern=034423???? got=10 saved=10
2026-05-23 14:54:38,439 INFO [T37] leaf pattern=034424???? got=9 saved=9
2026-05-23 14:54:38,445 INFO [T16] leaf pattern=034421???? got=9 saved=9
2026-05-23 14:54:38,515 INFO [T8] leaf pattern=034425???? got=8 saved=8
2026-05-23 14:54:38,575 INFO [T21] leaf pattern=034426???? got=8 saved=8
2026-05-23 14:54:38,658 INFO [T19] leaf pattern=034427???? got=10 saved=10
2026-05-23 14:54:38,760 INFO [T24] leaf pattern=034429???? got=8 saved=8
2026-05-23 14:54:38,773 INFO [T7] leaf pattern=034428???? got=8 saved=8
2026-05-23 14:54:38,880 INFO [T23] leaf pattern=034433???? got=2 saved=2
2026-05-23 14:54:38,907 INFO [T11] leaf pattern=034432???? got=8 saved=8
2026-05-23 14:54:38,916 INFO [T36] leaf pattern=034430???? got=5 saved=5
2026-05-23 14:54:39,002 INFO [T46] leaf pattern=034435???? got=8 saved=8
2026-05-23 14:54:39,069 INFO [T48] leaf pattern=034437???? got=8 saved=8
2026-05-23 14:54:39,081 INFO [T18] leaf pattern=034395???? got=11 saved=11
2026-05-23 14:54:39,128 INFO [T25] leaf pattern=034410???? got=11 saved=11
2026-05-23 14:54:39,139 INFO [T34] leaf pattern=034431???? got=4 saved=4
2026-05-23 14:54:39,149 INFO [T29] leaf pattern=034438???? got=1 saved=1
2026-05-23 14:54:39,201 INFO [T50] leaf pattern=034439???? got=14 saved=14
2026-05-23 14:54:39,207 INFO [T42] leaf pattern=034434???? got=5 saved=5
2026-05-23 14:54:39,233 INFO [T38] leaf pattern=034412???? got=4 saved=4
2026-05-23 14:54:39,322 INFO [T22] leaf pattern=034411???? got=3 saved=3
2026-05-23 14:54:39,383 INFO [T4] leaf pattern=034416???? got=10 saved=10
2026-05-23 14:54:39,397 INFO [T30] leaf pattern=034414???? got=4 saved=4
2026-05-23 14:54:39,412 INFO [T17] leaf pattern=034413???? got=6 saved=6
2026-05-23 14:54:39,442 INFO [T31] leaf pattern=034415???? got=5 saved=5
2026-05-23 14:54:39,558 INFO [T26] leaf pattern=034419???? got=12 saved=12
2026-05-23 14:54:39,581 INFO [T45] leaf pattern=034418???? got=7 saved=7
2026-05-23 14:54:39,605 INFO [T43] leaf pattern=034436???? got=4 saved=4
2026-05-23 14:54:39,627 INFO [T44] leaf pattern=034460???? got=10 saved=10
2026-05-23 14:54:39,723 INFO [T6] leaf pattern=034461???? got=10 saved=10
2026-05-23 14:54:39,725 INFO [T40] D1N refreshed 53fcb2211b153655…
2026-05-23 14:54:39,728 INFO [T9] leaf pattern=034462???? got=13 saved=13
2026-05-23 14:54:39,749 INFO [T5] leaf pattern=034464???? got=12 saved=12
2026-05-23 14:54:39,763 INFO [T3] leaf pattern=034417???? got=11 saved=11
2026-05-23 14:54:39,806 INFO [T33] leaf pattern=034463???? got=22 saved=22
2026-05-23 14:54:39,920 INFO [T15] leaf pattern=034465???? got=12 saved=12
2026-05-23 14:54:40,039 INFO [T10] leaf pattern=034466???? got=3 saved=3
2026-05-23 14:54:40,380 INFO [T39] leaf pattern=034467???? got=11 saved=11
2026-05-23 14:54:40,433 INFO [T12] leaf pattern=034469???? got=12 saved=12
2026-05-23 14:54:40,461 INFO [T47] leaf pattern=034468???? got=11 saved=11
2026-05-23 14:54:40,527 INFO [T2] leaf pattern=034450???? got=12 saved=12
2026-05-23 14:54:40,556 INFO [T20] leaf pattern=034451???? got=11 saved=11
2026-05-23 14:54:40,591 INFO [T32] leaf pattern=034452???? got=12 saved=12
2026-05-23 14:54:40,606 INFO [T1] leaf pattern=034453???? got=6 saved=6
2026-05-23 14:54:40,712 INFO [T27] leaf pattern=034454???? got=10 saved=10
2026-05-23 14:54:40,801 INFO [T28] leaf pattern=034455???? got=0 saved=0
2026-05-23 14:54:40,818 INFO [T14] leaf pattern=034456???? got=5 saved=5
2026-05-23 14:54:40,888 INFO [T49] leaf pattern=034457???? got=11 saved=11
2026-05-23 14:54:40,932 INFO [T35] leaf pattern=034458???? got=11 saved=11
2026-05-23 14:54:41,246 INFO [T13] leaf pattern=034470???? got=17 saved=17
2026-05-23 14:54:41,292 INFO [T41] leaf pattern=034459???? got=11 saved=11
2026-05-23 14:54:41,407 INFO [T37] leaf pattern=034471???? got=10 saved=10
2026-05-23 14:54:41,517 INFO [T8] leaf pattern=034473???? got=10 saved=10
2026-05-23 14:54:41,533 INFO [T16] leaf pattern=034472???? got=11 saved=11
2026-05-23 14:54:41,614 INFO [T21] leaf pattern=034474???? got=11 saved=11
2026-05-23 14:54:41,676 INFO [T19] leaf pattern=034475???? got=15 saved=15
2026-05-23 14:54:41,756 INFO [T24] leaf pattern=034476???? got=12 saved=12
2026-05-23 14:54:41,892 INFO [T23] leaf pattern=034478???? got=11 saved=11
2026-05-23 14:54:41,998 INFO [T36] leaf pattern=034480???? got=11 saved=11
2026-05-23 14:54:42,010 INFO [T11] leaf pattern=034479???? got=14 saved=14
2026-05-23 14:54:42,020 INFO [T46] leaf pattern=034481???? got=13 saved=13
2026-05-23 14:54:42,058 INFO [T29] leaf pattern=034485???? got=8 saved=8
2026-05-23 14:54:42,207 INFO [T42] leaf pattern=034488???? got=0 saved=0
2026-05-23 14:54:42,234 INFO [T7] leaf pattern=034477???? got=6 saved=6
2026-05-23 14:54:42,267 INFO [T50] leaf pattern=034487???? got=4 saved=4
2026-05-23 14:54:42,276 INFO [T18] leaf pattern=034483???? got=12 saved=12
2026-05-23 14:54:42,294 INFO [T38] leaf pattern=034489???? got=10 saved=10
2026-05-23 14:54:42,308 INFO [T48] leaf pattern=034482???? got=15 saved=15
2026-05-23 14:54:42,371 INFO [T31] leaf pattern=034494???? got=5 saved=5
2026-05-23 14:54:42,389 INFO [T22] leaf pattern=034490???? got=8 saved=8
2026-05-23 14:54:42,440 INFO [T25] leaf pattern=034486???? got=6 saved=6
2026-05-23 14:54:42,457 INFO [T43] leaf pattern=034497???? got=8 saved=8
2026-05-23 14:54:42,465 INFO [T26] leaf pattern=034495???? got=8 saved=8
2026-05-23 14:54:42,485 INFO [T30] leaf pattern=034492???? got=8 saved=8
2026-05-23 14:54:42,490 INFO [T4] leaf pattern=034491???? got=8 saved=8
2026-05-23 14:54:42,571 INFO [T44] leaf pattern=034498???? got=15 saved=15
2026-05-23 14:54:42,593 INFO [T17] leaf pattern=034493???? got=10 saved=10
2026-05-23 14:54:42,628 INFO [T45] leaf pattern=034496???? got=9 saved=9
2026-05-23 14:54:42,654 INFO [T5] leaf pattern=034651???? got=19 saved=19
2026-05-23 14:54:42,662 INFO [T34] leaf pattern=034484???? got=14 saved=14
2026-05-23 14:54:42,680 INFO [T9] leaf pattern=034650???? got=16 saved=16
2026-05-23 14:54:42,698 INFO [T3] leaf pattern=034652???? got=11 saved=11
2026-05-23 14:54:42,711 INFO [T33] leaf pattern=034653???? got=16 saved=16
2026-05-23 14:54:42,756 INFO [T6] leaf pattern=034499???? got=1 saved=1
2026-05-23 14:54:42,873 INFO [T15] leaf pattern=034654???? got=13 saved=13
2026-05-23 14:54:43,152 INFO [T10] leaf pattern=034655???? got=12 saved=12
2026-05-23 14:54:43,435 INFO [T12] leaf pattern=034657???? got=20 saved=20
2026-05-23 14:54:43,451 INFO [T2] leaf pattern=034659???? got=10 saved=10
2026-05-23 14:54:43,467 INFO [T39] leaf pattern=034656???? got=6 saved=6
2026-05-23 14:54:43,472 INFO [T32] leaf pattern=034661???? got=12 saved=12
2026-05-23 14:54:43,617 INFO [T27] leaf pattern=034663???? got=4 saved=4
2026-05-23 14:54:43,637 INFO [T20] leaf pattern=034660???? got=15 saved=15
2026-05-23 14:54:43,641 INFO [T28] leaf pattern=034664???? got=7 saved=7
2026-05-23 14:54:43,682 INFO [T14] leaf pattern=034665???? got=9 saved=9
2026-05-23 14:54:43,697 INFO [T47] leaf pattern=034658???? got=12 saved=12
2026-05-23 14:54:43,812 INFO [T49] leaf pattern=034666???? got=0 saved=0
2026-05-23 14:54:43,880 INFO [T35] leaf pattern=034667???? got=7 saved=7
2026-05-23 14:54:43,917 INFO [T1] leaf pattern=034662???? got=12 saved=12
2026-05-23 14:54:43,984 INFO [T40] leaf pattern=034406???? got=8 saved=8
2026-05-23 14:54:44,190 INFO [T13] leaf pattern=034668???? got=11 saved=11
2026-05-23 14:54:44,233 INFO [T41] leaf pattern=034669???? got=21 saved=21
2026-05-23 14:54:44,386 INFO [T37] leaf pattern=034680???? got=4 saved=4
2026-05-23 14:54:44,501 INFO [T8] leaf pattern=034681???? got=15 saved=15
2026-05-23 14:54:44,620 INFO [T21] leaf pattern=034683???? got=10 saved=10
2026-05-23 14:54:44,707 INFO [T19] leaf pattern=034684???? got=13 saved=13
2026-05-23 14:54:44,751 INFO [T24] leaf pattern=034685???? got=6 saved=6
2026-05-23 14:54:44,786 INFO [T23] leaf pattern=034686???? got=9 saved=9
2026-05-23 14:54:44,891 INFO [T46] leaf pattern=034689???? got=4 saved=4
2026-05-23 14:54:44,930 INFO [T36] leaf pattern=034687???? got=15 saved=15
2026-05-23 14:54:44,948 INFO [T11] leaf pattern=034640???? got=18 saved=18
2026-05-23 14:54:44,985 INFO [T29] leaf pattern=034688???? got=4 saved=4
2026-05-23 14:54:45,026 INFO [T16] leaf pattern=034682???? got=5 saved=5
2026-05-23 14:54:45,036 INFO [T7] leaf pattern=034642???? got=9 saved=9
2026-05-23 14:54:45,073 INFO [T38] leaf pattern=034645???? got=10 saved=10
2026-05-23 14:54:45,089 INFO [T18] leaf pattern=034644???? got=17 saved=17
2026-05-23 14:54:45,097 INFO [T42] leaf pattern=034641???? got=14 saved=14
2026-05-23 14:54:45,280 INFO [T31] leaf pattern=034647???? got=11 saved=11
2026-05-23 14:54:45,337 INFO [T26] leaf pattern=034631???? got=8 saved=8
2026-05-23 14:54:45,350 INFO [T30] leaf pattern=034632???? got=6 saved=6
2026-05-23 14:54:45,355 INFO [T25] leaf pattern=034649???? got=17 saved=17
2026-05-23 14:54:45,378 INFO [T4] leaf pattern=034633???? got=5 saved=5
2026-05-23 14:54:45,466 INFO [T22] leaf pattern=034648???? got=13 saved=13
2026-05-23 14:54:45,475 INFO [T48] leaf pattern=034646???? got=13 saved=13
2026-05-23 14:54:45,499 INFO [T44] leaf pattern=034634???? got=5 saved=5
2026-05-23 14:54:45,579 INFO [T5] leaf pattern=034637???? got=14 saved=14
2026-05-23 14:54:45,589 INFO [T17] leaf pattern=034635???? got=6 saved=6
2026-05-23 14:54:45,594 INFO [T43] leaf pattern=034630???? got=16 saved=16
2026-05-23 14:54:45,676 INFO [T45] leaf pattern=034636???? got=4 saved=4
2026-05-23 14:54:45,693 INFO [T34] leaf pattern=034638???? got=8 saved=8
2026-05-23 14:54:45,698 INFO [T3] leaf pattern=034620???? got=14 saved=14
2026-05-23 14:54:45,706 INFO [T9] leaf pattern=034639???? got=13 saved=13
2026-05-23 14:54:45,742 INFO [T6] leaf pattern=034622???? got=7 saved=7
2026-05-23 14:54:45,829 INFO [T15] leaf pattern=034623???? got=7 saved=7
2026-05-23 14:54:45,941 INFO [T33] leaf pattern=034621???? got=11 saved=11
2026-05-23 14:54:46,088 INFO [T10] leaf pattern=034624???? got=11 saved=11
2026-05-23 14:54:46,317 INFO [T32] leaf pattern=034628???? got=8 saved=8
2026-05-23 14:54:46,354 INFO [T2] leaf pattern=034626???? got=5 saved=5
2026-05-23 14:54:46,404 INFO [T39] leaf pattern=034627???? got=9 saved=9
2026-05-23 14:54:46,491 INFO [T28] leaf pattern=035201???? got=2 saved=2
2026-05-23 14:54:46,509 INFO [T12] leaf pattern=034625???? got=10 saved=10
2026-05-23 14:54:46,514 INFO [T27] leaf pattern=034629???? got=9 saved=9
2026-05-23 14:54:46,568 INFO [T20] leaf pattern=035200???? got=0 saved=0
2026-05-23 14:54:46,573 INFO [T14] leaf pattern=035202???? got=14 saved=14
2026-05-23 14:54:46,737 INFO [T47] leaf pattern=035203???? got=4 saved=4
2026-05-23 14:54:46,755 INFO [T49] leaf pattern=035204???? got=6 saved=6
2026-05-23 14:54:46,840 INFO [T35] leaf pattern=035205???? got=7 saved=7
2026-05-23 14:54:46,848 INFO [T1] leaf pattern=035206???? got=8 saved=8
2026-05-23 14:54:46,927 INFO [T40] leaf pattern=035207???? got=14 saved=14
2026-05-23 14:54:47,361 INFO [T13] leaf pattern=035208???? got=7 saved=7
2026-05-23 14:54:47,399 INFO [T37] leaf pattern=034670???? got=23 saved=23
2026-05-23 14:54:47,437 INFO [T41] leaf pattern=035209???? got=5 saved=5
2026-05-23 14:54:47,457 INFO [T8] leaf pattern=034671???? got=12 saved=12
2026-05-23 14:54:47,488 INFO [T21] leaf pattern=034672???? got=15 saved=15
2026-05-23 14:54:47,602 INFO [T19] leaf pattern=034673???? got=10 saved=10
2026-05-23 14:54:47,649 INFO [T24] leaf pattern=034674???? got=14 saved=14
2026-05-23 14:54:47,700 INFO [T23] leaf pattern=034675???? got=11 saved=11
2026-05-23 14:54:47,759 INFO [T46] leaf pattern=034676???? got=5 saved=5
2026-05-23 14:54:47,786 INFO [T36] leaf pattern=034677???? got=3 saved=3
2026-05-23 14:54:47,821 INFO [T29] leaf pattern=034679???? got=9 saved=9
2026-05-23 14:54:47,932 INFO [T11] leaf pattern=034678???? got=4 saved=4
2026-05-23 14:54:48,034 INFO [T7] leaf pattern=034601???? got=17 saved=17
2026-05-23 14:54:48,044 INFO [T38] leaf pattern=034602???? got=9 saved=9
2026-05-23 14:54:48,058 INFO [T42] leaf pattern=034604???? got=14 saved=14
2026-05-23 14:54:48,084 INFO [T18] leaf pattern=034603???? got=7 saved=7
2026-05-23 14:54:48,214 INFO [T26] leaf pattern=034606???? got=11 saved=11
2026-05-23 14:54:48,222 INFO [T31] leaf pattern=034605???? got=15 saved=15
2026-05-23 14:54:48,245 INFO [T30] leaf pattern=034607???? got=11 saved=11
2026-05-23 14:54:48,250 INFO [T25] leaf pattern=034608???? got=13 saved=13
2026-05-23 14:54:48,305 INFO [T4] leaf pattern=034609???? got=10 saved=10
2026-05-23 14:54:48,477 INFO [T22] leaf pattern=035210???? got=9 saved=9
2026-05-23 14:54:48,491 INFO [T43] leaf pattern=035214???? got=15 saved=15
2026-05-23 14:54:48,515 INFO [T44] leaf pattern=035212???? got=12 saved=12
2026-05-23 14:54:48,581 INFO [T3] leaf pattern=035218???? got=13 saved=13
2026-05-23 14:54:48,608 INFO [T34] leaf pattern=035217???? got=5 saved=5
2026-05-23 14:54:48,672 INFO [T9] leaf pattern=035219???? got=7 saved=7
2026-05-23 14:54:48,758 INFO [T6] leaf pattern=035260???? got=3 saved=3
2026-05-23 14:54:48,773 INFO [T15] leaf pattern=035261???? got=6 saved=6
2026-05-23 14:54:48,779 INFO [T16] leaf pattern=034600???? got=5 saved=5
2026-05-23 14:54:48,817 INFO [T5] leaf pattern=035213???? got=20 saved=20
2026-05-23 14:54:48,867 INFO [T45] leaf pattern=035216???? got=3 saved=3
2026-05-23 14:54:49,199 INFO [T32] leaf pattern=035264???? got=10 saved=10
2026-05-23 14:54:49,267 INFO [T2] leaf pattern=035265???? got=10 saved=10
2026-05-23 14:54:49,349 INFO [T28] leaf pattern=035267???? got=6 saved=6
2026-05-23 14:54:49,404 INFO [T27] leaf pattern=035269???? got=7 saved=7
2026-05-23 14:54:49,478 INFO [T14] leaf pattern=034691???? got=8 saved=8
2026-05-23 14:54:49,497 INFO [T20] leaf pattern=034690???? got=4 saved=4
2026-05-23 14:54:49,557 INFO [T17] leaf pattern=035215???? got=5 saved=5
2026-05-23 14:54:49,583 INFO [T12] leaf pattern=035268???? got=6 saved=6
2026-05-23 14:54:49,595 INFO [T47] leaf pattern=034692???? got=10 saved=10
2026-05-23 14:54:49,618 INFO [T33] leaf pattern=035262???? got=5 saved=5
2026-05-23 14:54:49,653 INFO [T10] leaf pattern=035263???? got=5 saved=5
2026-05-23 14:54:49,698 INFO [T49] leaf pattern=034693???? got=13 saved=13
2026-05-23 14:54:49,710 INFO [T35] leaf pattern=034694???? got=11 saved=11
2026-05-23 14:54:49,870 INFO [T40] leaf pattern=034696???? got=10 saved=10
2026-05-23 14:54:50,109 INFO [T39] leaf pattern=035266???? got=5 saved=5
2026-05-23 14:54:50,203 INFO [T1] leaf pattern=034695???? got=9 saved=9
2026-05-23 14:54:50,312 INFO [T13] leaf pattern=034697???? got=9 saved=9
2026-05-23 14:54:50,370 INFO [T37] leaf pattern=034698???? got=16 saved=16
2026-05-23 14:54:50,400 INFO [T21] leaf pattern=035231???? got=2 saved=2
2026-05-23 14:54:50,593 INFO [T23] leaf pattern=035234???? got=5 saved=5
2026-05-23 14:54:50,645 INFO [T46] leaf pattern=035235???? got=8 saved=8
2026-05-23 14:54:50,663 INFO [T36] leaf pattern=035236???? got=10 saved=10
2026-05-23 14:54:50,712 INFO [T29] leaf pattern=035237???? got=6 saved=6
2026-05-23 14:54:50,761 INFO [T19] leaf pattern=035232???? got=2 saved=2
2026-05-23 14:54:50,787 INFO [T41] leaf pattern=034699???? got=4 saved=4
2026-05-23 14:54:50,806 INFO [T8] leaf pattern=035230???? got=5 saved=5
2026-05-23 14:54:50,826 INFO [T24] leaf pattern=035233???? got=3 saved=3
2026-05-23 14:54:50,830 INFO [T11] leaf pattern=035238???? got=10 saved=10
2026-05-23 14:54:50,913 INFO [T7] leaf pattern=035239???? got=7 saved=7
2026-05-23 14:54:50,918 INFO [T38] leaf pattern=035280???? got=6 saved=6
2026-05-23 14:54:50,959 INFO [T42] leaf pattern=035281???? got=8 saved=8
2026-05-23 14:54:51,021 INFO [T18] leaf pattern=035282???? got=3 saved=3
2026-05-23 14:54:51,109 INFO [T30] leaf pattern=035285???? got=12 saved=12
2026-05-23 14:54:51,113 INFO [T26] leaf pattern=035283???? got=15 saved=15
2026-05-23 14:54:51,155 INFO [T31] leaf pattern=035284???? got=13 saved=13
2026-05-23 14:54:51,179 INFO [T25] leaf pattern=035286???? got=7 saved=7
2026-05-23 14:54:51,235 INFO [T4] leaf pattern=035287???? got=16 saved=16
2026-05-23 14:54:51,427 INFO [T44] leaf pattern=035270???? got=11 saved=11
2026-05-23 14:54:51,453 INFO [T22] leaf pattern=035288???? got=4 saved=4
2026-05-23 14:54:51,563 INFO [T43] leaf pattern=035289???? got=6 saved=6
2026-05-23 14:54:51,639 INFO [T9] leaf pattern=035273???? got=10 saved=10
2026-05-23 14:54:51,668 INFO [T34] leaf pattern=035272???? got=9 saved=9
2026-05-23 14:54:51,699 INFO [T5] leaf pattern=035277???? got=3 saved=3
2026-05-23 14:54:51,731 INFO [T6] leaf pattern=035274???? got=18 saved=18
2026-05-23 14:54:51,851 INFO [T3] leaf pattern=035271???? got=8 saved=8
2026-05-23 14:54:51,873 INFO [T45] leaf pattern=035278???? got=2 saved=2
2026-05-23 14:54:51,885 INFO [T15] leaf pattern=035275???? got=7 saved=7
2026-05-23 14:54:51,949 INFO [T16] leaf pattern=035276???? got=8 saved=8
2026-05-23 14:54:52,096 INFO [T48] leaf pattern=035211???? got=6 saved=6
2026-05-23 14:54:52,118 INFO [T32] leaf pattern=035279???? got=4 saved=4
2026-05-23 14:54:52,223 INFO [T28] leaf pattern=035241???? got=7 saved=7
2026-05-23 14:54:52,329 INFO [T27] leaf pattern=035242???? got=7 saved=7
2026-05-23 14:54:52,356 INFO [T14] leaf pattern=035243???? got=14 saved=14
2026-05-23 14:54:52,462 INFO [T20] leaf pattern=035244???? got=7 saved=7
2026-05-23 14:54:52,530 INFO [T17] leaf pattern=035245???? got=14 saved=14
2026-05-23 14:54:52,543 INFO [T2] leaf pattern=035240???? got=13 saved=13
2026-05-23 14:54:52,609 INFO [T10] leaf pattern=035249???? got=14 saved=14
2026-05-23 14:54:52,638 INFO [T35] leaf pattern=035291???? got=11 saved=11
2026-05-23 14:54:52,655 INFO [T12] leaf pattern=035246???? got=10 saved=10
2026-05-23 14:54:52,792 INFO [T33] leaf pattern=035248???? got=14 saved=14
2026-05-23 14:54:52,885 INFO [T49] leaf pattern=035290???? got=18 saved=18
2026-05-23 14:54:52,901 INFO [T47] leaf pattern=035247???? got=8 saved=8
2026-05-23 14:54:53,047 INFO [T40] leaf pattern=035292???? got=14 saved=14
2026-05-23 14:54:53,117 INFO [T1] leaf pattern=035294???? got=4 saved=4
2026-05-23 14:54:53,281 INFO [T13] leaf pattern=035295???? got=6 saved=6
2026-05-23 14:54:53,329 INFO [T37] leaf pattern=035296???? got=10 saved=10
2026-05-23 14:54:53,360 INFO [T39] leaf pattern=035293???? got=6 saved=6
2026-05-23 14:54:53,367 INFO [T21] leaf pattern=035297???? got=13 saved=13
2026-05-23 14:54:53,520 INFO [T23] leaf pattern=035298???? got=11 saved=11
2026-05-23 14:54:53,554 WARNING [T19] ec=1 rate limited, rotating IP
2026-05-23 14:54:53,554 INFO [T19] rotate IP 25790c4f → b77b083e
2026-05-23 14:54:53,621 INFO [T46] leaf pattern=035299???? got=1 saved=1
2026-05-23 14:54:53,625 INFO [T36] leaf pattern=034720???? got=7 saved=7
2026-05-23 14:54:53,749 INFO [T24] leaf pattern=034725???? got=8 saved=8
2026-05-23 14:54:53,830 INFO [T38] leaf pattern=034728???? got=10 saved=10
2026-05-23 14:54:53,842 INFO [T11] leaf pattern=034726???? got=6 saved=6
2026-05-23 14:54:53,894 INFO [T42] leaf pattern=034729???? got=10 saved=10
2026-05-23 14:54:53,925 INFO [T29] leaf pattern=034721???? got=8 saved=8
2026-05-23 14:54:54,010 INFO [T26] leaf pattern=034702???? got=4 saved=4
2026-05-23 14:54:54,039 INFO [T18] leaf pattern=034700???? got=9 saved=9
2026-05-23 14:54:54,079 INFO [T41] leaf pattern=034723???? got=3 saved=3
2026-05-23 14:54:54,091 INFO [T25] leaf pattern=034704???? got=8 saved=8
2026-05-23 14:54:54,100 INFO [T31] leaf pattern=034703???? got=16 saved=16
2026-05-23 14:54:54,201 INFO [T8] leaf pattern=034724???? got=11 saved=11
2026-05-23 14:54:54,222 INFO [T7] leaf pattern=034727???? got=4 saved=4
2026-05-23 14:54:54,247 INFO [T30] leaf pattern=034701???? got=12 saved=12
2026-05-23 14:54:54,394 INFO [T44] leaf pattern=034706???? got=8 saved=8
2026-05-23 14:54:54,471 INFO [T22] leaf pattern=034707???? got=6 saved=6
2026-05-23 14:54:54,491 INFO [T4] leaf pattern=034705???? got=10 saved=10
2026-05-23 14:54:54,504 INFO [T43] leaf pattern=034708???? got=12 saved=12
2026-05-23 14:54:54,669 INFO [T9] leaf pattern=034709???? got=10 saved=10
2026-05-23 14:54:54,865 INFO [T3] leaf pattern=034713???? got=7 saved=7
2026-05-23 14:54:54,874 INFO [T45] leaf pattern=034714???? got=11 saved=11
2026-05-23 14:54:54,878 INFO [T34] leaf pattern=034710???? got=13 saved=13
2026-05-23 14:54:54,888 INFO [T15] leaf pattern=034715???? got=10 saved=10
2026-05-23 14:54:54,992 INFO [T48] leaf pattern=034717???? got=13 saved=13
2026-05-23 14:54:55,004 INFO [T32] leaf pattern=034718???? got=17 saved=17
2026-05-23 14:54:55,102 INFO [T5] leaf pattern=034711???? got=3 saved=3
2026-05-23 14:54:55,226 INFO [T27] leaf pattern=034730???? got=9 saved=9
2026-05-23 14:54:55,239 INFO [T28] leaf pattern=034719???? got=14 saved=14
2026-05-23 14:54:55,253 INFO [T14] leaf pattern=034731???? got=12 saved=12
2026-05-23 14:54:55,328 INFO [T16] leaf pattern=034716???? got=16 saved=16
2026-05-23 14:54:55,382 INFO [T20] leaf pattern=034732???? got=13 saved=13
2026-05-23 14:54:55,440 INFO [T2] leaf pattern=034734???? got=8 saved=8
2026-05-23 14:54:55,490 INFO [T6] leaf pattern=034712???? got=14 saved=14
2026-05-23 14:54:55,515 INFO [T17] leaf pattern=034733???? got=6 saved=6
2026-05-23 14:54:55,586 INFO [T35] leaf pattern=034736???? got=5 saved=5
2026-05-23 14:54:55,608 INFO [T12] leaf pattern=034737???? got=7 saved=7
2026-05-23 14:54:55,617 INFO [T10] leaf pattern=034735???? got=16 saved=16
2026-05-23 14:54:55,651 INFO [T19] D1N refreshed d36a56d7eb19e156…
2026-05-23 14:54:55,845 INFO [T49] leaf pattern=034739???? got=16 saved=16
2026-05-23 14:54:55,923 INFO [T47] leaf pattern=034750???? got=10 saved=10
2026-05-23 14:54:56,040 INFO [T33] leaf pattern=034738???? got=14 saved=14
2026-05-23 14:54:56,101 INFO [T1] leaf pattern=034752???? got=15 saved=15
2026-05-23 14:54:56,293 INFO [T13] leaf pattern=034753???? got=9 saved=9
2026-05-23 14:54:56,298 INFO [T39] leaf pattern=034755???? got=11 saved=11
2026-05-23 14:54:56,302 INFO [T37] leaf pattern=034754???? got=8 saved=8
2026-05-23 14:54:56,326 INFO [T40] leaf pattern=034751???? got=15 saved=15
2026-05-23 14:54:56,342 INFO [T21] leaf pattern=034756???? got=11 saved=11
2026-05-23 14:54:56,425 INFO [T36] leaf pattern=034759???? got=10 saved=10
2026-05-23 14:54:56,438 INFO [T23] leaf pattern=034757???? got=10 saved=10
2026-05-23 14:54:56,455 INFO [T46] leaf pattern=034758???? got=12 saved=12
2026-05-23 14:54:56,686 INFO [T24] leaf pattern=034740???? got=18 saved=18
2026-05-23 14:54:56,707 INFO [T38] leaf pattern=034741???? got=11 saved=11
2026-05-23 14:54:56,814 INFO [T29] leaf pattern=034744???? got=11 saved=11
2026-05-23 14:54:56,839 INFO [T42] leaf pattern=034743???? got=20 saved=20
2026-05-23 14:54:56,919 INFO [T26] leaf pattern=034745???? got=13 saved=13
2026-05-23 14:54:57,012 INFO [T25] leaf pattern=034748???? got=8 saved=8
2026-05-23 14:54:57,026 INFO [T41] leaf pattern=034747???? got=3 saved=3
2026-05-23 14:54:57,107 INFO [T31] leaf pattern=034749???? got=21 saved=21
2026-05-23 14:54:57,138 INFO [T18] leaf pattern=034746???? got=15 saved=15
2026-05-23 14:54:57,144 INFO [T30] leaf pattern=034612???? got=9 saved=9
2026-05-23 14:54:57,148 INFO [T8] leaf pattern=034610???? got=13 saved=13
2026-05-23 14:54:57,285 INFO [T7] leaf pattern=034611???? got=7 saved=7
2026-05-23 14:54:57,323 INFO [T44] leaf pattern=034613???? got=11 saved=11
2026-05-23 14:54:57,379 INFO [T4] leaf pattern=034615???? got=7 saved=7
2026-05-23 14:54:57,444 INFO [T22] leaf pattern=034614???? got=9 saved=9
2026-05-23 14:54:57,599 INFO [T43] leaf pattern=034616???? got=13 saved=13
2026-05-23 14:54:57,617 INFO [T9] leaf pattern=034617???? got=13 saved=13
2026-05-23 14:54:57,813 INFO [T15] leaf pattern=035251???? got=5 saved=5
2026-05-23 14:54:57,829 INFO [T34] leaf pattern=035250???? got=5 saved=5
2026-05-23 14:54:57,854 INFO [T45] leaf pattern=034619???? got=9 saved=9
2026-05-23 14:54:57,899 INFO [T32] leaf pattern=035253???? got=9 saved=9
2026-05-23 14:54:57,949 INFO [T48] leaf pattern=035252???? got=2 saved=2
2026-05-23 14:54:58,028 INFO [T5] leaf pattern=035254???? got=11 saved=11
2026-05-23 14:54:58,093 INFO [T3] leaf pattern=034618???? got=9 saved=9
2026-05-23 14:54:58,101 INFO [T28] leaf pattern=035256???? got=3 saved=3
2026-05-23 14:54:58,143 INFO [T14] leaf pattern=035257???? got=9 saved=9
2026-05-23 14:54:58,443 INFO [T17] leaf pattern=034772???? got=12 saved=12
2026-05-23 14:54:58,448 INFO [T2] leaf pattern=034770???? got=19 saved=19
2026-05-23 14:54:58,499 INFO [T35] leaf pattern=034773???? got=5 saved=5
2026-05-23 14:54:58,553 INFO [T10] leaf pattern=034775???? got=9 saved=9
2026-05-23 14:54:58,560 INFO [T6] leaf pattern=034771???? got=17 saved=17
2026-05-23 14:54:58,595 INFO [T20] leaf pattern=035259???? got=11 saved=11
2026-05-23 14:54:58,614 INFO [T12] leaf pattern=034774???? got=5 saved=5
2026-05-23 14:54:58,748 INFO [T16] leaf pattern=035258???? got=8 saved=8
2026-05-23 14:54:58,771 INFO [T47] leaf pattern=034777???? got=0 saved=0
2026-05-23 14:54:58,789 INFO [T11] leaf pattern=034742???? got=14 saved=14
2026-05-23 14:54:58,971 INFO [T33] leaf pattern=034778???? got=5 saved=5
2026-05-23 14:54:59,098 WARNING [T50] ReadTimeout attempt=1/3 pattern=034643????: HTTPSConnectionPool(host='vietteltelecom.vn', port=443): Read timed out. (read timeout=15)
2026-05-23 14:54:59,098 INFO [T50] rotate IP 75e5541f → ea4d240c
2026-05-23 14:54:59,112 INFO [T1] leaf pattern=034779???? got=7 saved=7
2026-05-23 14:54:59,125 INFO [T27] leaf pattern=035255???? got=3 saved=3
2026-05-23 14:54:59,185 INFO [T37] leaf pattern=034792???? got=5 saved=5
2026-05-23 14:54:59,209 INFO [T39] leaf pattern=034791???? got=8 saved=8
2026-05-23 14:54:59,274 INFO [T21] leaf pattern=034794???? got=15 saved=15
2026-05-23 14:54:59,334 INFO [T36] leaf pattern=034795???? got=10 saved=10
2026-05-23 14:54:59,508 INFO [T40] leaf pattern=034793???? got=8 saved=8
2026-05-23 14:54:59,563 INFO [T24] leaf pattern=034798???? got=11 saved=11
2026-05-23 14:54:59,595 INFO [T23] leaf pattern=034796???? got=12 saved=12
2026-05-23 14:54:59,619 INFO [T38] leaf pattern=034799???? got=6 saved=6
2026-05-23 14:54:59,660 INFO [T46] leaf pattern=034797???? got=14 saved=14
2026-05-23 14:54:59,709 INFO [T29] leaf pattern=034800???? got=4 saved=4
2026-05-23 14:54:59,717 INFO [T19] leaf pattern=034722???? got=4 saved=4
2026-05-23 14:54:59,756 INFO [T49] leaf pattern=034776???? got=3 saved=3
2026-05-23 14:54:59,770 INFO [T42] leaf pattern=034801???? got=9 saved=9
2026-05-23 14:54:59,886 INFO [T41] leaf pattern=034804???? got=10 saved=10
2026-05-23 14:54:59,910 INFO [T25] leaf pattern=034803???? got=10 saved=10
2026-05-23 14:54:59,997 INFO [T31] leaf pattern=034805???? got=9 saved=9
2026-05-23 14:55:00,011 INFO [T30] leaf pattern=034807???? got=9 saved=9
2026-05-23 14:55:00,051 INFO [T8] leaf pattern=034808???? got=8 saved=8
2026-05-23 14:55:00,090 INFO [T18] leaf pattern=034806???? got=6 saved=6
2026-05-23 14:55:00,112 INFO [T7] leaf pattern=034809???? got=2 saved=2
2026-05-23 14:55:00,167 INFO [T26] leaf pattern=034802???? got=8 saved=8
2026-05-23 14:55:00,222 INFO [T13] leaf pattern=034790???? got=6 saved=6
2026-05-23 14:55:00,257 INFO [T4] leaf pattern=034761???? got=13 saved=13
2026-05-23 14:55:00,404 INFO [T44] leaf pattern=034760???? got=13 saved=13
2026-05-23 14:55:00,467 INFO [T22] leaf pattern=034762???? got=13 saved=13
2026-05-23 14:55:00,638 INFO [T9] leaf pattern=034764???? got=14 saved=14
2026-05-23 14:55:00,755 INFO [T32] leaf pattern=034768???? got=5 saved=5
2026-05-23 14:55:00,780 INFO [T15] leaf pattern=034765???? got=10 saved=10
2026-05-23 14:55:00,794 INFO [T34] leaf pattern=034766???? got=6 saved=6
2026-05-23 14:55:00,827 INFO [T45] leaf pattern=034767???? got=3 saved=3
2026-05-23 14:55:00,921 INFO [T5] leaf pattern=034810???? got=14 saved=14
2026-05-23 14:55:00,930 INFO [T48] leaf pattern=034769???? got=21 saved=21
2026-05-23 14:55:00,962 INFO [T43] leaf pattern=034763???? got=7 saved=7
2026-05-23 14:55:01,000 INFO [T28] leaf pattern=034812???? got=8 saved=8
2026-05-23 14:55:01,018 INFO [T14] leaf pattern=034813???? got=5 saved=5
2026-05-23 14:55:01,373 INFO [T17] leaf pattern=034814???? got=13 saved=13
2026-05-23 14:55:01,425 INFO [T2] leaf pattern=034815???? got=11 saved=11
2026-05-23 14:55:01,435 INFO [T3] leaf pattern=034811???? got=6 saved=6
2026-05-23 14:55:01,539 INFO [T10] leaf pattern=034817???? got=7 saved=7
2026-05-23 14:55:01,551 INFO [T6] leaf pattern=034818???? got=6 saved=6
2026-05-23 14:55:01,629 INFO [T35] leaf pattern=034816???? got=3 saved=3
2026-05-23 14:55:01,635 INFO [T12] leaf pattern=034820???? got=7 saved=7
2026-05-23 14:55:01,659 INFO [T20] leaf pattern=034819???? got=5 saved=5
2026-05-23 14:55:01,782 INFO [T47] leaf pattern=034822???? got=3 saved=3
2026-05-23 14:55:01,882 INFO [T11] leaf pattern=034823???? got=5 saved=5
2026-05-23 14:55:01,911 INFO [T33] leaf pattern=034824???? got=14 saved=14
2026-05-23 14:55:02,008 INFO [T1] leaf pattern=034825???? got=13 saved=13
2026-05-23 14:55:02,013 INFO [T50] D1N refreshed 8e8f147655df6363…
2026-05-23 14:55:02,115 INFO [T27] leaf pattern=034826???? got=7 saved=7
2026-05-23 14:55:02,189 INFO [T39] leaf pattern=034828???? got=11 saved=11
2026-05-23 14:55:02,203 INFO [T21] leaf pattern=034829???? got=17 saved=17
2026-05-23 14:55:02,379 INFO [T36] leaf pattern=034840???? got=16 saved=16
2026-05-23 14:55:02,438 INFO [T40] leaf pattern=034841???? got=12 saved=12
2026-05-23 14:55:02,455 INFO [T37] leaf pattern=034827???? got=7 saved=7
2026-05-23 14:55:02,498 INFO [T24] leaf pattern=034842???? got=15 saved=15
2026-05-23 14:55:02,538 INFO [T38] leaf pattern=034844???? got=6 saved=6
2026-05-23 14:55:02,557 INFO [T23] leaf pattern=034843???? got=17 saved=17
2026-05-23 14:55:02,622 INFO [T29] leaf pattern=034846???? got=14 saved=14
2026-05-23 14:55:02,656 INFO [T16] leaf pattern=034821???? got=8 saved=8
2026-05-23 14:55:02,670 INFO [T46] leaf pattern=034845???? got=15 saved=15
2026-05-23 14:55:02,687 INFO [T49] leaf pattern=034848???? got=7 saved=7
2026-05-23 14:55:02,691 INFO [T42] leaf pattern=034849???? got=12 saved=12
2026-05-23 14:55:02,713 INFO [T19] leaf pattern=034847???? got=13 saved=13
2026-05-23 14:55:02,749 WARNING [T25] ec=1 rate limited, rotating IP
2026-05-23 14:55:02,749 INFO [T25] rotate IP 76d170b3 → 4df8c4b5
2026-05-23 14:55:02,897 INFO [T30] leaf pattern=034853???? got=13 saved=13
2026-05-23 14:55:02,992 INFO [T41] leaf pattern=034850???? got=13 saved=13
2026-05-23 14:55:03,017 INFO [T31] leaf pattern=034852???? got=10 saved=10
2026-05-23 14:55:03,022 INFO [T8] leaf pattern=034854???? got=12 saved=12
2026-05-23 14:55:03,147 INFO [T7] leaf pattern=034856???? got=16 saved=16
2026-05-23 14:55:03,153 INFO [T26] leaf pattern=034857???? got=14 saved=14
2026-05-23 14:55:03,197 INFO [T18] leaf pattern=034855???? got=3 saved=3
2026-05-23 14:55:03,218 INFO [T4] leaf pattern=034859???? got=11 saved=11
2026-05-23 14:55:03,227 INFO [T13] leaf pattern=034858???? got=13 saved=13
2026-05-23 14:55:03,369 INFO [T44] leaf pattern=034780???? got=11 saved=11
2026-05-23 14:55:03,525 INFO [T22] leaf pattern=034781???? got=14 saved=14
2026-05-23 14:55:03,662 INFO [T32] leaf pattern=034783???? got=8 saved=8
2026-05-23 14:55:03,709 INFO [T15] leaf pattern=034784???? got=10 saved=10
2026-05-23 14:55:03,780 INFO [T34] leaf pattern=034785???? got=13 saved=13
2026-05-23 14:55:03,820 INFO [T5] leaf pattern=034787???? got=7 saved=7
2026-05-23 14:55:03,839 INFO [T45] leaf pattern=034786???? got=4 saved=4
2026-05-23 14:55:03,844 INFO [T9] leaf pattern=034782???? got=6 saved=6
2026-05-23 14:55:03,879 INFO [T43] leaf pattern=034789???? got=5 saved=5
2026-05-23 14:55:03,892 INFO [T28] leaf pattern=034870???? got=17 saved=17
2026-05-23 14:55:04,171 INFO [T14] leaf pattern=034871???? got=15 saved=15
2026-05-23 14:55:04,195 INFO [T48] leaf pattern=034788???? got=6 saved=6
2026-05-23 14:55:04,330 INFO [T17] leaf pattern=034872???? got=13 saved=13
2026-05-23 14:55:04,346 INFO [T2] leaf pattern=034874???? got=11 saved=11
2026-05-23 14:55:04,627 INFO [T25] D1N refreshed de55a0a2660ec0cb…
2026-05-23 14:55:06,431 INFO [T36] expand pattern=03727????? got=36 ≥ 30 → split into 10 children
2026-05-23 14:55:06,435 INFO [T19] expand pattern=03738????? got=36 ≥ 30 → split into 10 children
2026-05-23 14:55:06,507 INFO [T16] expand pattern=03734????? got=36 ≥ 30 → split into 10 children
2026-05-23 14:55:06,521 INFO [T20] leaf pattern=034879???? got=5 saved=5
2026-05-23 14:55:06,539 INFO [T47] expand pattern=03720????? got=35 ≥ 30 → split into 10 children
2026-05-23 14:55:06,548 INFO [T11] expand pattern=03721????? got=37 ≥ 30 → split into 10 children
2026-05-23 14:55:06,556 INFO [T40] expand pattern=03728????? got=35 ≥ 30 → split into 10 children
2026-05-23 14:55:06,585 INFO [T33] expand pattern=03722????? got=32 ≥ 30 → split into 10 children
2026-05-23 14:55:06,617 INFO [T6] leaf pattern=034876???? got=8 saved=8
2026-05-23 14:55:06,692 INFO [T46] expand pattern=03735????? got=38 ≥ 30 → split into 10 children
2026-05-23 14:55:06,706 INFO [T23] expand pattern=03732????? got=40 ≥ 30 → split into 10 children
2026-05-23 14:55:06,716 INFO [T21] expand pattern=03726????? got=41 ≥ 30 → split into 10 children
2026-05-23 14:55:06,725 INFO [T13] leaf pattern=034867???? got=10 saved=10
2026-05-23 14:55:06,744 INFO [T37] expand pattern=03729????? got=36 ≥ 30 → split into 10 children
2026-05-23 14:55:06,754 INFO [T1] expand pattern=03723????? got=42 ≥ 30 → split into 10 children
2026-05-23 14:55:06,776 INFO [T44] leaf pattern=034868???? got=6 saved=6
2026-05-23 14:55:06,799 INFO [T15] leaf pattern=034831???? got=13 saved=13
2026-05-23 14:55:06,808 INFO [T24] leaf pattern=03730????? got=29 saved=29
2026-05-23 14:55:06,842 INFO [T4] leaf pattern=034866???? got=3 saved=3
2026-05-23 14:55:06,860 INFO [T10] leaf pattern=034875???? got=8 saved=8
2026-05-23 14:55:06,957 INFO [T32] leaf pattern=034830???? got=5 saved=5
2026-05-23 14:55:06,971 INFO [T7] leaf pattern=034863???? got=8 saved=8
2026-05-23 14:55:06,994 INFO [T29] expand pattern=03733????? got=33 ≥ 30 → split into 10 children
2026-05-23 14:55:07,028 INFO [T8] leaf pattern=034862???? got=12 saved=12
2026-05-23 14:55:07,064 INFO [T18] leaf pattern=034865???? got=11 saved=11
2026-05-23 14:55:07,098 INFO [T27] expand pattern=03724????? got=42 ≥ 30 → split into 10 children
2026-05-23 14:55:07,148 INFO [T35] leaf pattern=034878???? got=2 saved=2
2026-05-23 14:55:07,160 INFO [T31] leaf pattern=034861???? got=17 saved=17
2026-05-23 14:55:07,165 INFO [T12] leaf pattern=034877???? got=1 saved=1
2026-05-23 14:55:07,185 INFO [T39] expand pattern=03725????? got=37 ≥ 30 → split into 10 children
2026-05-23 14:55:07,265 INFO [T22] leaf pattern=034869???? got=16 saved=16
2026-05-23 14:55:07,306 INFO [T43] leaf pattern=034836???? got=12 saved=12
2026-05-23 14:55:07,341 INFO [T38] expand pattern=03731????? got=39 ≥ 30 → split into 10 children
2026-05-23 14:55:07,345 INFO [T3] leaf pattern=034873???? got=10 saved=10
2026-05-23 14:55:07,350 INFO [T48] leaf pattern=034839???? got=16 saved=16
2026-05-23 14:55:07,364 INFO [T42] leaf pattern=03737????? got=27 saved=27
2026-05-23 14:55:07,376 INFO [T49] expand pattern=03736????? got=40 ≥ 30 → split into 10 children
2026-05-23 14:55:07,390 INFO [T17] expand pattern=03750????? got=41 ≥ 30 → split into 10 children
2026-05-23 14:55:07,442 INFO [T9] leaf pattern=034835???? got=7 saved=7
2026-05-23 14:55:07,465 INFO [T30] expand pattern=03739????? got=36 ≥ 30 → split into 10 children
2026-05-23 14:55:07,495 INFO [T14] leaf pattern=034838???? got=7 saved=7
2026-05-23 14:55:07,511 INFO [T2] expand pattern=03751????? got=34 ≥ 30 → split into 10 children
2026-05-23 14:55:07,523 INFO [T41] leaf pattern=034860???? got=14 saved=14
2026-05-23 14:55:07,533 INFO [T5] leaf pattern=034833???? got=1 saved=1
2026-05-23 14:55:07,542 INFO [T45] leaf pattern=034834???? got=5 saved=5
2026-05-23 14:55:07,546 INFO [T26] leaf pattern=034864???? got=15 saved=15
2026-05-23 14:55:07,557 INFO [T34] leaf pattern=034832???? got=11 saved=11
2026-05-23 14:55:07,582 INFO [T28] leaf pattern=034837???? got=8 saved=8
2026-05-23 14:55:07,637 INFO [T50] leaf pattern=034643???? got=12 saved=12
2026-05-23 14:55:08,719 INFO [T25] leaf pattern=034851???? got=14 saved=14
2026-05-23 14:55:09,151 WARNING [T36] ec=1 rate limited, rotating IP
2026-05-23 14:55:09,151 INFO [T36] rotate IP c9bf107c → 7bc47620
2026-05-23 14:55:09,322 INFO [T19] expand pattern=03753????? got=41 ≥ 30 → split into 10 children
2026-05-23 14:55:09,340 INFO [T20] expand pattern=03754????? got=41 ≥ 30 → split into 10 children
2026-05-23 14:55:09,443 INFO [T47] expand pattern=03755????? got=40 ≥ 30 → split into 10 children
2026-05-23 14:55:09,458 INFO [T33] expand pattern=03759????? got=33 ≥ 30 → split into 10 children
2026-05-23 14:55:09,485 INFO [T6] expand pattern=03740????? got=41 ≥ 30 → split into 10 children
2026-05-23 14:55:09,491 WARNING [T23] ec=1 rate limited, rotating IP
2026-05-23 14:55:09,491 INFO [T23] rotate IP 5b4b3c7a → e89c947f
2026-05-23 14:55:09,555 INFO [T40] expand pattern=03758????? got=35 ≥ 30 → split into 10 children
2026-05-23 14:55:09,616 INFO [T21] expand pattern=03742????? got=40 ≥ 30 → split into 10 children
2026-05-23 14:55:09,625 INFO [T44] expand pattern=03747????? got=35 ≥ 30 → split into 10 children
2026-05-23 14:55:09,644 INFO [T37] expand pattern=03745????? got=35 ≥ 30 → split into 10 children
2026-05-23 14:55:09,663 INFO [T1] expand pattern=03746????? got=40 ≥ 30 → split into 10 children
2026-05-23 14:55:09,678 INFO [T15] expand pattern=03748????? got=38 ≥ 30 → split into 10 children
2026-05-23 14:55:09,691 INFO [T13] expand pattern=03743????? got=44 ≥ 30 → split into 10 children
2026-05-23 14:55:09,705 INFO [T24] expand pattern=03749????? got=37 ≥ 30 → split into 10 children
2026-05-23 14:55:09,710 INFO [T16] expand pattern=03757????? got=32 ≥ 30 → split into 10 children
2026-05-23 14:55:09,727 INFO [T4] expand pattern=03760????? got=43 ≥ 30 → split into 10 children
2026-05-23 14:55:09,775 INFO [T10] expand pattern=03761????? got=39 ≥ 30 → split into 10 children
2026-05-23 14:55:09,785 INFO [T11] expand pattern=03756????? got=38 ≥ 30 → split into 10 children
2026-05-23 14:55:09,807 INFO [T7] expand pattern=03763????? got=41 ≥ 30 → split into 10 children
2026-05-23 14:55:09,860 INFO [T8] expand pattern=03765????? got=36 ≥ 30 → split into 10 children
2026-05-23 14:55:09,873 INFO [T29] expand pattern=03764????? got=43 ≥ 30 → split into 10 children
2026-05-23 14:55:09,901 INFO [T46] expand pattern=03744????? got=34 ≥ 30 → split into 10 children
2026-05-23 14:55:09,946 INFO [T31] expand pattern=03769????? got=46 ≥ 30 → split into 10 children
2026-05-23 14:55:09,961 INFO [T27] expand pattern=03767????? got=38 ≥ 30 → split into 10 children
2026-05-23 14:55:09,974 INFO [T35] expand pattern=03768????? got=40 ≥ 30 → split into 10 children
2026-05-23 14:55:10,061 WARNING [T2] ec=1 rate limited, rotating IP
2026-05-23 14:55:10,062 INFO [T2] rotate IP 1bd25ec9 → 293fea73
2026-05-23 14:55:10,122 INFO [T18] expand pattern=03766????? got=34 ≥ 30 → split into 10 children
2026-05-23 14:55:10,156 INFO [T41] expand pattern=03794????? got=37 ≥ 30 → split into 10 children
2026-05-23 14:55:10,166 INFO [T14] expand pattern=03791????? got=38 ≥ 30 → split into 10 children
2026-05-23 14:55:10,180 INFO [T5] expand pattern=03795????? got=35 ≥ 30 → split into 10 children
2026-05-23 14:55:10,280 INFO [T30] expand pattern=03790????? got=40 ≥ 30 → split into 10 children
2026-05-23 14:55:10,285 INFO [T12] leaf pattern=034890???? got=9 saved=9
2026-05-23 14:55:10,313 INFO [T45] expand pattern=03796????? got=37 ≥ 30 → split into 10 children
2026-05-23 14:55:10,328 INFO [T42] leaf pattern=034896???? got=13 saved=13
2026-05-23 14:55:10,343 INFO [T34] expand pattern=03798????? got=39 ≥ 30 → split into 10 children
2026-05-23 14:55:10,359 INFO [T28] expand pattern=03799????? got=37 ≥ 30 → split into 10 children
2026-05-23 14:55:10,371 INFO [T26] expand pattern=03797????? got=39 ≥ 30 → split into 10 children
2026-05-23 14:55:10,475 INFO [T49] expand pattern=03792????? got=42 ≥ 30 → split into 10 children
2026-05-23 14:55:10,483 INFO [T39] leaf pattern=034891???? got=8 saved=8
2026-05-23 14:55:10,525 INFO [T38] leaf pattern=034893???? got=9 saved=9
2026-05-23 14:55:10,574 INFO [T9] leaf pattern=034899???? got=6 saved=6
2026-05-23 14:55:10,591 INFO [T50] leaf pattern=034920???? got=7 saved=7
2026-05-23 14:55:10,636 INFO [T48] leaf pattern=034895???? got=7 saved=7
2026-05-23 14:55:10,643 INFO [T22] leaf pattern=034897???? got=5 saved=5
2026-05-23 14:55:10,673 INFO [T17] leaf pattern=034898???? got=6 saved=6
2026-05-23 14:55:10,771 INFO [T3] leaf pattern=034894???? got=7 saved=7
2026-05-23 14:55:10,785 INFO [T43] leaf pattern=034892???? got=11 saved=11
2026-05-23 14:55:10,841 INFO [T32] expand pattern=03762????? got=41 ≥ 30 → split into 10 children
2026-05-23 14:55:10,954 INFO [T36] D1N refreshed 954aa4f3dd4a2a03…
2026-05-23 14:55:11,384 INFO [T23] D1N refreshed a80896b665da7ba1…
2026-05-23 14:55:11,636 INFO [T25] leaf pattern=034921???? got=12 saved=12
2026-05-23 14:55:12,182 INFO [T2] D1N refreshed 534e377a97b4f733…
2026-05-23 14:55:12,215 INFO [T19] leaf pattern=034922???? got=7 saved=7
2026-05-23 14:55:12,247 INFO [T20] leaf pattern=034923???? got=8 saved=8
2026-05-23 14:55:12,452 INFO [T6] leaf pattern=034926???? got=7 saved=7
2026-05-23 14:55:12,468 INFO [T47] leaf pattern=034924???? got=8 saved=8
2026-05-23 14:55:12,538 INFO [T44] leaf pattern=034929???? got=15 saved=15
2026-05-23 14:55:12,555 INFO [T1] leaf pattern=034911???? got=5 saved=5
2026-05-23 14:55:12,569 INFO [T40] leaf pattern=034927???? got=11 saved=11
2026-05-23 14:55:12,574 INFO [T21] leaf pattern=034928???? got=18 saved=18
2026-05-23 14:55:12,597 INFO [T24] leaf pattern=034914???? got=5 saved=5
2026-05-23 14:55:12,644 INFO [T37] leaf pattern=034910???? got=12 saved=12
2026-05-23 14:55:12,650 INFO [T15] leaf pattern=034912???? got=6 saved=6
2026-05-23 14:55:12,694 INFO [T4] leaf pattern=034916???? got=14 saved=14
2026-05-23 14:55:12,730 INFO [T10] leaf pattern=034917???? got=8 saved=8
2026-05-23 14:55:12,744 INFO [T13] leaf pattern=034913???? got=12 saved=12
2026-05-23 14:55:12,750 INFO [T33] leaf pattern=034925???? got=12 saved=12
2026-05-23 14:55:12,758 INFO [T7] leaf pattern=034919???? got=7 saved=7
2026-05-23 14:55:12,780 INFO [T11] leaf pattern=034918???? got=11 saved=11
2026-05-23 14:55:12,884 INFO [T46] leaf pattern=034952???? got=10 saved=10
2026-05-23 14:55:12,894 INFO [T8] leaf pattern=034950???? got=14 saved=14
2026-05-23 14:55:12,906 INFO [T35] leaf pattern=034955???? got=3 saved=3
2026-05-23 14:55:12,935 INFO [T27] leaf pattern=034954???? got=10 saved=10
2026-05-23 14:55:12,952 INFO [T31] leaf pattern=034953???? got=12 saved=12
2026-05-23 14:55:13,043 INFO [T29] leaf pattern=034951???? got=11 saved=11
2026-05-23 14:55:13,087 INFO [T12] expand pattern=03771????? got=30 ≥ 30 → split into 10 children
2026-05-23 14:55:13,172 INFO [T38] expand pattern=03779????? got=35 ≥ 30 → split into 10 children
2026-05-23 14:55:13,243 INFO [T30] leaf pattern=03770????? got=25 saved=25
2026-05-23 14:55:13,276 INFO [T41] leaf pattern=034957???? got=14 saved=14
2026-05-23 14:55:13,282 INFO [T14] leaf pattern=034958???? got=10 saved=10
2026-05-23 14:55:13,301 INFO [T16] leaf pattern=034915???? got=8 saved=8
2026-05-23 14:55:13,306 INFO [T5] leaf pattern=034959???? got=12 saved=12
2026-05-23 14:55:13,315 INFO [T49] expand pattern=03776????? got=30 ≥ 30 → split into 10 children
2026-05-23 14:55:13,319 INFO [T45] expand pattern=03772????? got=31 ≥ 30 → split into 10 children
2026-05-23 14:55:13,324 INFO [T28] expand pattern=03774????? got=30 ≥ 30 → split into 10 children
2026-05-23 14:55:13,357 INFO [T42] leaf pattern=03773????? got=28 saved=28
2026-05-23 14:55:13,361 INFO [T39] leaf pattern=03778????? got=28 saved=28
2026-05-23 14:55:13,378 INFO [T18] leaf pattern=034956???? got=16 saved=16
2026-05-23 14:55:13,395 INFO [T17] leaf pattern=034964???? got=14 saved=14
2026-05-23 14:55:13,420 INFO [T34] leaf pattern=03777????? got=1 saved=1
2026-05-23 14:55:13,479 INFO [T50] leaf pattern=034961???? got=12 saved=12
2026-05-23 14:55:13,488 INFO [T9] leaf pattern=034960???? got=11 saved=11
2026-05-23 14:55:13,562 WARNING [T32] ec=1 rate limited, rotating IP
2026-05-23 14:55:13,562 INFO [T32] rotate IP 94dfd369 → 6f7d8c2b
2026-05-23 14:55:13,582 INFO [T22] leaf pattern=034963???? got=17 saved=17
2026-05-23 14:55:13,587 INFO [T26] leaf pattern=03775????? got=27 saved=27
2026-05-23 14:55:13,616 INFO [T43] leaf pattern=034966???? got=14 saved=14
2026-05-23 14:55:13,688 INFO [T48] leaf pattern=034962???? got=10 saved=10
2026-05-23 14:55:13,757 INFO [T3] leaf pattern=034965???? got=14 saved=14
2026-05-23 14:55:14,645 INFO [T25] leaf pattern=034968???? got=8 saved=8
2026-05-23 14:55:15,162 INFO [T19] leaf pattern=034969???? got=16 saved=16
2026-05-23 14:55:15,175 INFO [T20] expand pattern=03780????? got=44 ≥ 30 → split into 10 children
2026-05-23 14:55:15,354 WARNING [T44] ec=1 rate limited, rotating IP
2026-05-23 14:55:15,354 INFO [T44] rotate IP f9f2db3f → 07807ad1
2026-05-23 14:55:15,371 INFO [T47] expand pattern=03782????? got=40 ≥ 30 → split into 10 children
2026-05-23 14:55:15,397 WARNING [T15] ec=1 rate limited, rotating IP
2026-05-23 14:55:15,397 INFO [T15] rotate IP 8988cf15 → 2ada1c87
2026-05-23 14:55:15,444 INFO [T1] expand pattern=03784????? got=40 ≥ 30 → split into 10 children
2026-05-23 14:55:15,467 INFO [T6] expand pattern=03781????? got=41 ≥ 30 → split into 10 children
2026-05-23 14:55:15,478 INFO [T23] expand pattern=03741????? got=41 ≥ 30 → split into 10 children
2026-05-23 14:55:15,500 INFO [T40] expand pattern=03785????? got=37 ≥ 30 → split into 10 children
2026-05-23 14:55:15,514 INFO [T21] expand pattern=03786????? got=37 ≥ 30 → split into 10 children
2026-05-23 14:55:15,538 INFO [T37] expand pattern=03789????? got=37 ≥ 30 → split into 10 children
2026-05-23 14:55:15,578 INFO [T4] leaf pattern=034940???? got=18 saved=18
2026-05-23 14:55:15,582 INFO [T24] expand pattern=03787????? got=31 ≥ 30 → split into 10 children
2026-05-23 14:55:15,633 INFO [T13] leaf pattern=034942???? got=16 saved=16
2026-05-23 14:55:15,775 INFO [T7] leaf pattern=034944???? got=7 saved=7
2026-05-23 14:55:15,792 INFO [T10] leaf pattern=034941???? got=8 saved=8
2026-05-23 14:55:15,855 INFO [T33] leaf pattern=034943???? got=16 saved=16
2026-05-23 14:55:15,861 INFO [T27] leaf pattern=034949???? got=6 saved=6
2026-05-23 14:55:15,865 INFO [T8] leaf pattern=034947???? got=16 saved=16
2026-05-23 14:55:15,880 INFO [T46] leaf pattern=034946???? got=17 saved=17
2026-05-23 14:55:15,893 INFO [T11] leaf pattern=034945???? got=11 saved=11
2026-05-23 14:55:15,912 WARNING [T28] ec=1 rate limited, rotating IP
2026-05-23 14:55:15,912 INFO [T28] rotate IP abc9e242 → ff8e4bc9
2026-05-23 14:55:16,005 INFO [T5] leaf pattern=034988???? got=0 saved=0
2026-05-23 14:55:16,046 INFO [T31] leaf pattern=034980???? got=10 saved=10
2026-05-23 14:55:16,118 INFO [T30] leaf pattern=034984???? got=7 saved=7
2026-05-23 14:55:16,130 INFO [T29] leaf pattern=034981???? got=7 saved=7
2026-05-23 14:55:16,179 INFO [T14] leaf pattern=034986???? got=8 saved=8
2026-05-23 14:55:16,203 INFO [T41] leaf pattern=034985???? got=17 saved=17
2026-05-23 14:55:16,258 INFO [T36] expand pattern=03752????? got=40 ≥ 30 → split into 10 children
2026-05-23 14:55:16,269 INFO [T18] leaf pattern=034975???? got=6 saved=6
2026-05-23 14:55:16,274 INFO [T35] leaf pattern=034948???? got=16 saved=16
2026-05-23 14:55:16,287 INFO [T38] leaf pattern=034983???? got=8 saved=8
2026-05-23 14:55:16,292 INFO [T42] leaf pattern=034973???? got=5 saved=5
2026-05-23 14:55:16,299 INFO [T39] leaf pattern=034974???? got=10 saved=10
2026-05-23 14:55:16,356 INFO [T49] leaf pattern=034989???? got=10 saved=10
2026-05-23 14:55:16,366 INFO [T12] leaf pattern=034982???? got=9 saved=9
2026-05-23 14:55:16,394 INFO [T17] leaf pattern=034976???? got=10 saved=10
2026-05-23 14:55:16,407 INFO [T45] leaf pattern=034970???? got=13 saved=13
2026-05-23 14:55:16,411 INFO [T50] leaf pattern=034977???? got=3 saved=3
2026-05-23 14:55:16,424 INFO [T34] leaf pattern=034972???? got=13 saved=13
2026-05-23 14:55:16,482 INFO [T26] leaf pattern=039420???? got=7 saved=7
2026-05-23 14:55:16,504 INFO [T9] leaf pattern=034978???? got=4 saved=4
2026-05-23 14:55:16,530 INFO [T22] leaf pattern=034979???? got=7 saved=7
2026-05-23 14:55:16,540 INFO [T16] leaf pattern=034987???? got=4 saved=4
2026-05-23 14:55:16,624 INFO [T2] expand pattern=03793????? got=39 ≥ 30 → split into 10 children
2026-05-23 14:55:16,629 INFO [T43] leaf pattern=039421???? got=9 saved=9
2026-05-23 14:55:16,665 INFO [T48] leaf pattern=039422???? got=6 saved=6
2026-05-23 14:55:16,718 INFO [T32] D1N refreshed d57677c22b4c5d8e…
2026-05-23 14:55:17,064 INFO [T3] leaf pattern=039423???? got=11 saved=11
2026-05-23 14:55:17,413 INFO [T44] D1N refreshed 2e2217b973d7dff2…
2026-05-23 14:55:17,465 INFO [T15] D1N refreshed 561a160bba4ff3a7…
2026-05-23 14:55:17,530 INFO [T25] leaf pattern=039424???? got=11 saved=11
2026-05-23 14:55:17,632 INFO [T28] D1N refreshed 8fb7f40ed55d4d32…
2026-05-23 14:55:18,135 INFO [T20] leaf pattern=039426???? got=8 saved=8
2026-05-23 14:55:18,279 INFO [T47] leaf pattern=039427???? got=10 saved=10
2026-05-23 14:55:18,380 INFO [T1] leaf pattern=039428???? got=8 saved=8
2026-05-23 14:55:18,393 INFO [T19] leaf pattern=039425???? got=11 saved=11
2026-05-23 14:55:18,412 INFO [T23] leaf pattern=034900???? got=5 saved=5
2026-05-23 14:55:18,464 INFO [T21] leaf pattern=034902???? got=17 saved=17
2026-05-23 14:55:18,478 INFO [T6] leaf pattern=039429???? got=13 saved=13
2026-05-23 14:55:18,496 INFO [T4] leaf pattern=034904???? got=20 saved=20
2026-05-23 14:55:18,502 INFO [T37] leaf pattern=034903???? got=16 saved=16
2026-05-23 14:55:18,523 INFO [T24] leaf pattern=034905???? got=14 saved=14
2026-05-23 14:55:18,593 INFO [T10] leaf pattern=034908???? got=19 saved=19
2026-05-23 14:55:18,598 INFO [T7] leaf pattern=034907???? got=14 saved=14
2026-05-23 14:55:18,621 INFO [T13] leaf pattern=034906???? got=18 saved=18
2026-05-23 14:55:18,625 INFO [T27] leaf pattern=039440???? got=13 saved=13
2026-05-23 14:55:18,635 INFO [T46] leaf pattern=039441???? got=21 saved=21
2026-05-23 14:55:18,655 INFO [T33] leaf pattern=034909???? got=9 saved=9
2026-05-23 14:55:18,740 INFO [T8] leaf pattern=039443???? got=15 saved=15
2026-05-23 14:55:18,887 INFO [T31] leaf pattern=039445???? got=8 saved=8
2026-05-23 14:55:18,918 INFO [T30] leaf pattern=039446???? got=11 saved=11
2026-05-23 14:55:18,923 INFO [T29] leaf pattern=039447???? got=7 saved=7
2026-05-23 14:55:18,972 INFO [T5] leaf pattern=039444???? got=1 saved=1
2026-05-23 14:55:18,984 INFO [T11] leaf pattern=039442???? got=18 saved=18
2026-05-23 14:55:19,008 INFO [T40] leaf pattern=034901???? got=15 saved=15
2026-05-23 14:55:19,057 INFO [T35] leaf pattern=039432???? got=13 saved=13
2026-05-23 14:55:19,149 INFO [T42] leaf pattern=039434???? got=12 saved=12
2026-05-23 14:55:19,163 INFO [T18] leaf pattern=039431???? got=11 saved=11
2026-05-23 14:55:19,237 INFO [T39] leaf pattern=039435???? got=16 saved=16
2026-05-23 14:55:19,257 INFO [T41] leaf pattern=039449???? got=6 saved=6
2026-05-23 14:55:19,286 INFO [T17] leaf pattern=039438???? got=6 saved=6
2026-05-23 14:55:19,307 INFO [T12] leaf pattern=039437???? got=10 saved=10
2026-05-23 14:55:19,319 INFO [T49] leaf pattern=039436???? got=16 saved=16
2026-05-23 14:55:19,324 INFO [T26] leaf pattern=039412???? got=9 saved=9
2026-05-23 14:55:19,348 INFO [T14] leaf pattern=039448???? got=8 saved=8
2026-05-23 14:55:19,372 INFO [T38] leaf pattern=039433???? got=8 saved=8
2026-05-23 14:55:19,377 INFO [T34] leaf pattern=039411???? got=4 saved=4
2026-05-23 14:55:19,436 INFO [T36] leaf pattern=039430???? got=8 saved=8
2026-05-23 14:55:19,456 INFO [T22] leaf pattern=039414???? got=19 saved=19
2026-05-23 14:55:19,475 INFO [T45] leaf pattern=039439???? got=10 saved=10
2026-05-23 14:55:19,539 INFO [T9] leaf pattern=039413???? got=14 saved=14
2026-05-23 14:55:19,552 INFO [T2] leaf pattern=039417???? got=8 saved=8
2026-05-23 14:55:19,636 INFO [T48] leaf pattern=039418???? got=13 saved=13
2026-05-23 14:55:19,754 INFO [T43] leaf pattern=039416???? got=19 saved=19
2026-05-23 14:55:19,784 INFO [T16] leaf pattern=039415???? got=10 saved=10
2026-05-23 14:55:20,037 INFO [T50] leaf pattern=039410???? got=10 saved=10
2026-05-23 14:55:20,326 INFO [T3] leaf pattern=039419???? got=9 saved=9
2026-05-23 14:55:20,441 INFO [T25] leaf pattern=034930???? got=6 saved=6
2026-05-23 14:55:21,042 INFO [T20] leaf pattern=034931???? got=6 saved=6
2026-05-23 14:55:21,276 INFO [T19] leaf pattern=034934???? got=2 saved=2
2026-05-23 14:55:21,309 INFO [T1] leaf pattern=034933???? got=5 saved=5
2026-05-23 14:55:21,324 INFO [T47] leaf pattern=034932???? got=11 saved=11
2026-05-23 14:55:21,386 INFO [T21] leaf pattern=034936???? got=13 saved=13
2026-05-23 14:55:21,412 INFO [T37] leaf pattern=034939???? got=10 saved=10
2026-05-23 14:55:21,457 INFO [T24] leaf pattern=039400???? got=7 saved=7
2026-05-23 14:55:21,527 INFO [T27] leaf pattern=039404???? got=7 saved=7
2026-05-23 14:55:21,534 INFO [T6] leaf pattern=034937???? got=11 saved=11
2026-05-23 14:55:21,580 INFO [T7] leaf pattern=039402???? got=16 saved=16
2026-05-23 14:55:21,585 INFO [T10] leaf pattern=039401???? got=19 saved=19
2026-05-23 14:55:21,601 WARNING [T15] D1N unresolved, rotating IP
2026-05-23 14:55:21,601 INFO [T15] rotate IP 2ada1c87 → bcf33700
2026-05-23 14:55:21,661 INFO [T23] leaf pattern=034935???? got=12 saved=12
2026-05-23 14:55:21,666 INFO [T32] leaf pattern=034967???? got=17 saved=17
2026-05-23 14:55:21,670 INFO [T33] leaf pattern=039406???? got=12 saved=12
2026-05-23 14:55:21,678 INFO [T46] leaf pattern=039405???? got=7 saved=7
2026-05-23 14:55:21,700 INFO [T8] leaf pattern=039407???? got=18 saved=18
2026-05-23 14:55:21,731 INFO [T44] expand pattern=03783????? got=42 ≥ 30 → split into 10 children
2026-05-23 14:55:21,742 INFO [T13] leaf pattern=039403???? got=23 saved=23
2026-05-23 14:55:21,798 INFO [T30] leaf pattern=039409???? got=9 saved=9
2026-05-23 14:55:21,804 INFO [T29] leaf pattern=039450???? got=16 saved=16
2026-05-23 14:55:21,892 INFO [T5] leaf pattern=039452???? got=10 saved=10
2026-05-23 14:55:21,903 INFO [T31] leaf pattern=039408???? got=12 saved=12
2026-05-23 14:55:21,914 INFO [T28] leaf pattern=034971???? got=11 saved=11
2026-05-23 14:55:21,958 INFO [T40] leaf pattern=039451???? got=6 saved=6
2026-05-23 14:55:21,988 INFO [T35] leaf pattern=039454???? got=17 saved=17
2026-05-23 14:55:21,998 INFO [T4] leaf pattern=034938???? got=6 saved=6
2026-05-23 14:55:22,044 INFO [T11] leaf pattern=039453???? got=13 saved=13
2026-05-23 14:55:22,092 INFO [T42] leaf pattern=039455???? got=5 saved=5
2026-05-23 14:55:22,116 INFO [T39] leaf pattern=039459???? got=12 saved=12
2026-05-23 14:55:22,169 INFO [T41] leaf pattern=039457???? got=15 saved=15
2026-05-23 14:55:22,184 INFO [T26] leaf pattern=039213???? got=3 saved=3
2026-05-23 14:55:22,189 INFO [T38] leaf pattern=039210???? got=9 saved=9
2026-05-23 14:55:22,272 INFO [T14] leaf pattern=039214???? got=16 saved=16
2026-05-23 14:55:22,301 INFO [T17] leaf pattern=039458???? got=17 saved=17
2026-05-23 14:55:22,328 INFO [T36] leaf pattern=039215???? got=7 saved=7
2026-05-23 14:55:22,334 INFO [T34] leaf pattern=039216???? got=9 saved=9
2026-05-23 14:55:22,348 INFO [T18] leaf pattern=039456???? got=7 saved=7
2026-05-23 14:55:22,426 INFO [T45] leaf pattern=039217???? got=4 saved=4
2026-05-23 14:55:22,434 INFO [T12] leaf pattern=039211???? got=3 saved=3
2026-05-23 14:55:22,542 INFO [T22] leaf pattern=039218???? got=6 saved=6
2026-05-23 14:55:22,551 INFO [T49] leaf pattern=039212???? got=7 saved=7
2026-05-23 14:55:22,565 INFO [T2] leaf pattern=039480???? got=21 saved=21
2026-05-23 14:55:22,574 INFO [T9] leaf pattern=039219???? got=9 saved=9
2026-05-23 14:55:22,613 INFO [T48] leaf pattern=039481???? got=18 saved=18
2026-05-23 14:55:22,930 INFO [T50] leaf pattern=039484???? got=22 saved=22
2026-05-23 14:55:22,945 INFO [T43] leaf pattern=039482???? got=15 saved=15
2026-05-23 14:55:23,001 INFO [T16] leaf pattern=039483???? got=29 saved=29
2026-05-23 14:55:23,355 INFO [T25] leaf pattern=039486???? got=23 saved=23
2026-05-23 14:55:23,401 INFO [T15] D1N refreshed 2c4c04465c3155b7…
2026-05-23 14:55:23,734 INFO [T3] expand pattern=039485???? got=37 ≥ 30 → split into 10 children
2026-05-23 14:55:24,183 INFO [T19] leaf pattern=039488???? got=20 saved=20
2026-05-23 14:55:24,218 INFO [T20] leaf pattern=039487???? got=26 saved=26
2026-05-23 14:55:24,310 INFO [T21] leaf pattern=034991???? got=6 saved=6
2026-05-23 14:55:24,338 INFO [T47] leaf pattern=034990???? got=11 saved=11
2026-05-23 14:55:24,354 INFO [T24] leaf pattern=034993???? got=2 saved=2
2026-05-23 14:55:24,409 INFO [T37] leaf pattern=034992???? got=11 saved=11
2026-05-23 14:55:24,467 INFO [T1] leaf pattern=039489???? got=25 saved=25
2026-05-23 14:55:24,495 INFO [T46] leaf pattern=039491???? got=26 saved=26
2026-05-23 14:55:24,557 INFO [T10] leaf pattern=034997???? got=8 saved=8
2026-05-23 14:55:24,567 INFO [T30] leaf pattern=039495???? got=8 saved=8
2026-05-23 14:55:24,572 INFO [T27] leaf pattern=034994???? got=7 saved=7
2026-05-23 14:55:24,577 INFO [T23] leaf pattern=034998???? got=10 saved=10
2026-05-23 14:55:24,583 INFO [T6] leaf pattern=034995???? got=8 saved=8
2026-05-23 14:55:24,609 INFO [T33] leaf pattern=039490???? got=20 saved=20
2026-05-23 14:55:24,620 INFO [T13] leaf pattern=039494???? got=2 saved=2
2026-05-23 14:55:24,676 INFO [T29] leaf pattern=039496???? got=13 saved=13
2026-05-23 14:55:24,686 INFO [T8] leaf pattern=039492???? got=8 saved=8
2026-05-23 14:55:24,709 INFO [T4] leaf pattern=039222???? got=0 saved=0
2026-05-23 14:55:24,725 INFO [T5] leaf pattern=039497???? got=3 saved=3
2026-05-23 14:55:24,778 INFO [T31] leaf pattern=039498???? got=13 saved=13
2026-05-23 14:55:24,815 INFO [T7] leaf pattern=034996???? got=11 saved=11
2026-05-23 14:55:24,833 INFO [T44] leaf pattern=039493???? got=8 saved=8
2026-05-23 14:55:24,975 INFO [T40] leaf pattern=039220???? got=4 saved=4
2026-05-23 14:55:25,030 INFO [T35] leaf pattern=039221???? got=11 saved=11
2026-05-23 14:55:25,069 INFO [T26] leaf pattern=039200???? got=0 saved=0
2026-05-23 14:55:25,094 INFO [T42] leaf pattern=039224???? got=11 saved=11
2026-05-23 14:55:25,133 INFO [T39] leaf pattern=039225???? got=6 saved=6
2026-05-23 14:55:25,137 INFO [T38] leaf pattern=039227???? got=5 saved=5
2026-05-23 14:55:25,141 INFO [T41] leaf pattern=039226???? got=4 saved=4
2026-05-23 14:55:25,161 INFO [T28] leaf pattern=039499???? got=2 saved=2
2026-05-23 14:55:25,218 INFO [T14] leaf pattern=039228???? got=9 saved=9
2026-05-23 14:55:25,232 INFO [T11] leaf pattern=039223???? got=7 saved=7
2026-05-23 14:55:25,245 INFO [T17] leaf pattern=039229???? got=5 saved=5
2026-05-23 14:55:25,436 INFO [T34] leaf pattern=039202???? got=2 saved=2
2026-05-23 14:55:25,441 INFO [T18] leaf pattern=039203???? got=5 saved=5
2026-05-23 14:55:25,459 INFO [T36] leaf pattern=039201???? got=5 saved=5
2026-05-23 14:55:25,525 INFO [T49] leaf pattern=039207???? got=10 saved=10
2026-05-23 14:55:25,541 INFO [T2] leaf pattern=039208???? got=6 saved=6
2026-05-23 14:55:25,546 INFO [T22] leaf pattern=039206???? got=12 saved=12
2026-05-23 14:55:25,557 INFO [T9] leaf pattern=039209???? got=6 saved=6
2026-05-23 14:55:25,576 INFO [T45] leaf pattern=039204???? got=5 saved=5
2026-05-23 14:55:25,598 INFO [T12] leaf pattern=039205???? got=6 saved=6
2026-05-23 14:55:25,607 INFO [T48] leaf pattern=039470???? got=28 saved=28
2026-05-23 14:55:25,674 INFO [T32] leaf pattern=034999???? got=0 saved=0
2026-05-23 14:55:25,832 INFO [T50] leaf pattern=039471???? got=24 saved=24
2026-05-23 14:55:25,964 INFO [T43] leaf pattern=039472???? got=26 saved=26
2026-05-23 14:55:26,262 INFO [T25] leaf pattern=039474???? got=28 saved=28
2026-05-23 14:55:26,783 INFO [T16] leaf pattern=039473???? got=27 saved=27
2026-05-23 14:55:27,096 INFO [T19] leaf pattern=039476???? got=29 saved=29
2026-05-23 14:55:27,142 INFO [T3] expand pattern=039475???? got=32 ≥ 30 → split into 10 children
2026-05-23 14:55:27,249 INFO [T24] leaf pattern=039460???? got=22 saved=22
2026-05-23 14:55:27,394 INFO [T46] leaf pattern=039463???? got=20 saved=20
2026-05-23 14:55:27,427 INFO [T30] leaf pattern=039465???? got=17 saved=17
2026-05-23 14:55:27,435 WARNING [T4] ec=1 rate limited, rotating IP
2026-05-23 14:55:27,435 INFO [T4] rotate IP 9bf65a26 → e5214a36
2026-05-23 14:55:27,438 INFO [T37] leaf pattern=039461???? got=20 saved=20
2026-05-23 14:55:27,468 INFO [T27] leaf pattern=039466???? got=7 saved=7
2026-05-23 14:55:27,518 INFO [T29] leaf pattern=039231???? got=8 saved=8
2026-05-23 14:55:27,528 INFO [T10] leaf pattern=039464???? got=23 saved=23
2026-05-23 14:55:27,537 INFO [T23] leaf pattern=039467???? got=18 saved=18
2026-05-23 14:55:27,541 INFO [T20] leaf pattern=039477???? got=13 saved=13
2026-05-23 14:55:27,568 INFO [T8] leaf pattern=039232???? got=8 saved=8
2026-05-23 14:55:27,583 INFO [T13] leaf pattern=039230???? got=9 saved=9
2026-05-23 14:55:27,611 INFO [T5] leaf pattern=039234???? got=13 saved=13
2026-05-23 14:55:27,642 INFO [T15] expand pattern=03788????? got=38 ≥ 30 → split into 10 children
2026-05-23 14:55:27,662 INFO [T6] leaf pattern=039468???? got=8 saved=8
2026-05-23 14:55:27,788 INFO [T47] leaf pattern=039479???? got=26 saved=26
2026-05-23 14:55:27,794 INFO [T33] leaf pattern=039469???? got=24 saved=24
2026-05-23 14:55:27,836 INFO [T31] leaf pattern=039235???? got=13 saved=13
2026-05-23 14:55:27,875 INFO [T7] leaf pattern=039236???? got=9 saved=9
2026-05-23 14:55:27,889 INFO [T40] leaf pattern=039238???? got=5 saved=5
2026-05-23 14:55:27,958 INFO [T35] leaf pattern=039239???? got=8 saved=8
2026-05-23 14:55:27,983 INFO [T42] leaf pattern=039242???? got=7 saved=7
2026-05-23 14:55:27,996 INFO [T26] leaf pattern=039241???? got=4 saved=4
2026-05-23 14:55:28,012 INFO [T39] leaf pattern=039240???? got=12 saved=12
2026-05-23 14:55:28,020 INFO [T14] leaf pattern=039245???? got=15 saved=15
2026-05-23 14:55:28,105 INFO [T28] leaf pattern=039244???? got=8 saved=8
2026-05-23 14:55:28,123 INFO [T41] leaf pattern=039243???? got=12 saved=12
2026-05-23 14:55:28,129 INFO [T38] leaf pattern=039247???? got=10 saved=10
2026-05-23 14:55:28,159 INFO [T17] leaf pattern=039248???? got=11 saved=11
2026-05-23 14:55:28,196 INFO [T36] leaf pattern=039251???? got=9 saved=9
2026-05-23 14:55:28,286 INFO [T34] leaf pattern=039249???? got=7 saved=7
2026-05-23 14:55:28,297 INFO [T18] leaf pattern=039250???? got=7 saved=7
2026-05-23 14:55:28,371 INFO [T49] leaf pattern=039252???? got=6 saved=6
2026-05-23 14:55:28,384 INFO [T2] leaf pattern=039253???? got=17 saved=17
2026-05-23 14:55:28,389 INFO [T12] leaf pattern=039257???? got=13 saved=13
2026-05-23 14:55:28,435 INFO [T45] leaf pattern=039256???? got=10 saved=10
2026-05-23 14:55:28,440 INFO [T22] leaf pattern=039254???? got=17 saved=17
2026-05-23 14:55:28,454 INFO [T9] leaf pattern=039255???? got=4 saved=4
2026-05-23 14:55:28,605 INFO [T48] leaf pattern=039258???? got=6 saved=6
2026-05-23 14:55:28,705 INFO [T32] leaf pattern=039259???? got=7 saved=7
2026-05-23 14:55:28,768 INFO [T44] leaf pattern=039237???? got=11 saved=11
2026-05-23 14:55:28,775 INFO [T50] leaf pattern=039260???? got=10 saved=10
2026-05-23 14:55:28,954 INFO [T43] leaf pattern=039261???? got=7 saved=7
2026-05-23 14:55:29,179 INFO [T4] D1N refreshed 61bbe898b897878f…
2026-05-23 14:55:29,359 INFO [T25] leaf pattern=039262???? got=8 saved=8
2026-05-23 14:55:29,816 INFO [T16] leaf pattern=039263???? got=11 saved=11
2026-05-23 14:55:30,169 INFO [T24] leaf pattern=039266???? got=2 saved=2
2026-05-23 14:55:30,210 WARNING [T30] ec=1 rate limited, rotating IP
2026-05-23 14:55:30,210 INFO [T30] rotate IP b7ba2c2c → c4e5d739
2026-05-23 14:55:30,296 INFO [T46] leaf pattern=039267???? got=3 saved=3
2026-05-23 14:55:30,390 INFO [T37] leaf pattern=039268???? got=8 saved=8
2026-05-23 14:55:30,405 INFO [T29] leaf pattern=039272???? got=8 saved=8
2026-05-23 14:55:30,428 INFO [T21] leaf pattern=039478???? got=23 saved=23
2026-05-23 14:55:30,494 INFO [T10] leaf pattern=039273???? got=14 saved=14
2026-05-23 14:55:30,504 INFO [T23] leaf pattern=039274???? got=21 saved=21
2026-05-23 14:55:30,527 INFO [T20] leaf pattern=039271???? got=9 saved=9
2026-05-23 14:55:30,554 INFO [T1] leaf pattern=039462???? got=20 saved=20
2026-05-23 14:55:30,626 INFO [T27] leaf pattern=039270???? got=13 saved=13
2026-05-23 14:55:30,648 INFO [T8] leaf pattern=039276???? got=23 saved=23
2026-05-23 14:55:30,658 INFO [T15] leaf pattern=039277???? got=7 saved=7
2026-05-23 14:55:30,720 INFO [T47] leaf pattern=039750???? got=8 saved=8
2026-05-23 14:55:30,769 INFO [T5] leaf pattern=039278???? got=10 saved=10
2026-05-23 14:55:30,773 INFO [T13] leaf pattern=039275???? got=11 saved=11
2026-05-23 14:55:30,783 INFO [T6] leaf pattern=039279???? got=6 saved=6
2026-05-23 14:55:30,825 INFO [T11] leaf pattern=039246???? got=5 saved=5
2026-05-23 14:55:30,897 INFO [T26] leaf pattern=039757???? got=15 saved=15
2026-05-23 14:55:30,914 INFO [T31] leaf pattern=039752???? got=7 saved=7
2026-05-23 14:55:30,935 INFO [T7] leaf pattern=039753???? got=19 saved=19
2026-05-23 14:55:30,979 INFO [T28] leaf pattern=039290???? got=3 saved=3
2026-05-23 14:55:30,983 INFO [T42] leaf pattern=039756???? got=12 saved=12
2026-05-23 14:55:31,013 INFO [T40] leaf pattern=039754???? got=17 saved=17
2026-05-23 14:55:31,027 INFO [T35] leaf pattern=039755???? got=6 saved=6
2026-05-23 14:55:31,049 INFO [T39] leaf pattern=039758???? got=13 saved=13
2026-05-23 14:55:31,060 INFO [T38] leaf pattern=039292???? got=3 saved=3
2026-05-23 14:55:31,094 INFO [T14] leaf pattern=039759???? got=13 saved=13
2026-05-23 14:55:31,123 INFO [T17] leaf pattern=039293???? got=5 saved=5
2026-05-23 14:55:31,145 INFO [T41] leaf pattern=039291???? got=4 saved=4
2026-05-23 14:55:31,151 INFO [T33] leaf pattern=039751???? got=19 saved=19
2026-05-23 14:55:31,177 INFO [T3] leaf pattern=039265???? got=12 saved=12
2026-05-23 14:55:31,194 INFO [T36] leaf pattern=039294???? got=9 saved=9
2026-05-23 14:55:31,220 INFO [T19] leaf pattern=039264???? got=17 saved=17
2026-05-23 14:55:31,318 INFO [T2] leaf pattern=039297???? got=14 saved=14
2026-05-23 14:55:31,331 INFO [T18] leaf pattern=039296???? got=10 saved=10
2026-05-23 14:55:31,354 INFO [T49] leaf pattern=039298???? got=7 saved=7
2026-05-23 14:55:31,398 INFO [T12] leaf pattern=039299???? got=4 saved=4
2026-05-23 14:55:31,418 INFO [T34] leaf pattern=039295???? got=6 saved=6
2026-05-23 14:55:31,449 INFO [T45] leaf pattern=039280???? got=6 saved=6
2026-05-23 14:55:31,453 INFO [T22] leaf pattern=039281???? got=10 saved=10
2026-05-23 14:55:31,538 INFO [T48] leaf pattern=039283???? got=8 saved=8
2026-05-23 14:55:31,721 INFO [T50] leaf pattern=039286???? got=6 saved=6
2026-05-23 14:55:31,829 INFO [T9] leaf pattern=039282???? got=5 saved=5
2026-05-23 14:55:32,033 INFO [T30] D1N refreshed 1a4479c4124eb99c…
2026-05-23 14:55:32,059 INFO [T44] leaf pattern=039285???? got=11 saved=11
2026-05-23 14:55:32,077 INFO [T32] leaf pattern=039284???? got=7 saved=7
2026-05-23 14:55:32,515 INFO [T43] leaf pattern=039287???? got=21 saved=21
2026-05-23 14:55:32,555 INFO [T25] leaf pattern=039288???? got=1 saved=1
2026-05-23 14:55:33,008 INFO [T16] leaf pattern=039289???? got=6 saved=6
2026-05-23 14:55:33,131 INFO [T24] leaf pattern=039940???? got=11 saved=11
2026-05-23 14:55:33,221 INFO [T46] leaf pattern=039941???? got=12 saved=12
2026-05-23 14:55:33,258 INFO [T4] leaf pattern=039233???? got=4 saved=4
2026-05-23 14:55:33,284 INFO [T29] leaf pattern=039943???? got=10 saved=10
2026-05-23 14:55:33,299 INFO [T37] leaf pattern=039942???? got=10 saved=10
2026-05-23 14:55:33,340 INFO [T23] leaf pattern=039946???? got=13 saved=13
2026-05-23 14:55:33,366 INFO [T27] leaf pattern=039949???? got=10 saved=10
2026-05-23 14:55:33,377 INFO [T5] leaf pattern=039722???? got=4 saved=4
2026-05-23 14:55:33,407 INFO [T21] leaf pattern=039944???? got=3 saved=3
2026-05-23 14:55:33,417 INFO [T10] leaf pattern=039945???? got=12 saved=12
2026-05-23 14:55:33,435 INFO [T15] leaf pattern=039721???? got=20 saved=20
2026-05-23 14:55:33,453 INFO [T1] leaf pattern=039948???? got=21 saved=21
2026-05-23 14:55:33,592 INFO [T47] leaf pattern=039723???? got=5 saved=5
2026-05-23 14:55:33,599 INFO [T20] leaf pattern=039947???? got=22 saved=22
2026-05-23 14:55:33,607 INFO [T8] leaf pattern=039720???? got=8 saved=8
2026-05-23 14:55:33,616 INFO [T13] leaf pattern=039724???? got=18 saved=18
2026-05-23 14:55:33,703 INFO [T26] leaf pattern=039728???? got=28 saved=28
2026-05-23 14:55:33,713 INFO [T14] leaf pattern=039966???? got=0 saved=0
2026-05-23 14:55:33,751 INFO [T28] leaf pattern=039960???? got=1 saved=1
2026-05-23 14:55:33,766 INFO [T31] leaf pattern=039727???? got=16 saved=16
2026-05-23 14:55:33,794 INFO [T40] leaf pattern=039962???? got=2 saved=2
2026-05-23 14:55:33,799 INFO [T7] leaf pattern=039729???? got=23 saved=23
2026-05-23 14:55:33,839 INFO [T38] leaf pattern=039965???? got=2 saved=2
2026-05-23 14:55:33,850 INFO [T35] leaf pattern=039963???? got=8 saved=8
2026-05-23 14:55:33,854 INFO [T39] leaf pattern=039964???? got=12 saved=12
2026-05-23 14:55:33,892 INFO [T17] leaf pattern=039967???? got=7 saved=7
2026-05-23 14:55:33,946 INFO [T11] leaf pattern=039726???? got=18 saved=18
2026-05-23 14:55:33,995 INFO [T33] leaf pattern=039969???? got=5 saved=5
2026-05-23 14:55:34,025 INFO [T19] leaf pattern=039772???? got=14 saved=14
2026-05-23 14:55:34,109 INFO [T36] leaf pattern=039771???? got=13 saved=13
2026-05-23 14:55:34,181 INFO [T41] leaf pattern=039968???? got=2 saved=2
2026-05-23 14:55:34,187 INFO [T2] leaf pattern=039773???? got=8 saved=8
2026-05-23 14:55:34,277 INFO [T18] leaf pattern=039774???? got=20 saved=20
2026-05-23 14:55:34,304 INFO [T42] leaf pattern=039961???? got=1 saved=1
2026-05-23 14:55:34,334 INFO [T3] leaf pattern=039770???? got=9 saved=9
2026-05-23 14:55:34,367 INFO [T12] leaf pattern=039776???? got=13 saved=13
2026-05-23 14:55:34,379 INFO [T34] leaf pattern=039777???? got=0 saved=0
2026-05-23 14:55:34,423 INFO [T49] leaf pattern=039775???? got=8 saved=8
2026-05-23 14:55:34,440 INFO [T45] leaf pattern=039778???? got=14 saved=14
2026-05-23 14:55:34,445 INFO [T22] leaf pattern=039779???? got=5 saved=5
2026-05-23 14:55:34,590 INFO [T50] leaf pattern=039781???? got=20 saved=20
2026-05-23 14:55:34,633 INFO [T48] leaf pattern=039780???? got=22 saved=22
2026-05-23 14:55:34,649 INFO [T6] leaf pattern=039725???? got=10 saved=10
2026-05-23 14:55:34,788 INFO [T9] leaf pattern=039782???? got=16 saved=16
2026-05-23 14:55:35,000 INFO [T44] leaf pattern=039783???? got=14 saved=14
2026-05-23 14:55:35,071 INFO [T32] leaf pattern=039784???? got=27 saved=27
2026-05-23 14:55:35,457 INFO [T25] leaf pattern=039786???? got=10 saved=10
2026-05-23 14:55:35,853 INFO [T43] leaf pattern=039785???? got=18 saved=18
2026-05-23 14:55:36,045 INFO [T30] leaf pattern=039269???? got=9 saved=9
2026-05-23 14:55:36,053 INFO [T24] leaf pattern=039788???? got=3 saved=3
2026-05-23 14:55:36,114 INFO [T46] leaf pattern=039789???? got=8 saved=8
2026-05-23 14:55:36,157 INFO [T29] leaf pattern=039971???? got=9 saved=9
2026-05-23 14:55:36,196 INFO [T4] leaf pattern=039970???? got=5 saved=5
2026-05-23 14:55:36,213 INFO [T16] leaf pattern=039787???? got=9 saved=9
2026-05-23 14:55:36,231 INFO [T37] leaf pattern=039972???? got=3 saved=3
2026-05-23 14:55:36,254 INFO [T27] leaf pattern=039974???? got=6 saved=6
2026-05-23 14:55:36,267 INFO [T23] leaf pattern=039973???? got=9 saved=9
2026-05-23 14:55:36,282 INFO [T1] leaf pattern=039979???? got=4 saved=4
2026-05-23 14:55:36,311 INFO [T10] leaf pattern=039977???? got=0 saved=0
2026-05-23 14:55:36,333 INFO [T21] leaf pattern=039976???? got=2 saved=2
2026-05-23 14:55:36,438 INFO [T8] leaf pattern=039742???? got=11 saved=11
2026-05-23 14:55:36,470 INFO [T20] leaf pattern=039741???? got=8 saved=8
2026-05-23 14:55:36,565 INFO [T26] leaf pattern=039744???? got=7 saved=7
2026-05-23 14:55:36,576 INFO [T15] leaf pattern=039978???? got=6 saved=6
2026-05-23 14:55:36,584 INFO [T13] leaf pattern=039743???? got=9 saved=9
2026-05-23 14:55:36,721 INFO [T28] leaf pattern=039746???? got=14 saved=14
2026-05-23 14:55:36,734 INFO [T14] leaf pattern=039745???? got=10 saved=10
2026-05-23 14:55:36,758 INFO [T31] leaf pattern=039747???? got=9 saved=9
2026-05-23 14:55:36,828 INFO [T38] leaf pattern=039711???? got=7 saved=7
2026-05-23 14:55:36,833 INFO [T47] leaf pattern=039740???? got=18 saved=18
2026-05-23 14:55:36,873 INFO [T7] leaf pattern=039749???? got=19 saved=19
2026-05-23 14:55:36,895 INFO [T5] leaf pattern=039975???? got=7 saved=7
2026-05-23 14:55:36,899 INFO [T40] leaf pattern=039748???? got=10 saved=10
2026-05-23 14:55:36,908 INFO [T39] leaf pattern=039710???? got=12 saved=12
2026-05-23 14:55:36,929 INFO [T17] leaf pattern=039713???? got=11 saved=11
2026-05-23 14:55:36,986 INFO [T33] leaf pattern=039715???? got=13 saved=13
2026-05-23 14:55:36,994 INFO [T11] leaf pattern=039714???? got=18 saved=18
2026-05-23 14:55:37,056 INFO [T19] leaf pattern=039716???? got=13 saved=13
2026-05-23 14:55:37,097 INFO [T36] leaf pattern=039717???? got=7 saved=7
2026-05-23 14:55:37,160 INFO [T41] leaf pattern=039718???? got=10 saved=10
2026-05-23 14:55:37,190 INFO [T2] leaf pattern=039719???? got=10 saved=10
2026-05-23 14:55:37,249 INFO [T42] leaf pattern=039761???? got=11 saved=11
2026-05-23 14:55:37,317 INFO [T49] leaf pattern=039765???? got=11 saved=11
2026-05-23 14:55:37,356 INFO [T34] leaf pattern=039764???? got=10 saved=10
2026-05-23 14:55:37,391 INFO [T22] leaf pattern=039767???? got=7 saved=7
2026-05-23 14:55:37,424 INFO [T45] leaf pattern=039766???? got=8 saved=8
2026-05-23 14:55:37,483 INFO [T50] leaf pattern=039768???? got=12 saved=12
2026-05-23 14:55:37,537 INFO [T48] leaf pattern=039769???? got=19 saved=19
2026-05-23 14:55:37,629 INFO [T12] leaf pattern=039763???? got=5 saved=5
2026-05-23 14:55:37,674 INFO [T6] leaf pattern=039730???? got=18 saved=18
2026-05-23 14:55:37,766 INFO [T35] leaf pattern=039712???? got=14 saved=14
2026-05-23 14:55:37,840 INFO [T3] leaf pattern=039762???? got=11 saved=11
2026-05-23 14:55:37,917 INFO [T9] leaf pattern=039731???? got=14 saved=14
2026-05-23 14:55:37,994 INFO [T44] leaf pattern=039732???? got=22 saved=22
2026-05-23 14:55:38,140 INFO [T18] leaf pattern=039760???? got=12 saved=12
2026-05-23 14:55:38,303 INFO [T32] leaf pattern=039733???? got=8 saved=8
2026-05-23 14:55:38,359 INFO [T25] leaf pattern=039734???? got=13 saved=13
2026-05-23 14:55:39,041 INFO [T24] leaf pattern=039737???? got=19 saved=19
2026-05-23 14:55:39,086 INFO [T29] leaf pattern=039739???? got=10 saved=10
2026-05-23 14:55:39,176 INFO [T4] leaf pattern=039700???? got=1 saved=1
2026-05-23 14:55:39,179 INFO [T30] leaf pattern=039736???? got=24 saved=24
2026-05-23 14:55:39,183 INFO [T27] leaf pattern=039703???? got=11 saved=11
2026-05-23 14:55:39,204 INFO [T37] leaf pattern=039702???? got=6 saved=6
2026-05-23 14:55:39,230 INFO [T46] leaf pattern=039738???? got=24 saved=24
2026-05-23 14:55:39,274 INFO [T1] leaf pattern=039705???? got=13 saved=13
2026-05-23 14:55:39,288 INFO [T23] leaf pattern=039704???? got=15 saved=15
2026-05-23 14:55:39,302 INFO [T21] leaf pattern=039707???? got=6 saved=6
2026-05-23 14:55:39,307 INFO [T10] leaf pattern=039706???? got=11 saved=11
2026-05-23 14:55:39,393 INFO [T8] leaf pattern=039708???? got=12 saved=12
2026-05-23 14:55:39,414 INFO [T15] leaf pattern=039601???? got=4 saved=4
2026-05-23 14:55:39,422 INFO [T20] leaf pattern=039709???? got=5 saved=5
2026-05-23 14:55:39,430 INFO [T26] leaf pattern=039600???? got=4 saved=4
2026-05-23 14:55:39,485 INFO [T13] leaf pattern=039602???? got=13 saved=13
2026-05-23 14:55:39,503 INFO [T28] leaf pattern=039603???? got=5 saved=5
2026-05-23 14:55:39,580 INFO [T38] leaf pattern=039606???? got=11 saved=11
2026-05-23 14:55:39,587 INFO [T14] leaf pattern=039604???? got=12 saved=12
2026-05-23 14:55:39,601 INFO [T16] leaf pattern=039701???? got=8 saved=8
2026-05-23 14:55:39,665 INFO [T31] leaf pattern=039605???? got=15 saved=15
2026-05-23 14:55:39,684 INFO [T47] leaf pattern=039607???? got=13 saved=13
2026-05-23 14:55:39,704 INFO [T7] leaf pattern=039608???? got=7 saved=7
2026-05-23 14:55:39,709 INFO [T5] leaf pattern=039609???? got=10 saved=10
2026-05-23 14:55:39,714 INFO [T40] leaf pattern=039610???? got=10 saved=10
2026-05-23 14:55:39,763 INFO [T43] leaf pattern=039735???? got=23 saved=23
2026-05-23 14:55:39,773 INFO [T39] leaf pattern=039611???? got=4 saved=4
2026-05-23 14:55:39,796 INFO [T33] leaf pattern=039613???? got=10 saved=10
2026-05-23 14:55:39,837 INFO [T17] leaf pattern=039612???? got=7 saved=7
2026-05-23 14:55:39,861 INFO [T11] leaf pattern=039614???? got=22 saved=22
2026-05-23 14:55:39,879 INFO [T19] leaf pattern=039615???? got=9 saved=9
2026-05-23 14:55:39,923 INFO [T41] leaf pattern=039617???? got=11 saved=11
2026-05-23 14:55:39,949 INFO [T36] leaf pattern=039616???? got=9 saved=9
2026-05-23 14:55:39,964 INFO [T2] leaf pattern=039618???? got=12 saved=12
2026-05-23 14:55:40,091 INFO [T42] leaf pattern=039619???? got=10 saved=10
2026-05-23 14:55:40,279 INFO [T49] leaf pattern=039630???? got=18 saved=18
2026-05-23 14:55:40,350 INFO [T34] leaf pattern=039631???? got=16 saved=16
2026-05-23 14:55:40,477 INFO [T48] leaf pattern=039635???? got=17 saved=17
2026-05-23 14:55:40,514 INFO [T50] leaf pattern=039634???? got=20 saved=20
2026-05-23 14:55:40,543 INFO [T22] leaf pattern=039632???? got=20 saved=20
2026-05-23 14:55:40,559 INFO [T45] leaf pattern=039633???? got=5 saved=5
2026-05-23 14:55:40,627 INFO [T6] leaf pattern=039637???? got=21 saved=21
2026-05-23 14:55:40,647 INFO [T12] leaf pattern=039636???? got=16 saved=16
2026-05-23 14:55:40,859 INFO [T44] leaf pattern=039651???? got=14 saved=14
2026-05-23 14:55:40,872 INFO [T9] leaf pattern=039650???? got=12 saved=12
2026-05-23 14:55:41,149 INFO [T18] leaf pattern=039652???? got=11 saved=11
2026-05-23 14:55:41,197 INFO [T3] leaf pattern=039639???? got=6 saved=6
2026-05-23 14:55:41,283 INFO [T25] leaf pattern=039654???? got=17 saved=17
2026-05-23 14:55:41,311 INFO [T35] leaf pattern=039638???? got=14 saved=14
2026-05-23 14:55:41,596 INFO [T32] leaf pattern=039653???? got=9 saved=9
2026-05-23 14:55:41,903 INFO [T24] leaf pattern=039655???? got=3 saved=3
2026-05-23 14:55:42,014 INFO [T29] leaf pattern=039656???? got=10 saved=10
2026-05-23 14:55:42,073 INFO [T27] leaf pattern=039659???? got=9 saved=9
2026-05-23 14:55:42,094 INFO [T46] leaf pattern=039661???? got=5 saved=5
2026-05-23 14:55:42,112 INFO [T37] leaf pattern=039660???? got=4 saved=4
2026-05-23 14:55:42,123 INFO [T30] leaf pattern=039658???? got=14 saved=14
2026-05-23 14:55:42,137 INFO [T1] leaf pattern=039662???? got=9 saved=9
2026-05-23 14:55:42,168 INFO [T23] leaf pattern=039663???? got=3 saved=3
2026-05-23 14:55:42,196 INFO [T10] leaf pattern=039665???? got=4 saved=4
2026-05-23 14:55:42,244 INFO [T8] leaf pattern=039666???? got=0 saved=0
2026-05-23 14:55:42,307 INFO [T4] leaf pattern=039657???? got=15 saved=15
2026-05-23 14:55:42,319 INFO [T28] leaf pattern=039951???? got=4 saved=4
2026-05-23 14:55:42,361 INFO [T14] leaf pattern=039953???? got=14 saved=14
2026-05-23 14:55:42,384 INFO [T13] leaf pattern=039950???? got=10 saved=10
2026-05-23 14:55:42,397 INFO [T38] leaf pattern=039952???? got=8 saved=8
2026-05-23 14:55:42,461 INFO [T26] leaf pattern=039669???? got=3 saved=3
2026-05-23 14:55:42,469 INFO [T21] leaf pattern=039664???? got=7 saved=7
2026-05-23 14:55:42,580 INFO [T15] leaf pattern=039667???? got=11 saved=11
2026-05-23 14:55:42,598 INFO [T20] leaf pattern=039668???? got=5 saved=5
2026-05-23 14:55:42,602 INFO [T5] leaf pattern=039958???? got=3 saved=3
2026-05-23 14:55:42,646 INFO [T31] leaf pattern=039955???? got=0 saved=0
2026-05-23 14:55:42,651 INFO [T7] leaf pattern=039957???? got=3 saved=3
2026-05-23 14:55:42,656 INFO [T40] leaf pattern=039959???? got=4 saved=4
2026-05-23 14:55:42,705 INFO [T47] leaf pattern=039956???? got=2 saved=2
2026-05-23 14:55:42,810 INFO [T16] leaf pattern=039954???? got=9 saved=9
2026-05-23 14:55:42,840 INFO [T33] leaf pattern=039672???? got=14 saved=14
2026-05-23 14:55:42,857 INFO [T11] leaf pattern=039674???? got=20 saved=20
2026-05-23 14:55:42,863 INFO [T43] leaf pattern=039670???? got=20 saved=20
2026-05-23 14:55:42,880 INFO [T39] leaf pattern=039671???? got=16 saved=16
2026-05-23 14:55:42,894 INFO [T17] leaf pattern=039673???? got=29 saved=29
2026-05-23 14:55:42,954 INFO [T41] leaf pattern=039676???? got=13 saved=13
2026-05-23 14:55:43,014 INFO [T2] leaf pattern=039678???? got=8 saved=8
2026-05-23 14:55:43,061 INFO [T42] leaf pattern=039679???? got=15 saved=15
2026-05-23 14:55:43,094 INFO [T19] leaf pattern=039675???? got=12 saved=12
2026-05-23 14:55:43,147 INFO [T36] leaf pattern=039677???? got=8 saved=8
2026-05-23 14:55:43,280 INFO [T49] leaf pattern=039690???? got=4 saved=4
2026-05-23 14:55:43,307 INFO [T34] leaf pattern=039691???? got=5 saved=5
2026-05-23 14:55:43,407 INFO [T48] leaf pattern=039692???? got=16 saved=16
2026-05-23 14:55:43,431 INFO [T50] leaf pattern=039693???? got=7 saved=7
2026-05-23 14:55:43,517 INFO [T22] leaf pattern=039694???? got=18 saved=18
2026-05-23 14:55:43,557 INFO [T45] leaf pattern=039695???? got=7 saved=7
2026-05-23 14:55:43,610 INFO [T6] leaf pattern=039696???? got=0 saved=0
2026-05-23 14:55:43,915 INFO [T12] leaf pattern=039697???? got=9 saved=9
2026-05-23 14:55:43,920 INFO [T44] leaf pattern=039698???? got=13 saved=13
2026-05-23 14:55:43,925 INFO [T9] leaf pattern=039699???? got=1 saved=1
2026-05-23 14:55:44,142 INFO [T18] leaf pattern=033200???? got=0 saved=0
2026-05-23 14:55:44,185 INFO [T25] leaf pattern=033202???? got=7 saved=7
2026-05-23 14:55:44,222 INFO [T3] leaf pattern=033201???? got=4 saved=4
2026-05-23 14:55:44,257 INFO [T35] leaf pattern=033203???? got=4 saved=4
2026-05-23 14:55:44,859 INFO [T24] leaf pattern=033205???? got=8 saved=8
2026-05-23 14:55:44,945 INFO [T29] leaf pattern=033206???? got=12 saved=12
2026-05-23 14:55:44,960 INFO [T27] leaf pattern=033207???? got=13 saved=13
2026-05-23 14:55:45,010 INFO [T46] leaf pattern=033208???? got=8 saved=8
2026-05-23 14:55:45,022 INFO [T30] leaf pattern=033210???? got=5 saved=5
2026-05-23 14:55:45,049 INFO [T1] leaf pattern=033211???? got=2 saved=2
2026-05-23 14:55:45,147 INFO [T10] leaf pattern=033213???? got=4 saved=4
2026-05-23 14:55:45,254 INFO [T4] leaf pattern=033215???? got=8 saved=8
2026-05-23 14:55:45,266 INFO [T28] leaf pattern=033216???? got=9 saved=9
2026-05-23 14:55:45,308 INFO [T14] leaf pattern=033217???? got=7 saved=7
2026-05-23 14:55:45,324 INFO [T23] leaf pattern=033212???? got=6 saved=6
2026-05-23 14:55:45,335 INFO [T13] leaf pattern=033218???? got=3 saved=3
2026-05-23 14:55:45,362 INFO [T37] leaf pattern=033209???? got=8 saved=8
2026-05-23 14:55:45,376 INFO [T32] leaf pattern=033204???? got=12 saved=12
2026-05-23 14:55:45,381 INFO [T38] leaf pattern=033219???? got=6 saved=6
2026-05-23 14:55:45,423 INFO [T21] leaf pattern=033241???? got=8 saved=8
2026-05-23 14:55:45,428 INFO [T15] leaf pattern=033242???? got=2 saved=2
2026-05-23 14:55:45,475 INFO [T5] leaf pattern=033244???? got=7 saved=7
2026-05-23 14:55:45,478 INFO [T26] leaf pattern=033240???? got=5 saved=5
2026-05-23 14:55:45,485 INFO [T20] leaf pattern=033243???? got=9 saved=9
2026-05-23 14:55:45,579 INFO [T7] leaf pattern=033246???? got=8 saved=8
2026-05-23 14:55:45,584 INFO [T40] leaf pattern=033247???? got=7 saved=7
2026-05-23 14:55:45,641 INFO [T31] leaf pattern=033245???? got=3 saved=3
2026-05-23 14:55:45,645 INFO [T47] leaf pattern=033248???? got=4 saved=4
2026-05-23 14:55:45,681 INFO [T8] leaf pattern=033214???? got=9 saved=9
2026-05-23 14:55:45,694 INFO [T43] leaf pattern=033252???? got=3 saved=3
2026-05-23 14:55:45,704 INFO [T33] leaf pattern=033249???? got=9 saved=9
2026-05-23 14:55:45,709 INFO [T39] leaf pattern=033253???? got=11 saved=11
2026-05-23 14:55:45,751 INFO [T17] leaf pattern=033254???? got=12 saved=12
2026-05-23 14:55:45,769 INFO [T41] leaf pattern=033255???? got=2 saved=2
2026-05-23 14:55:45,798 INFO [T11] leaf pattern=033250???? got=8 saved=8
2026-05-23 14:55:45,875 INFO [T2] leaf pattern=033256???? got=3 saved=3
2026-05-23 14:55:45,980 INFO [T42] leaf pattern=033257???? got=9 saved=9
2026-05-23 14:55:46,059 INFO [T19] leaf pattern=033258???? got=10 saved=10
2026-05-23 14:55:46,076 INFO [T36] leaf pattern=033259???? got=6 saved=6
2026-05-23 14:55:46,199 INFO [T49] leaf pattern=039640???? got=12 saved=12
2026-05-23 14:55:46,378 INFO [T48] leaf pattern=039642???? got=13 saved=13
2026-05-23 14:55:46,390 INFO [T16] leaf pattern=033251???? got=6 saved=6
2026-05-23 14:55:46,397 INFO [T50] leaf pattern=039643???? got=10 saved=10
2026-05-23 14:55:46,540 INFO [T45] leaf pattern=039645???? got=7 saved=7
2026-05-23 14:55:46,556 INFO [T34] leaf pattern=039641???? got=10 saved=10
2026-05-23 14:55:46,625 INFO [T6] leaf pattern=039646???? got=12 saved=12
2026-05-23 14:55:46,688 INFO [T22] leaf pattern=039644???? got=7 saved=7
2026-05-23 14:55:46,737 INFO [T44] leaf pattern=039648???? got=15 saved=15
2026-05-23 14:55:46,852 INFO [T9] leaf pattern=039649???? got=14 saved=14
2026-05-23 14:55:46,921 INFO [T12] leaf pattern=039647???? got=8 saved=8
2026-05-23 14:55:47,073 INFO [T25] leaf pattern=039621???? got=9 saved=9
2026-05-23 14:55:47,152 INFO [T35] leaf pattern=039623???? got=7 saved=7
2026-05-23 14:55:47,163 INFO [T18] leaf pattern=039620???? got=9 saved=9
2026-05-23 14:55:47,297 INFO [T3] leaf pattern=039622???? got=4 saved=4
2026-05-23 14:55:47,772 INFO [T24] leaf pattern=039624???? got=14 saved=14
2026-05-23 14:55:47,842 INFO [T29] leaf pattern=039625???? got=12 saved=12
2026-05-23 14:55:47,859 INFO [T27] leaf pattern=039626???? got=12 saved=12
2026-05-23 14:55:47,918 INFO [T46] leaf pattern=039627???? got=18 saved=18
2026-05-23 14:55:47,954 INFO [T1] leaf pattern=039629???? got=16 saved=16
2026-05-23 14:55:48,065 INFO [T10] leaf pattern=039340???? got=15 saved=15
2026-05-23 14:55:48,174 INFO [T4] leaf pattern=039341???? got=6 saved=6
2026-05-23 14:55:48,199 INFO [T14] leaf pattern=039343???? got=6 saved=6
2026-05-23 14:55:48,245 INFO [T37] leaf pattern=039346???? got=8 saved=8
2026-05-23 14:55:48,272 INFO [T23] leaf pattern=039344???? got=8 saved=8
2026-05-23 14:55:48,277 INFO [T38] leaf pattern=039348???? got=13 saved=13
2026-05-23 14:55:48,294 INFO [T30] leaf pattern=039628???? got=10 saved=10
2026-05-23 14:55:48,321 INFO [T21] leaf pattern=039349???? got=12 saved=12
2026-05-23 14:55:48,355 INFO [T26] leaf pattern=039682???? got=14 saved=14
2026-05-23 14:55:48,368 INFO [T15] leaf pattern=039680???? got=9 saved=9
2026-05-23 14:55:48,425 INFO [T28] leaf pattern=039342???? got=12 saved=12
2026-05-23 14:55:48,460 INFO [T7] leaf pattern=039685???? got=13 saved=13
2026-05-23 14:55:48,484 INFO [T20] leaf pattern=039683???? got=19 saved=19
2026-05-23 14:55:48,535 INFO [T40] leaf pattern=039684???? got=16 saved=16
2026-05-23 14:55:48,557 INFO [T5] leaf pattern=039681???? got=16 saved=16
2026-05-23 14:55:48,644 INFO [T47] leaf pattern=039687???? got=6 saved=6
2026-05-23 14:55:48,664 INFO [T13] leaf pattern=039345???? got=9 saved=9
2026-05-23 14:55:48,676 INFO [T8] leaf pattern=039311???? got=0 saved=0
2026-05-23 14:55:48,706 INFO [T39] leaf pattern=039688???? got=5 saved=5
2026-05-23 14:55:48,740 INFO [T17] leaf pattern=039312???? got=5 saved=5
2026-05-23 14:55:48,745 INFO [T31] leaf pattern=039686???? got=5 saved=5
2026-05-23 14:55:48,811 INFO [T33] leaf pattern=039310???? got=11 saved=11
2026-05-23 14:55:48,833 INFO [T43] leaf pattern=039689???? got=9 saved=9
2026-05-23 14:55:48,880 INFO [T41] leaf pattern=039313???? got=4 saved=4
2026-05-23 14:55:48,890 INFO [T11] leaf pattern=039314???? got=8 saved=8
2026-05-23 14:55:48,895 INFO [T2] leaf pattern=039315???? got=9 saved=9
2026-05-23 14:55:48,923 INFO [T32] leaf pattern=039347???? got=8 saved=8
2026-05-23 14:55:49,051 INFO [T42] leaf pattern=039316???? got=9 saved=9
2026-05-23 14:55:49,169 INFO [T49] leaf pattern=039319???? got=4 saved=4
2026-05-23 14:55:49,260 INFO [T50] leaf pattern=039332???? got=6 saved=6
2026-05-23 14:55:49,408 INFO [T19] leaf pattern=039317???? got=8 saved=8
2026-05-23 14:55:49,428 INFO [T36] leaf pattern=039318???? got=4 saved=4
2026-05-23 14:55:49,442 INFO [T48] leaf pattern=039330???? got=6 saved=6
2026-05-23 14:55:49,549 INFO [T45] leaf pattern=039333???? got=0 saved=0
2026-05-23 14:55:49,628 INFO [T16] leaf pattern=039331???? got=6 saved=6
2026-05-23 14:55:49,638 INFO [T34] leaf pattern=039334???? got=10 saved=10
2026-05-23 14:55:49,652 INFO [T6] leaf pattern=039335???? got=5 saved=5
2026-05-23 14:55:49,697 INFO [T22] leaf pattern=039336???? got=5 saved=5
2026-05-23 14:55:49,706 INFO [T44] leaf pattern=039337???? got=6 saved=6
2026-05-23 14:55:49,869 INFO [T9] leaf pattern=039338???? got=6 saved=6
2026-05-23 14:55:49,939 INFO [T12] leaf pattern=039339???? got=1 saved=1
2026-05-23 14:55:50,101 INFO [T35] leaf pattern=033291???? got=1 saved=1
2026-05-23 14:55:50,129 INFO [T18] leaf pattern=033292???? got=5 saved=5
2026-05-23 14:55:50,342 INFO [T25] leaf pattern=033290???? got=3 saved=3
2026-05-23 14:55:50,618 INFO [T3] leaf pattern=033293???? got=6 saved=6
2026-05-23 14:55:50,701 INFO [T24] leaf pattern=033294???? got=12 saved=12
2026-05-23 14:55:50,763 INFO [T27] leaf pattern=033296???? got=6 saved=6
2026-05-23 14:55:50,769 INFO [T29] leaf pattern=033295???? got=3 saved=3
2026-05-23 14:55:50,862 INFO [T46] leaf pattern=033297???? got=9 saved=9
2026-05-23 14:55:50,884 INFO [T1] leaf pattern=033298???? got=9 saved=9
2026-05-23 14:55:51,061 INFO [T10] leaf pattern=033299???? got=3 saved=3
2026-05-23 14:55:51,066 INFO [T4] leaf pattern=039300???? got=1 saved=1
2026-05-23 14:55:51,082 INFO [T14] leaf pattern=039301???? got=6 saved=6
2026-05-23 14:55:51,143 INFO [T23] leaf pattern=039303???? got=5 saved=5
2026-05-23 14:55:51,160 INFO [T30] leaf pattern=039305???? got=6 saved=6
2026-05-23 14:55:51,194 INFO [T26] leaf pattern=039307???? got=8 saved=8
2026-05-23 14:55:51,219 INFO [T37] leaf pattern=039302???? got=13 saved=13
2026-05-23 14:55:51,223 INFO [T21] leaf pattern=039306???? got=12 saved=12
2026-05-23 14:55:51,228 INFO [T15] leaf pattern=039308???? got=8 saved=8
2026-05-23 14:55:51,241 INFO [T38] leaf pattern=039304???? got=11 saved=11
2026-05-23 14:55:51,350 INFO [T20] leaf pattern=039361???? got=14 saved=14
2026-05-23 14:55:51,368 INFO [T5] leaf pattern=039362???? got=8 saved=8
2026-05-23 14:55:51,372 INFO [T40] leaf pattern=039363???? got=3 saved=3
2026-05-23 14:55:51,409 INFO [T7] leaf pattern=039360???? got=10 saved=10
2026-05-23 14:55:51,459 INFO [T47] leaf pattern=039364???? got=10 saved=10
2026-05-23 14:55:51,495 INFO [T28] leaf pattern=039309???? got=5 saved=5
2026-05-23 14:55:51,548 INFO [T39] leaf pattern=039367???? got=15 saved=15
2026-05-23 14:55:51,585 INFO [T31] leaf pattern=039369???? got=4 saved=4
2026-05-23 14:55:51,598 INFO [T8] leaf pattern=039366???? got=4 saved=4
2026-05-23 14:55:51,659 INFO [T17] leaf pattern=039368???? got=4 saved=4
2026-05-23 14:55:51,665 INFO [T33] leaf pattern=033260???? got=12 saved=12
2026-05-23 14:55:51,675 INFO [T41] leaf pattern=033264???? got=6 saved=6
2026-05-23 14:55:51,722 INFO [T11] leaf pattern=033262???? got=5 saved=5
2026-05-23 14:55:51,754 INFO [T2] leaf pattern=033263???? got=7 saved=7
2026-05-23 14:55:51,786 INFO [T13] leaf pattern=039365???? got=8 saved=8
2026-05-23 14:55:51,929 INFO [T42] leaf pattern=033266???? got=2 saved=2
2026-05-23 14:55:51,935 INFO [T43] leaf pattern=033261???? got=9 saved=9
2026-05-23 14:55:52,132 INFO [T49] leaf pattern=033267???? got=4 saved=4
2026-05-23 14:55:52,137 INFO [T32] leaf pattern=033265???? got=7 saved=7
2026-05-23 14:55:52,152 INFO [T50] leaf pattern=033268???? got=7 saved=7
2026-05-23 14:55:52,315 INFO [T19] leaf pattern=033269???? got=3 saved=3
2026-05-23 14:55:52,329 INFO [T36] leaf pattern=033280???? got=6 saved=6
2026-05-23 14:55:52,546 INFO [T45] leaf pattern=033282???? got=7 saved=7
2026-05-23 14:55:52,596 INFO [T48] leaf pattern=033281???? got=7 saved=7
2026-05-23 14:55:52,612 INFO [T34] leaf pattern=033284???? got=11 saved=11
2026-05-23 14:55:52,674 INFO [T44] leaf pattern=033287???? got=3 saved=3
2026-05-23 14:55:52,691 INFO [T6] leaf pattern=033285???? got=9 saved=9
2026-05-23 14:55:52,706 INFO [T22] leaf pattern=033286???? got=3 saved=3
2026-05-23 14:55:52,854 INFO [T9] leaf pattern=033288???? got=2 saved=2
2026-05-23 14:55:52,868 INFO [T12] leaf pattern=033289???? got=5 saved=5
2026-05-23 14:55:53,032 INFO [T35] leaf pattern=039320???? got=7 saved=7
2026-05-23 14:55:53,140 INFO [T18] leaf pattern=039321???? got=2 saved=2
2026-05-23 14:55:53,335 INFO [T25] leaf pattern=039322???? got=1 saved=1
2026-05-23 14:55:53,340 INFO [T16] leaf pattern=033283???? got=4 saved=4
2026-05-23 14:55:53,609 INFO [T24] leaf pattern=039324???? got=8 saved=8
2026-05-23 14:55:53,647 INFO [T27] leaf pattern=039325???? got=8 saved=8
2026-05-23 14:55:53,670 INFO [T29] leaf pattern=039326???? got=3 saved=3
2026-05-23 14:55:53,699 INFO [T3] leaf pattern=039323???? got=2 saved=2
2026-05-23 14:55:53,741 INFO [T46] leaf pattern=039327???? got=12 saved=12
2026-05-23 14:55:53,779 INFO [T1] leaf pattern=039328???? got=10 saved=10
2026-05-23 14:55:53,977 INFO [T14] leaf pattern=039371???? got=12 saved=12
2026-05-23 14:55:53,980 INFO [T4] leaf pattern=039370???? got=10 saved=10
2026-05-23 14:55:53,998 INFO [T10] leaf pattern=039329???? got=8 saved=8
2026-05-23 14:55:54,105 INFO [T23] leaf pattern=039372???? got=9 saved=9
2026-05-23 14:55:54,123 INFO [T21] leaf pattern=039376???? got=11 saved=11
2026-05-23 14:55:54,129 INFO [T26] leaf pattern=039374???? got=10 saved=10
2026-05-23 14:55:54,143 INFO [T38] leaf pattern=039378???? got=14 saved=14
2026-05-23 14:55:54,165 INFO [T30] leaf pattern=039373???? got=4 saved=4
2026-05-23 14:55:54,174 INFO [T15] leaf pattern=039377???? got=5 saved=5
2026-05-23 14:55:54,277 INFO [T5] leaf pattern=039350???? got=9 saved=9
2026-05-23 14:55:54,313 INFO [T20] leaf pattern=039379???? got=10 saved=10
2026-05-23 14:55:54,477 INFO [T40] leaf pattern=039351???? got=13 saved=13
2026-05-23 14:55:54,493 INFO [T28] leaf pattern=039354???? got=12 saved=12
2026-05-23 14:55:54,530 INFO [T37] leaf pattern=039375???? got=5 saved=5
2026-05-23 14:55:54,600 INFO [T47] leaf pattern=039353???? got=8 saved=8
2026-05-23 14:55:54,619 INFO [T8] leaf pattern=039357???? got=4 saved=4
2026-05-23 14:55:54,643 INFO [T31] leaf pattern=039356???? got=6 saved=6
2026-05-23 14:55:54,725 INFO [T7] leaf pattern=039352???? got=9 saved=9
2026-05-23 14:55:54,730 INFO [T39] leaf pattern=039355???? got=1 saved=1
2026-05-23 14:55:54,748 INFO [T33] leaf pattern=039359???? got=10 saved=10
2026-05-23 14:55:54,753 INFO [T41] leaf pattern=039380???? got=3 saved=3
2026-05-23 14:55:54,762 INFO [T17] leaf pattern=039358???? got=7 saved=7
2026-05-23 14:55:54,829 INFO [T2] leaf pattern=039382???? got=5 saved=5
2026-05-23 14:55:54,833 INFO [T11] leaf pattern=039381???? got=8 saved=8
2026-05-23 14:55:54,865 INFO [T13] leaf pattern=039383???? got=4 saved=4
2026-05-23 14:55:54,931 INFO [T42] leaf pattern=039385???? got=14 saved=14
2026-05-23 14:55:55,010 INFO [T49] leaf pattern=039386???? got=5 saved=5
2026-05-23 14:55:55,036 INFO [T50] leaf pattern=039388???? got=6 saved=6
2026-05-23 14:55:55,158 INFO [T32] leaf pattern=039387???? got=10 saved=10
2026-05-23 14:55:55,219 INFO [T19] leaf pattern=039389???? got=8 saved=8
2026-05-23 14:55:55,246 INFO [T36] leaf pattern=039800???? got=6 saved=6
2026-05-23 14:55:55,258 INFO [T43] leaf pattern=039384???? got=12 saved=12
2026-05-23 14:55:55,575 INFO [T34] leaf pattern=039803???? got=11 saved=11
2026-05-23 14:55:55,600 INFO [T44] leaf pattern=039804???? got=10 saved=10
2026-05-23 14:55:55,691 INFO [T6] leaf pattern=039805???? got=16 saved=16
2026-05-23 14:55:55,725 INFO [T22] leaf pattern=039806???? got=17 saved=17
2026-05-23 14:55:55,850 INFO [T12] leaf pattern=039808???? got=4 saved=4
2026-05-23 14:55:55,855 INFO [T45] leaf pattern=039801???? got=8 saved=8
2026-05-23 14:55:55,874 INFO [T48] leaf pattern=039802???? got=5 saved=5
2026-05-23 14:55:55,970 INFO [T35] leaf pattern=039809???? got=9 saved=9
2026-05-23 14:55:55,994 INFO [T9] leaf pattern=039807???? got=4 saved=4
2026-05-23 14:55:56,129 INFO [T18] leaf pattern=039810???? got=12 saved=12
2026-05-23 14:55:56,212 INFO [T25] leaf pattern=039811???? got=1 saved=1
2026-05-23 14:55:56,316 INFO [T16] leaf pattern=039812???? got=1 saved=1
2026-05-23 14:55:56,503 INFO [T24] leaf pattern=039813???? got=4 saved=4
2026-05-23 14:55:56,571 INFO [T29] leaf pattern=039815???? got=11 saved=11
2026-05-23 14:55:56,600 INFO [T27] leaf pattern=039814???? got=10 saved=10
2026-05-23 14:55:56,644 INFO [T46] leaf pattern=039817???? got=10 saved=10
2026-05-23 14:55:56,706 INFO [T1] leaf pattern=039818???? got=3 saved=3
2026-05-23 14:55:56,861 INFO [T4] leaf pattern=039830???? got=6 saved=6
2026-05-23 14:55:56,882 INFO [T14] leaf pattern=039819???? got=11 saved=11
2026-05-23 14:55:56,947 INFO [T10] leaf pattern=039831???? got=7 saved=7
2026-05-23 14:55:57,029 INFO [T23] leaf pattern=039832???? got=7 saved=7
2026-05-23 14:55:57,034 INFO [T26] leaf pattern=039834???? got=7 saved=7
2026-05-23 14:55:57,047 INFO [T3] leaf pattern=039816???? got=6 saved=6
2026-05-23 14:55:57,091 INFO [T21] leaf pattern=039833???? got=8 saved=8
2026-05-23 14:55:57,107 INFO [T15] leaf pattern=039837???? got=8 saved=8
2026-05-23 14:55:57,116 INFO [T30] leaf pattern=039836???? got=12 saved=12
2026-05-23 14:55:57,167 INFO [T5] leaf pattern=039838???? got=10 saved=10
2026-05-23 14:55:57,236 INFO [T28] leaf pattern=039821???? got=8 saved=8
2026-05-23 14:55:57,249 INFO [T37] leaf pattern=039822???? got=3 saved=3
2026-05-23 14:55:57,271 INFO [T20] leaf pattern=039839???? got=8 saved=8
2026-05-23 14:55:57,315 INFO [T38] leaf pattern=039835???? got=12 saved=12
2026-05-23 14:55:57,378 INFO [T47] leaf pattern=039823???? got=4 saved=4
2026-05-23 14:55:57,454 INFO [T40] leaf pattern=039820???? got=7 saved=7
2026-05-23 14:55:57,459 INFO [T8] leaf pattern=039825???? got=4 saved=4
2026-05-23 14:55:57,483 INFO [T7] leaf pattern=039826???? got=4 saved=4
2026-05-23 14:55:57,500 INFO [T33] leaf pattern=039828???? got=3 saved=3
2026-05-23 14:55:57,504 INFO [T31] leaf pattern=039824???? got=18 saved=18
2026-05-23 14:55:57,509 INFO [T39] leaf pattern=039827???? got=5 saved=5
2026-05-23 14:55:57,571 INFO [T17] leaf pattern=039840???? got=15 saved=15
2026-05-23 14:55:57,607 INFO [T2] leaf pattern=039841???? got=19 saved=19
2026-05-23 14:55:57,626 INFO [T11] leaf pattern=039842???? got=19 saved=19
2026-05-23 14:55:57,672 INFO [T41] leaf pattern=039829???? got=14 saved=14
2026-05-23 14:55:57,695 INFO [T13] leaf pattern=039843???? got=11 saved=11
2026-05-23 14:55:57,760 INFO [T42] leaf pattern=039844???? got=7 saved=7
2026-05-23 14:55:57,953 INFO [T49] leaf pattern=039845???? got=11 saved=11
2026-05-23 14:55:57,973 INFO [T50] leaf pattern=039846???? got=9 saved=9
2026-05-23 14:55:58,206 INFO [T36] leaf pattern=039849???? got=11 saved=11
2026-05-23 14:55:58,223 INFO [T19] leaf pattern=039848???? got=7 saved=7
2026-05-23 14:55:58,233 INFO [T32] leaf pattern=039847???? got=6 saved=6
2026-05-23 14:55:58,506 INFO [T44] leaf pattern=039852???? got=9 saved=9
2026-05-23 14:55:58,541 INFO [T34] leaf pattern=039851???? got=4 saved=4
2026-05-23 14:55:58,570 INFO [T43] leaf pattern=039850???? got=8 saved=8
2026-05-23 14:55:58,700 INFO [T22] leaf pattern=039854???? got=14 saved=14
2026-05-23 14:55:58,760 INFO [T6] leaf pattern=039853???? got=15 saved=15
2026-05-23 14:55:58,800 INFO [T12] leaf pattern=039855???? got=4 saved=4
2026-05-23 14:55:58,932 INFO [T48] leaf pattern=039857???? got=13 saved=13
2026-05-23 14:55:58,952 INFO [T35] leaf pattern=039858???? got=9 saved=9
2026-05-23 14:55:59,055 INFO [T9] leaf pattern=039859???? got=15 saved=15
2026-05-23 14:55:59,135 INFO [T25] leaf pattern=039861???? got=13 saved=13
2026-05-23 14:55:59,182 INFO [T45] leaf pattern=039856???? got=5 saved=5
2026-05-23 14:55:59,318 INFO [T16] leaf pattern=039862???? got=12 saved=12
2026-05-23 14:55:59,437 INFO [T18] leaf pattern=039860???? got=6 saved=6
2026-05-23 14:55:59,442 INFO [T24] leaf pattern=039863???? got=16 saved=16
2026-05-23 14:55:59,491 INFO [T29] leaf pattern=039864???? got=14 saved=14
2026-05-23 14:55:59,507 INFO [T27] leaf pattern=039865???? got=13 saved=13
2026-05-23 14:55:59,536 INFO [T46] leaf pattern=039866???? got=3 saved=3
2026-05-23 14:55:59,613 INFO [T1] leaf pattern=039867???? got=4 saved=4
2026-05-23 14:55:59,820 INFO [T14] leaf pattern=039869???? got=8 saved=8
2026-05-23 14:55:59,887 INFO [T10] leaf pattern=039890???? got=9 saved=9
2026-05-23 14:55:59,929 INFO [T26] leaf pattern=039892???? got=6 saved=6
2026-05-23 14:55:59,973 INFO [T23] leaf pattern=039891???? got=8 saved=8
2026-05-23 14:55:59,999 INFO [T15] leaf pattern=039895???? got=5 saved=5
2026-05-23 14:56:00,006 INFO [T21] leaf pattern=039894???? got=10 saved=10
2026-05-23 14:56:00,059 INFO [T30] leaf pattern=039896???? got=3 saved=3
2026-05-23 14:56:00,064 INFO [T4] leaf pattern=039868???? got=1 saved=1
2026-05-23 14:56:00,131 INFO [T28] leaf pattern=039898???? got=0 saved=0
2026-05-23 14:56:00,151 INFO [T5] leaf pattern=039897???? got=4 saved=4
2026-05-23 14:56:00,170 INFO [T20] leaf pattern=039870???? got=16 saved=16
2026-05-23 14:56:00,201 INFO [T38] leaf pattern=039871???? got=23 saved=23
2026-05-23 14:56:00,214 INFO [T37] leaf pattern=039899???? got=1 saved=1
2026-05-23 14:56:00,325 INFO [T47] leaf pattern=039872???? got=15 saved=15
2026-05-23 14:56:00,364 INFO [T8] leaf pattern=039874???? got=10 saved=10
2026-05-23 14:56:00,381 INFO [T33] leaf pattern=039876???? got=6 saved=6
2026-05-23 14:56:00,413 INFO [T3] leaf pattern=039893???? got=5 saved=5
2026-05-23 14:56:00,539 INFO [T7] leaf pattern=039875???? got=17 saved=17
2026-05-23 14:56:00,543 INFO [T40] leaf pattern=039873???? got=19 saved=19
2026-05-23 14:56:00,548 INFO [T31] leaf pattern=039877???? got=8 saved=8
2026-05-23 14:56:00,574 INFO [T39] leaf pattern=039878???? got=14 saved=14
2026-05-23 14:56:00,578 INFO [T17] leaf pattern=039879???? got=18 saved=18
2026-05-23 14:56:00,584 INFO [T2] leaf pattern=039530???? got=4 saved=4
2026-05-23 14:56:00,746 INFO [T13] leaf pattern=039533???? got=11 saved=11
2026-05-23 14:56:00,787 INFO [T42] leaf pattern=039534???? got=9 saved=9
2026-05-23 14:56:00,815 INFO [T41] leaf pattern=039532???? got=8 saved=8
2026-05-23 14:56:00,890 INFO [T49] leaf pattern=039535???? got=13 saved=13
2026-05-23 14:56:00,898 INFO [T11] leaf pattern=039531???? got=7 saved=7
2026-05-23 14:56:00,965 INFO [T50] leaf pattern=039536???? got=8 saved=8
2026-05-23 14:56:01,083 INFO [T19] leaf pattern=039538???? got=15 saved=15
2026-05-23 14:56:01,108 INFO [T36] leaf pattern=039537???? got=12 saved=12
2026-05-23 14:56:01,478 INFO [T44] leaf pattern=039510???? got=6 saved=6
2026-05-23 14:56:01,489 INFO [T32] leaf pattern=039539???? got=6 saved=6
2026-05-23 14:56:01,501 INFO [T34] leaf pattern=039511???? got=1 saved=1
2026-05-23 14:56:01,596 INFO [T43] leaf pattern=039512???? got=8 saved=8
2026-05-23 14:56:01,753 INFO [T22] leaf pattern=039513???? got=7 saved=7
2026-05-23 14:56:01,762 INFO [T6] leaf pattern=039514???? got=13 saved=13
2026-05-23 14:56:01,876 INFO [T12] leaf pattern=039515???? got=7 saved=7
2026-05-23 14:56:01,884 INFO [T35] leaf pattern=039517???? got=15 saved=15
2026-05-23 14:56:02,041 INFO [T25] leaf pattern=039519???? got=8 saved=8
2026-05-23 14:56:02,059 INFO [T9] leaf pattern=039518???? got=14 saved=14
2026-05-23 14:56:02,180 INFO [T45] leaf pattern=039880???? got=10 saved=10
2026-05-23 14:56:02,226 INFO [T48] leaf pattern=039516???? got=12 saved=12
2026-05-23 14:56:02,309 INFO [T24] leaf pattern=039883???? got=11 saved=11
2026-05-23 14:56:02,315 INFO [T16] leaf pattern=039881???? got=5 saved=5
2026-05-23 14:56:02,334 INFO [T18] leaf pattern=039882???? got=7 saved=7
2026-05-23 14:56:02,387 INFO [T29] leaf pattern=039884???? got=18 saved=18
2026-05-23 14:56:02,421 INFO [T27] leaf pattern=039885???? got=10 saved=10
2026-05-23 14:56:02,434 INFO [T46] leaf pattern=039886???? got=13 saved=13
2026-05-23 14:56:02,570 INFO [T1] leaf pattern=039887???? got=9 saved=9
2026-05-23 14:56:02,723 INFO [T14] leaf pattern=039888???? got=0 saved=0
2026-05-23 14:56:02,943 INFO [T23] leaf pattern=039501???? got=15 saved=15
2026-05-23 14:56:02,953 INFO [T4] leaf pattern=039505???? got=6 saved=6
2026-05-23 14:56:02,963 INFO [T26] leaf pattern=039500???? got=7 saved=7
2026-05-23 14:56:02,975 INFO [T15] leaf pattern=039502???? got=14 saved=14
2026-05-23 14:56:03,019 INFO [T21] leaf pattern=039503???? got=12 saved=12
2026-05-23 14:56:03,098 INFO [T10] leaf pattern=039889???? got=3 saved=3
2026-05-23 14:56:03,123 INFO [T28] leaf pattern=039506???? got=8 saved=8
2026-05-23 14:56:03,145 INFO [T5] leaf pattern=039507???? got=9 saved=9
2026-05-23 14:56:03,149 INFO [T20] leaf pattern=039508???? got=11 saved=11
2026-05-23 14:56:03,248 INFO [T38] leaf pattern=039509???? got=7 saved=7
2026-05-23 14:56:03,291 INFO [T37] leaf pattern=039550???? got=7 saved=7
2026-05-23 14:56:03,305 INFO [T30] leaf pattern=039504???? got=17 saved=17
2026-05-23 14:56:03,309 INFO [T8] leaf pattern=039552???? got=14 saved=14
2026-05-23 14:56:03,336 INFO [T47] leaf pattern=039551???? got=6 saved=6
2026-05-23 14:56:03,356 INFO [T40] leaf pattern=039556???? got=7 saved=7
2026-05-23 14:56:03,378 INFO [T7] leaf pattern=039555???? got=0 saved=0
2026-05-23 14:56:03,418 INFO [T2] leaf pattern=039540???? got=14 saved=14
2026-05-23 14:56:03,427 INFO [T31] leaf pattern=039557???? got=9 saved=9
2026-05-23 14:56:03,447 INFO [T39] leaf pattern=039558???? got=18 saved=18
2026-05-23 14:56:03,464 INFO [T33] leaf pattern=039553???? got=7 saved=7
2026-05-23 14:56:03,524 INFO [T17] leaf pattern=039559???? got=11 saved=11
2026-05-23 14:56:03,642 INFO [T42] leaf pattern=039542???? got=11 saved=11
2026-05-23 14:56:03,649 INFO [T13] leaf pattern=039541???? got=6 saved=6
2026-05-23 14:56:03,785 INFO [T3] leaf pattern=039554???? got=11 saved=11
2026-05-23 14:56:03,820 INFO [T11] leaf pattern=039545???? got=13 saved=13
2026-05-23 14:56:03,907 INFO [T41] leaf pattern=039543???? got=10 saved=10
2026-05-23 14:56:03,952 INFO [T50] leaf pattern=039546???? got=18 saved=18
2026-05-23 14:56:04,024 INFO [T19] leaf pattern=039547???? got=13 saved=13
2026-05-23 14:56:04,094 INFO [T36] leaf pattern=039548???? got=15 saved=15
2026-05-23 14:56:04,190 INFO [T49] leaf pattern=039544???? got=11 saved=11
2026-05-23 14:56:04,397 INFO [T44] leaf pattern=039549???? got=11 saved=11
2026-05-23 14:56:04,534 INFO [T32] leaf pattern=039580???? got=24 saved=24
2026-05-23 14:56:04,551 INFO [T43] leaf pattern=039582???? got=28 saved=28
2026-05-23 14:56:04,578 INFO [T34] leaf pattern=039581???? got=29 saved=29
2026-05-23 14:56:04,712 INFO [T22] expand pattern=039583???? got=32 ≥ 30 → split into 10 children
2026-05-23 14:56:04,789 INFO [T6] expand pattern=039584???? got=33 ≥ 30 → split into 10 children
2026-05-23 14:56:04,800 INFO [T35] leaf pattern=039586???? got=14 saved=14
2026-05-23 14:56:04,938 INFO [T12] expand pattern=039585???? got=30 ≥ 30 → split into 10 children
2026-05-23 14:56:04,977 INFO [T25] leaf pattern=039587???? got=15 saved=15
2026-05-23 14:56:05,119 INFO [T9] leaf pattern=039588???? got=12 saved=12
2026-05-23 14:56:05,135 WARNING [T18] ec=1 rate limited, rotating IP
2026-05-23 14:56:05,135 INFO [T18] rotate IP 6e79650c → 808afa3d
2026-05-23 14:56:05,145 INFO [T45] leaf pattern=039589???? got=14 saved=14
2026-05-23 14:56:05,159 INFO [T48] leaf pattern=033500???? got=3 saved=3
2026-05-23 14:56:05,209 INFO [T24] leaf pattern=033501???? got=6 saved=6
2026-05-23 14:56:05,264 INFO [T16] leaf pattern=033502???? got=6 saved=6
2026-05-23 14:56:05,452 INFO [T46] leaf pattern=033506???? got=7 saved=7
2026-05-23 14:56:05,461 INFO [T29] leaf pattern=033504???? got=12 saved=12
2026-05-23 14:56:05,481 WARNING [T14] ec=1 rate limited, rotating IP
2026-05-23 14:56:05,481 INFO [T14] rotate IP dbc0a32a → a7dca2f0
2026-05-23 14:56:05,685 INFO [T27] leaf pattern=033505???? got=4 saved=4
2026-05-23 14:56:05,697 INFO [T1] leaf pattern=033507???? got=10 saved=10
2026-05-23 14:56:05,787 INFO [T26] leaf pattern=039561???? got=23 saved=23
2026-05-23 14:56:05,800 INFO [T23] leaf pattern=033509???? got=11 saved=11
2026-05-23 14:56:05,859 INFO [T15] leaf pattern=039562???? got=10 saved=10
2026-05-23 14:56:05,905 INFO [T10] leaf pattern=039564???? got=21 saved=21
2026-05-23 14:56:05,913 INFO [T28] leaf pattern=039565???? got=13 saved=13
2026-05-23 14:56:05,928 INFO [T21] leaf pattern=039563???? got=22 saved=22
2026-05-23 14:56:05,954 INFO [T5] leaf pattern=039566???? got=4 saved=4
2026-05-23 14:56:06,022 INFO [T20] leaf pattern=039567???? got=9 saved=9
2026-05-23 14:56:06,056 INFO [T4] leaf pattern=039560???? got=21 saved=21
2026-05-23 14:56:06,159 INFO [T38] leaf pattern=039568???? got=8 saved=8
2026-05-23 14:56:06,205 INFO [T30] leaf pattern=039591???? got=21 saved=21
2026-05-23 14:56:06,242 INFO [T37] leaf pattern=039569???? got=21 saved=21
2026-05-23 14:56:06,317 INFO [T47] leaf pattern=039592???? got=17 saved=17
2026-05-23 14:56:06,346 INFO [T40] leaf pattern=039593???? got=19 saved=19
2026-05-23 14:56:06,368 INFO [T7] leaf pattern=039594???? got=27 saved=27
2026-05-23 14:56:06,372 INFO [T2] leaf pattern=039595???? got=4 saved=4
2026-05-23 14:56:06,418 INFO [T33] leaf pattern=039598???? got=4 saved=4
2026-05-23 14:56:06,427 INFO [T39] leaf pattern=039597???? got=18 saved=18
2026-05-23 14:56:06,446 INFO [T31] leaf pattern=039596???? got=17 saved=17
2026-05-23 14:56:06,539 INFO [T17] leaf pattern=039599???? got=4 saved=4
2026-05-23 14:56:06,664 INFO [T42] leaf pattern=039520???? got=14 saved=14
2026-05-23 14:56:06,676 INFO [T13] leaf pattern=039521???? got=12 saved=12
2026-05-23 14:56:06,708 INFO [T8] leaf pattern=039590???? got=26 saved=26
2026-05-23 14:56:06,844 INFO [T18] D1N refreshed 32b2820aadb93adb…
2026-05-23 14:56:06,854 INFO [T50] leaf pattern=039525???? got=4 saved=4
2026-05-23 14:56:06,872 INFO [T19] leaf pattern=039526???? got=10 saved=10
2026-05-23 14:56:06,908 INFO [T11] leaf pattern=039523???? got=7 saved=7
2026-05-23 14:56:06,928 INFO [T3] leaf pattern=039522???? got=2 saved=2
2026-05-23 14:56:07,026 INFO [T49] leaf pattern=039528???? got=8 saved=8
2026-05-23 14:56:07,032 INFO [T36] leaf pattern=039527???? got=10 saved=10
2026-05-23 14:56:07,181 INFO [T14] D1N refreshed d2e0316cc86aaef0…
2026-05-23 14:56:07,367 INFO [T44] leaf pattern=039529???? got=10 saved=10
2026-05-23 14:56:07,388 INFO [T41] leaf pattern=039524???? got=19 saved=19
2026-05-23 14:56:07,482 INFO [T34] leaf pattern=033572???? got=5 saved=5
2026-05-23 14:56:07,750 INFO [T22] leaf pattern=033573???? got=5 saved=5
2026-05-23 14:56:07,768 INFO [T6] leaf pattern=033574???? got=7 saved=7
2026-05-23 14:56:07,875 INFO [T25] leaf pattern=033577???? got=1 saved=1
2026-05-23 14:56:07,905 INFO [T12] leaf pattern=033576???? got=6 saved=6
2026-05-23 14:56:08,017 INFO [T35] leaf pattern=033575???? got=3 saved=3
2026-05-23 14:56:08,117 INFO [T24] leaf pattern=033541???? got=6 saved=6
2026-05-23 14:56:08,123 INFO [T43] leaf pattern=033571???? got=10 saved=10
2026-05-23 14:56:08,142 INFO [T45] leaf pattern=033579???? got=5 saved=5
2026-05-23 14:56:08,159 INFO [T9] leaf pattern=033578???? got=6 saved=6
2026-05-23 14:56:08,194 INFO [T32] leaf pattern=033570???? got=3 saved=3
2026-05-23 14:56:08,239 WARNING [T29] ec=1 rate limited, rotating IP
2026-05-23 14:56:08,239 INFO [T29] rotate IP ed9846d3 → 74091968
2026-05-23 14:56:08,352 INFO [T46] leaf pattern=033543???? got=9 saved=9
2026-05-23 14:56:08,432 INFO [T48] leaf pattern=033540???? got=2 saved=2
2026-05-23 14:56:08,483 INFO [T16] leaf pattern=033542???? got=9 saved=9
2026-05-23 14:56:08,572 INFO [T1] leaf pattern=033546???? got=4 saved=4
2026-05-23 14:56:08,598 INFO [T27] leaf pattern=033545???? got=2 saved=2
2026-05-23 14:56:08,677 INFO [T26] leaf pattern=033547???? got=5 saved=5
2026-05-23 14:56:08,713 INFO [T23] leaf pattern=033548???? got=11 saved=11
2026-05-23 14:56:08,843 INFO [T28] leaf pattern=033521???? got=2 saved=2
2026-05-23 14:56:08,848 INFO [T5] leaf pattern=033523???? got=4 saved=4
2026-05-23 14:56:08,908 INFO [T15] leaf pattern=033549???? got=4 saved=4
2026-05-23 14:56:08,949 INFO [T10] leaf pattern=033520???? got=1 saved=1
2026-05-23 14:56:08,968 INFO [T20] leaf pattern=033524???? got=12 saved=12
2026-05-23 14:56:08,986 INFO [T4] leaf pattern=033525???? got=6 saved=6
2026-05-23 14:56:09,110 INFO [T38] leaf pattern=033526???? got=4 saved=4
2026-05-23 14:56:09,166 INFO [T30] leaf pattern=033527???? got=5 saved=5
2026-05-23 14:56:09,182 INFO [T21] leaf pattern=033522???? got=1 saved=1
2026-05-23 14:56:09,209 INFO [T37] leaf pattern=033528???? got=10 saved=10
2026-05-23 14:56:09,281 INFO [T40] leaf pattern=033410???? got=10 saved=10
2026-05-23 14:56:09,317 INFO [T7] leaf pattern=033411???? got=3 saved=3
2026-05-23 14:56:09,334 INFO [T2] leaf pattern=033412???? got=4 saved=4
2026-05-23 14:56:09,346 INFO [T31] leaf pattern=033415???? got=7 saved=7
2026-05-23 14:56:09,366 INFO [T47] leaf pattern=033529???? got=6 saved=6
2026-05-23 14:56:09,394 INFO [T33] leaf pattern=033413???? got=8 saved=8
2026-05-23 14:56:09,492 INFO [T13] leaf pattern=033418???? got=6 saved=6
2026-05-23 14:56:09,496 INFO [T42] leaf pattern=033417???? got=4 saved=4
2026-05-23 14:56:09,501 INFO [T8] leaf pattern=033419???? got=8 saved=8
2026-05-23 14:56:09,628 WARNING [T50] ec=1 rate limited, rotating IP
2026-05-23 14:56:09,628 INFO [T50] rotate IP ea4d240c → 51dc68a7
2026-05-23 14:56:09,761 INFO [T39] leaf pattern=033414???? got=8 saved=8
2026-05-23 14:56:09,769 INFO [T17] leaf pattern=033416???? got=8 saved=8
2026-05-23 14:56:09,781 INFO [T19] leaf pattern=033401???? got=13 saved=13
2026-05-23 14:56:09,878 INFO [T11] leaf pattern=033402???? got=6 saved=6
2026-05-23 14:56:10,031 INFO [T49] leaf pattern=033405???? got=4 saved=4
2026-05-23 14:56:10,102 INFO [T36] leaf pattern=033404???? got=3 saved=3
2026-05-23 14:56:10,123 INFO [T29] D1N refreshed 8a03fc372d8ea2b8…
2026-05-23 14:56:10,318 INFO [T44] leaf pattern=033406???? got=6 saved=6
2026-05-23 14:56:10,331 INFO [T3] leaf pattern=033403???? got=9 saved=9
2026-05-23 14:56:10,374 INFO [T41] leaf pattern=033407???? got=9 saved=9
2026-05-23 14:56:10,601 INFO [T34] leaf pattern=033408???? got=8 saved=8
2026-05-23 14:56:10,664 WARNING [T25] ec=1 rate limited, rotating IP
2026-05-23 14:56:10,664 INFO [T25] rotate IP 4df8c4b5 → ffe8fef0
2026-05-23 14:56:10,749 INFO [T22] leaf pattern=033409???? got=6 saved=6
2026-05-23 14:56:10,812 INFO [T6] leaf pattern=033430???? got=11 saved=11
2026-05-23 14:56:10,860 INFO [T12] leaf pattern=033432???? got=7 saved=7
2026-05-23 14:56:10,902 INFO [T18] leaf pattern=033503???? got=4 saved=4
2026-05-23 14:56:10,996 INFO [T35] leaf pattern=033433???? got=1 saved=1
2026-05-23 14:56:11,151 INFO [T24] leaf pattern=033434???? got=5 saved=5
2026-05-23 14:56:11,165 INFO [T45] leaf pattern=033436???? got=9 saved=9
2026-05-23 14:56:11,178 INFO [T32] leaf pattern=033438???? got=10 saved=10
2026-05-23 14:56:11,187 INFO [T43] leaf pattern=033435???? got=11 saved=11
2026-05-23 14:56:11,271 INFO [T9] leaf pattern=033437???? got=15 saved=15
2026-05-23 14:56:11,298 INFO [T14] leaf pattern=033508???? got=11 saved=11
2026-05-23 14:56:11,355 WARNING [T27] ec=1 rate limited, rotating IP
2026-05-23 14:56:11,355 INFO [T27] rotate IP 390c19fc → f3f9432b
2026-05-23 14:56:11,360 INFO [T46] leaf pattern=033439???? got=9 saved=9
2026-05-23 14:56:11,435 INFO [T50] D1N refreshed 3a97975530fe55a8…
2026-05-23 14:56:11,450 INFO [T16] leaf pattern=033421???? got=6 saved=6
2026-05-23 14:56:11,495 INFO [T48] leaf pattern=033420???? got=12 saved=12
2026-05-23 14:56:11,543 INFO [T1] leaf pattern=033422???? got=2 saved=2
2026-05-23 14:56:11,571 INFO [T26] leaf pattern=033424???? got=9 saved=9
2026-05-23 14:56:11,705 INFO [T28] leaf pattern=033427???? got=11 saved=11
2026-05-23 14:56:11,748 INFO [T5] leaf pattern=033426???? got=13 saved=13
2026-05-23 14:56:11,782 INFO [T15] leaf pattern=033428???? got=6 saved=6
2026-05-23 14:56:11,867 INFO [T4] leaf pattern=033451???? got=10 saved=10
2026-05-23 14:56:11,891 INFO [T20] leaf pattern=033450???? got=8 saved=8
2026-05-23 14:56:11,990 INFO [T38] leaf pattern=033452???? got=6 saved=6
2026-05-23 14:56:11,999 INFO [T10] leaf pattern=033429???? got=17 saved=17
2026-05-23 14:56:12,135 INFO [T21] leaf pattern=033454???? got=4 saved=4
2026-05-23 14:56:12,191 INFO [T40] leaf pattern=033456???? got=0 saved=0
2026-05-23 14:56:12,235 INFO [T37] leaf pattern=033455???? got=2 saved=2
2026-05-23 14:56:12,302 INFO [T47] leaf pattern=033470???? got=15 saved=15
2026-05-23 14:56:12,310 INFO [T7] leaf pattern=033457???? got=8 saved=8
2026-05-23 14:56:12,373 INFO [T25] D1N refreshed 3c56b00d69726b3f…
2026-05-23 14:56:12,373 INFO [T31] leaf pattern=033459???? got=9 saved=9
2026-05-23 14:56:12,423 INFO [T30] leaf pattern=033453???? got=4 saved=4
2026-05-23 14:56:12,448 INFO [T33] leaf pattern=033471???? got=15 saved=15
2026-05-23 14:56:12,455 INFO [T8] leaf pattern=033474???? got=11 saved=11
2026-05-23 14:56:12,543 INFO [T42] leaf pattern=033473???? got=9 saved=9
2026-05-23 14:56:12,593 INFO [T2] leaf pattern=033458???? got=4 saved=4
2026-05-23 14:56:12,634 INFO [T23] leaf pattern=033425???? got=8 saved=8
2026-05-23 14:56:12,675 INFO [T19] leaf pattern=033477???? got=3 saved=3
2026-05-23 14:56:12,683 INFO [T39] leaf pattern=033475???? got=6 saved=6
2026-05-23 14:56:12,729 INFO [T17] leaf pattern=033476???? got=9 saved=9
2026-05-23 14:56:12,896 INFO [T49] leaf pattern=033479???? got=12 saved=12
2026-05-23 14:56:12,943 INFO [T36] leaf pattern=033460???? got=8 saved=8
2026-05-23 14:56:13,207 INFO [T11] leaf pattern=033478???? got=10 saved=10
2026-05-23 14:56:13,257 INFO [T44] leaf pattern=033461???? got=3 saved=3
2026-05-23 14:56:13,275 INFO [T41] leaf pattern=033463???? got=6 saved=6
2026-05-23 14:56:13,679 INFO [T3] leaf pattern=033462???? got=5 saved=5
2026-05-23 14:56:13,759 INFO [T22] leaf pattern=033465???? got=10 saved=10
2026-05-23 14:56:13,922 INFO [T35] leaf pattern=033469???? got=7 saved=7
2026-05-23 14:56:14,012 INFO [T24] leaf pattern=033480???? got=17 saved=17
2026-05-23 14:56:14,073 INFO [T12] leaf pattern=033467???? got=9 saved=9
2026-05-23 14:56:14,195 INFO [T9] leaf pattern=033484???? got=5 saved=5
2026-05-23 14:56:14,224 INFO [T14] leaf pattern=033485???? got=11 saved=11
2026-05-23 14:56:14,237 INFO [T18] leaf pattern=033468???? got=11 saved=11
2026-05-23 14:56:14,251 INFO [T46] leaf pattern=033486???? got=8 saved=8
2026-05-23 14:56:14,286 INFO [T6] leaf pattern=033466???? got=6 saved=6
2026-05-23 14:56:14,296 INFO [T29] leaf pattern=033544???? got=2 saved=2
2026-05-23 14:56:14,321 INFO [T43] leaf pattern=033483???? got=10 saved=10
2026-05-23 14:56:14,334 INFO [T45] leaf pattern=033481???? got=7 saved=7
2026-05-23 14:56:14,434 INFO [T26] leaf pattern=033600???? got=4 saved=4
2026-05-23 14:56:14,468 INFO [T48] leaf pattern=033488???? got=0 saved=0
2026-05-23 14:56:14,492 INFO [T1] leaf pattern=033489???? got=6 saved=6
2026-05-23 14:56:14,533 WARNING [T5] ec=1 rate limited, rotating IP
2026-05-23 14:56:14,533 INFO [T5] rotate IP 761b44a0 → 10f3d153
2026-05-23 14:56:14,605 INFO [T28] leaf pattern=033601???? got=8 saved=8
2026-05-23 14:56:14,759 INFO [T16] leaf pattern=033487???? got=8 saved=8
2026-05-23 14:56:14,763 INFO [T32] leaf pattern=033482???? got=5 saved=5
2026-05-23 14:56:14,798 INFO [T15] leaf pattern=033603???? got=10 saved=10
2026-05-23 14:56:14,820 INFO [T4] leaf pattern=033604???? got=20 saved=20
2026-05-23 14:56:14,925 INFO [T38] leaf pattern=033606???? got=2 saved=2
2026-05-23 14:56:14,962 INFO [T10] leaf pattern=033607???? got=7 saved=7
2026-05-23 14:56:14,981 INFO [T20] leaf pattern=033605???? got=10 saved=10
2026-05-23 14:56:15,093 INFO [T21] leaf pattern=033608???? got=8 saved=8
2026-05-23 14:56:15,097 INFO [T40] leaf pattern=033609???? got=5 saved=5
2026-05-23 14:56:15,147 INFO [T37] leaf pattern=033610???? got=1 saved=1
2026-05-23 14:56:15,150 WARNING [T8] ec=1 rate limited, rotating IP
2026-05-23 14:56:15,150 INFO [T8] rotate IP 540b60bd → b289ed6b
2026-05-23 14:56:15,181 INFO [T47] leaf pattern=033611???? got=2 saved=2
2026-05-23 14:56:15,193 INFO [T7] leaf pattern=033612???? got=4 saved=4
2026-05-23 14:56:15,260 INFO [T33] leaf pattern=033615???? got=4 saved=4
2026-05-23 14:56:15,317 INFO [T30] leaf pattern=033614???? got=6 saved=6
2026-05-23 14:56:15,498 INFO [T2] leaf pattern=033618???? got=9 saved=9
2026-05-23 14:56:15,551 INFO [T50] leaf pattern=033400???? got=3 saved=3
2026-05-23 14:56:15,558 WARNING [T17] ec=1 rate limited, rotating IP
2026-05-23 14:56:15,558 INFO [T17] rotate IP cc866422 → 925873b8
2026-05-23 14:56:15,581 INFO [T23] leaf pattern=033619???? got=4 saved=4
2026-05-23 14:56:15,604 INFO [T19] leaf pattern=033620???? got=7 saved=7
2026-05-23 14:56:15,616 INFO [T39] leaf pattern=033621???? got=10 saved=10
2026-05-23 14:56:15,840 INFO [T49] leaf pattern=033623???? got=8 saved=8
2026-05-23 14:56:15,888 INFO [T36] leaf pattern=033624???? got=10 saved=10
2026-05-23 14:56:16,134 INFO [T44] leaf pattern=033626???? got=8 saved=8
2026-05-23 14:56:16,210 INFO [T41] leaf pattern=033627???? got=12 saved=12
2026-05-23 14:56:16,256 INFO [T11] leaf pattern=033625???? got=11 saved=11
2026-05-23 14:56:16,408 INFO [T5] D1N refreshed 658ca9a3fdfa7bed…
2026-05-23 14:56:16,454 INFO [T25] leaf pattern=033431???? got=7 saved=7
2026-05-23 14:56:16,766 WARNING [T27] ConnectionError attempt=1/3 pattern=033423????: ('Connection aborted.', ConnectionResetError(10054, 'An existing connection was forcibly closed by the remote host', Non
2026-05-23 14:56:16,766 INFO [T27] rotate IP f3f9432b → 5af8c971
2026-05-23 14:56:16,780 INFO [T22] leaf pattern=033629???? got=17 saved=17
2026-05-23 14:56:16,813 WARNING [T24] ec=1 rate limited, rotating IP
2026-05-23 14:56:16,813 INFO [T24] rotate IP 941926ac → 43b4f66b
2026-05-23 14:56:16,936 INFO [T35] leaf pattern=033650???? got=2 saved=2
2026-05-23 14:56:17,065 INFO [T12] leaf pattern=033652???? got=3 saved=3
2026-05-23 14:56:17,084 INFO [T8] D1N refreshed 387a64565a97db35…
2026-05-23 14:56:17,154 INFO [T18] leaf pattern=033655???? got=2 saved=2
2026-05-23 14:56:17,160 INFO [T14] leaf pattern=033654???? got=14 saved=14
2026-05-23 14:56:17,226 INFO [T46] leaf pattern=033656???? got=4 saved=4
2026-05-23 14:56:17,252 INFO [T9] leaf pattern=033653???? got=4 saved=4
2026-05-23 14:56:17,331 INFO [T43] leaf pattern=033659???? got=9 saved=9
2026-05-23 14:56:17,332 INFO [T17] D1N refreshed 2f2aca1a205d9071…
2026-05-23 14:56:17,340 INFO [T29] leaf pattern=033658???? got=12 saved=12
2026-05-23 14:56:17,363 INFO [T6] leaf pattern=033657???? got=14 saved=14
2026-05-23 14:56:17,371 INFO [T45] leaf pattern=033670???? got=6 saved=6
2026-05-23 14:56:17,374 INFO [T26] leaf pattern=033671???? got=2 saved=2
2026-05-23 14:56:17,425 INFO [T1] leaf pattern=033673???? got=4 saved=4
2026-05-23 14:56:17,453 INFO [T48] leaf pattern=033672???? got=5 saved=5
2026-05-23 14:56:17,502 INFO [T28] leaf pattern=033674???? got=5 saved=5
2026-05-23 14:56:17,565 WARNING [T3] ec=1 rate limited, rotating IP
2026-05-23 14:56:17,565 INFO [T3] rotate IP ddd380fe → 41ce362f
2026-05-23 14:56:17,638 INFO [T16] leaf pattern=033675???? got=10 saved=10
2026-05-23 14:56:17,692 INFO [T4] leaf pattern=033678???? got=4 saved=4
2026-05-23 14:56:17,705 INFO [T32] leaf pattern=033676???? got=9 saved=9
2026-05-23 14:56:17,720 INFO [T15] leaf pattern=033677???? got=1 saved=1
2026-05-23 14:56:17,760 WARNING [T20] ec=1 rate limited, rotating IP
2026-05-23 14:56:17,760 INFO [T20] rotate IP e72fa307 → 7b9f5c2b
2026-05-23 14:56:17,866 INFO [T38] leaf pattern=033679???? got=7 saved=7
2026-05-23 14:56:17,911 INFO [T10] leaf pattern=033810???? got=6 saved=6
2026-05-23 14:56:17,983 WARNING [T7] ec=1 rate limited, rotating IP
2026-05-23 14:56:17,983 INFO [T7] rotate IP b8f3002d → 7d86d94f
2026-05-23 14:56:18,015 INFO [T40] leaf pattern=033813???? got=1 saved=1
2026-05-23 14:56:18,120 INFO [T21] leaf pattern=033812???? got=7 saved=7
2026-05-23 14:56:18,142 INFO [T47] leaf pattern=033815???? got=10 saved=10
2026-05-23 14:56:18,182 INFO [T37] leaf pattern=033814???? got=12 saved=12
2026-05-23 14:56:18,259 INFO [T30] leaf pattern=033818???? got=8 saved=8
2026-05-23 14:56:18,304 WARNING [T2] ec=1 rate limited, rotating IP
2026-05-23 14:56:18,304 INFO [T2] rotate IP 293fea73 → eaffd36b
2026-05-23 14:56:18,423 WARNING [T39] ec=1 rate limited, rotating IP
2026-05-23 14:56:18,423 INFO [T39] rotate IP c5af5d81 → 6a1effc5
2026-05-23 14:56:18,495 INFO [T50] leaf pattern=033690???? got=7 saved=7
2026-05-23 14:56:18,504 INFO [T24] D1N refreshed bae1a17364c00410…
2026-05-23 14:56:18,554 INFO [T23] leaf pattern=033691???? got=11 saved=11
2026-05-23 14:56:18,680 WARNING [T36] ec=1 rate limited, rotating IP
2026-05-23 14:56:18,680 INFO [T36] rotate IP 7bc47620 → 8bde0f24
2026-05-23 14:56:18,719 INFO [T19] leaf pattern=033692???? got=9 saved=9
2026-05-23 14:56:18,750 INFO [T49] leaf pattern=033694???? got=12 saved=12
2026-05-23 14:56:19,161 INFO [T44] leaf pattern=033696???? got=5 saved=5
2026-05-23 14:56:19,273 INFO [T11] leaf pattern=033698???? got=6 saved=6
2026-05-23 14:56:19,296 INFO [T3] D1N refreshed 189f2fc573ca9435…
2026-05-23 14:56:19,366 INFO [T25] leaf pattern=033699???? got=1 saved=1
2026-05-23 14:56:19,398 INFO [T41] leaf pattern=033697???? got=9 saved=9
2026-05-23 14:56:19,663 INFO [T20] D1N refreshed 5a378da0ba9defe5…
2026-05-23 14:56:19,674 INFO [T27] D1N refreshed 2473b2af807cebc5…
2026-05-23 14:56:19,781 INFO [T22] leaf pattern=033820???? got=4 saved=4
2026-05-23 14:56:19,786 INFO [T7] D1N refreshed f4399a7f3f3f9550…
2026-05-23 14:56:19,875 INFO [T35] leaf pattern=033821???? got=6 saved=6
2026-05-23 14:56:19,949 WARNING [T46] ec=1 rate limited, rotating IP
2026-05-23 14:56:19,950 INFO [T46] rotate IP 8729992e → 5d989bab
2026-05-23 14:56:20,015 INFO [T12] leaf pattern=033822???? got=4 saved=4
2026-05-23 14:56:20,038 INFO [T18] leaf pattern=033823???? got=2 saved=2
2026-05-23 14:56:20,051 INFO [T14] leaf pattern=033824???? got=11 saved=11
2026-05-23 14:56:20,125 INFO [T2] D1N refreshed e6ec07f9ac4fe1b8…
2026-05-23 14:56:20,132 WARNING [T43] ec=1 rate limited, rotating IP
2026-05-23 14:56:20,132 INFO [T43] rotate IP 5e98e8c1 → ffaa4daf
2026-05-23 14:56:20,211 INFO [T9] leaf pattern=033826???? got=4 saved=4
2026-05-23 14:56:20,238 INFO [T26] leaf pattern=033841???? got=15 saved=15
2026-05-23 14:56:20,297 INFO [T45] leaf pattern=033840???? got=11 saved=11
2026-05-23 14:56:20,309 INFO [T29] leaf pattern=033828???? got=4 saved=4
2026-05-23 14:56:20,384 INFO [T48] leaf pattern=033843???? got=12 saved=12
2026-05-23 14:56:20,392 INFO [T1] leaf pattern=033842???? got=14 saved=14
2026-05-23 14:56:20,408 INFO [T28] leaf pattern=033844???? got=3 saved=3
2026-05-23 14:56:20,581 INFO [T4] leaf pattern=033846???? got=5 saved=5
2026-05-23 14:56:20,593 WARNING [T16] ec=1 rate limited, rotating IP
2026-05-23 14:56:20,594 INFO [T16] rotate IP fb9911b0 → 0c6ad737
2026-05-23 14:56:20,603 INFO [T15] leaf pattern=033848???? got=4 saved=4
2026-05-23 14:56:20,621 WARNING [T38] ec=1 rate limited, rotating IP
2026-05-23 14:56:20,621 INFO [T38] rotate IP ed4ff45a → 9613211e
2026-05-23 14:56:20,625 INFO [T6] leaf pattern=033829???? got=5 saved=5
2026-05-23 14:56:20,711 INFO [T5] leaf pattern=033602???? got=14 saved=14
2026-05-23 14:56:20,765 INFO [T36] D1N refreshed 91b0a6a95bce0d8f…
2026-05-23 14:56:20,821 INFO [T32] leaf pattern=033847???? got=5 saved=5
2026-05-23 14:56:20,864 INFO [T10] leaf pattern=033850???? got=12 saved=12
2026-05-23 14:56:21,021 INFO [T40] leaf pattern=033851???? got=10 saved=10
2026-05-23 14:56:21,053 INFO [T47] leaf pattern=033853???? got=14 saved=14
2026-05-23 14:56:21,085 INFO [T21] leaf pattern=033852???? got=12 saved=12
2026-05-23 14:56:21,164 INFO [T30] leaf pattern=033855???? got=3 saved=3
2026-05-23 14:56:21,211 INFO [T37] leaf pattern=033854???? got=13 saved=13
2026-05-23 14:56:21,227 INFO [T8] leaf pattern=033616???? got=9 saved=9
2026-05-23 14:56:21,399 INFO [T17] leaf pattern=033622???? got=1 saved=1
2026-05-23 14:56:21,412 INFO [T50] leaf pattern=033856???? got=6 saved=6
2026-05-23 14:56:21,447 INFO [T23] leaf pattern=033857???? got=13 saved=13
2026-05-23 14:56:21,583 INFO [T19] leaf pattern=033858???? got=10 saved=10
2026-05-23 14:56:21,685 INFO [T46] D1N refreshed 2ab3c82864dcd0f6…
2026-05-23 14:56:21,686 INFO [T49] leaf pattern=033859???? got=10 saved=10
2026-05-23 14:56:22,010 INFO [T43] D1N refreshed a6602f17ab3787b7…
2026-05-23 14:56:22,123 INFO [T44] leaf pattern=033890???? got=11 saved=11
2026-05-23 14:56:22,244 INFO [T25] leaf pattern=033892???? got=7 saved=7
2026-05-23 14:56:22,259 INFO [T11] leaf pattern=033891???? got=14 saved=14
2026-05-23 14:56:22,282 WARNING [T38] SSLError attempt=1/3 pattern=033849????: HTTPSConnectionPool(host='vietteltelecom.vn', port=443): Max retries exceeded with url: /api/get/sim (Caused by SSLError
2026-05-23 14:56:22,282 INFO [T38] rotate IP 9613211e → 138c8b3a
2026-05-23 14:56:22,349 INFO [T41] leaf pattern=033893???? got=5 saved=5
2026-05-23 14:56:22,398 INFO [T34] leaf pattern=033464???? got=7 saved=7
2026-05-23 14:56:22,556 INFO [T16] D1N refreshed e17f445b94e621dc…
2026-05-23 14:56:22,771 INFO [T31] leaf pattern=033613???? got=7 saved=7
2026-05-23 14:56:22,797 INFO [T42] leaf pattern=033617???? got=9 saved=9
2026-05-23 14:56:22,823 INFO [T33] leaf pattern=033817???? got=10 saved=10
2026-05-23 14:56:23,026 INFO [T24] leaf pattern=033651???? got=2 saved=2
2026-05-23 14:56:23,042 INFO [T35] leaf pattern=033895???? got=5 saved=5
2026-05-23 14:56:23,057 WARNING [T26] ec=1 rate limited, rotating IP
2026-05-23 14:56:23,057 INFO [T26] rotate IP 977b7c6f → 0e6a2b74
2026-05-23 14:56:23,060 INFO [T13] leaf pattern=033472???? got=7 saved=7
2026-05-23 14:56:23,153 INFO [T22] leaf pattern=033894???? got=9 saved=9
2026-05-23 14:56:23,207 WARNING [T28] ec=1 rate limited, rotating IP
2026-05-23 14:56:23,207 INFO [T28] rotate IP ff8e4bc9 → b037c4ec
2026-05-23 14:56:23,289 INFO [T18] leaf pattern=033897???? got=3 saved=3
2026-05-23 14:56:23,341 INFO [T14] leaf pattern=033898???? got=9 saved=9
2026-05-23 14:56:23,365 INFO [T12] leaf pattern=033896???? got=1 saved=1
2026-05-23 14:56:23,523 INFO [T3] leaf pattern=033628???? got=5 saved=5
2026-05-23 14:56:23,563 INFO [T29] leaf pattern=033872???? got=9 saved=9
2026-05-23 14:56:23,619 INFO [T1] leaf pattern=033874???? got=5 saved=5
2026-05-23 14:56:23,638 INFO [T45] leaf pattern=033871???? got=7 saved=7
2026-05-23 14:56:23,646 INFO [T48] leaf pattern=033873???? got=5 saved=5
2026-05-23 14:56:23,684 INFO [T9] leaf pattern=033899???? got=3 saved=3
2026-05-23 14:56:23,712 INFO [T4] leaf pattern=033876???? got=10 saved=10
2026-05-23 14:56:23,807 INFO [T6] leaf pattern=033878???? got=5 saved=5
2026-05-23 14:56:23,832 WARNING [T39] ConnectionError attempt=1/3 pattern=033693????: ('Connection aborted.', ConnectionResetError(10054, 'An existing connection was forcibly closed by the remote host', Non
2026-05-23 14:56:23,832 INFO [T39] rotate IP 6a1effc5 → 381f1427
2026-05-23 14:56:23,842 ERROR [T20] fetch failed pattern=033811????: ec=1 after IP rotation — server-wide rate limit?
2026-05-23 14:56:23,899 INFO [T15] leaf pattern=033877???? got=1 saved=1
2026-05-23 14:56:24,013 INFO [T32] leaf pattern=033910???? got=10 saved=10
2026-05-23 14:56:24,035 INFO [T5] leaf pattern=033879???? got=5 saved=5
2026-05-23 14:56:24,062 INFO [T10] leaf pattern=033911???? got=1 saved=1
2026-05-23 14:56:24,197 INFO [T47] leaf pattern=033913???? got=4 saved=4
2026-05-23 14:56:24,223 INFO [T40] leaf pattern=033912???? got=4 saved=4
2026-05-23 14:56:24,231 INFO [T21] leaf pattern=033914???? got=10 saved=10
2026-05-23 14:56:24,278 INFO [T30] leaf pattern=033915???? got=6 saved=6
2026-05-23 14:56:24,339 INFO [T37] leaf pattern=033916???? got=4 saved=4
2026-05-23 14:56:24,358 INFO [T8] leaf pattern=033917???? got=8 saved=8
2026-05-23 14:56:24,373 INFO [T7] leaf pattern=033816???? got=8 saved=8
2026-05-23 14:56:24,475 INFO [T2] leaf pattern=033819???? got=5 saved=5
2026-05-23 14:56:24,512 INFO [T50] leaf pattern=033919???? got=3 saved=3
2026-05-23 14:56:24,524 INFO [T17] leaf pattern=033918???? got=5 saved=5
2026-05-23 14:56:24,590 INFO [T23] leaf pattern=033900???? got=4 saved=4
2026-05-23 14:56:24,679 INFO [T19] leaf pattern=033901???? got=9 saved=9
2026-05-23 14:56:24,755 INFO [T49] leaf pattern=033902???? got=1 saved=1
2026-05-23 14:56:24,805 INFO [T27] leaf pattern=033423???? got=11 saved=11
2026-05-23 14:56:25,076 INFO [T26] D1N refreshed 5b81fb4debe1bb9e…
2026-05-23 14:56:25,078 INFO [T44] leaf pattern=033903???? got=3 saved=3
2026-05-23 14:56:25,134 INFO [T36] leaf pattern=033695???? got=6 saved=6
2026-05-23 14:56:25,139 INFO [T25] leaf pattern=033904???? got=4 saved=4
2026-05-23 14:56:25,222 INFO [T41] leaf pattern=033906???? got=4 saved=4
2026-05-23 14:56:25,375 INFO [T34] leaf pattern=033907???? got=7 saved=7
2026-05-23 14:56:25,400 INFO [T38] D1N refreshed a72aadc9ae82b030…
2026-05-23 14:56:25,515 INFO [T42] leaf pattern=033950???? got=7 saved=7
2026-05-23 14:56:25,530 INFO [T31] leaf pattern=033908???? got=9 saved=9
2026-05-23 14:56:25,618 INFO [T33] leaf pattern=033909???? got=7 saved=7
2026-05-23 14:56:25,636 INFO [T24] leaf pattern=033951???? got=7 saved=7
2026-05-23 14:56:25,650 INFO [T11] leaf pattern=033905???? got=13 saved=13
2026-05-23 14:56:25,673 INFO [T13] leaf pattern=033952???? got=15 saved=15
2026-05-23 14:56:25,720 INFO [T35] leaf pattern=033954???? got=11 saved=11
2026-05-23 14:56:25,792 INFO [T46] leaf pattern=033825???? got=10 saved=10
2026-05-23 14:56:25,836 INFO [T22] leaf pattern=033953???? got=10 saved=10
2026-05-23 14:56:25,852 INFO [T14] leaf pattern=033956???? got=2 saved=2
2026-05-23 14:56:26,156 INFO [T12] leaf pattern=033957???? got=10 saved=10
2026-05-23 14:56:26,186 INFO [T9] leaf pattern=039574???? got=19 saved=19
2026-05-23 14:56:26,370 INFO [T1] leaf pattern=039570???? got=14 saved=14
2026-05-23 14:56:26,376 INFO [T29] leaf pattern=033958???? got=10 saved=10
2026-05-23 14:56:26,382 INFO [T18] leaf pattern=033955???? got=1 saved=1
2026-05-23 14:56:26,468 INFO [T43] leaf pattern=033827???? got=16 saved=16
2026-05-23 14:56:26,476 INFO [T3] leaf pattern=033959???? got=10 saved=10
2026-05-23 14:56:26,491 INFO [T45] leaf pattern=039571???? got=18 saved=18
2026-05-23 14:56:26,497 INFO [T48] leaf pattern=039572???? got=13 saved=13
2026-05-23 14:56:26,524 INFO [T4] leaf pattern=039573???? got=22 saved=22
2026-05-23 14:56:26,566 INFO [T15] leaf pattern=039578???? got=28 saved=28
2026-05-23 14:56:26,603 INFO [T6] leaf pattern=039575???? got=22 saved=22
2026-05-23 14:56:26,644 INFO [T5] leaf pattern=039576???? got=28 saved=28
2026-05-23 14:56:26,677 WARNING [T20] ec=1 rate limited, rotating IP
2026-05-23 14:56:26,677 INFO [T20] rotate IP 7b9f5c2b → 9a0ca56c
2026-05-23 14:56:26,760 INFO [T10] leaf pattern=039579???? got=23 saved=23
2026-05-23 14:56:26,775 INFO [T39] D1N refreshed a3f822ae02e5ac68…
2026-05-23 14:56:26,898 INFO [T16] leaf pattern=033845???? got=9 saved=9
2026-05-23 14:56:26,942 INFO [T47] leaf pattern=033981???? got=7 saved=7
2026-05-23 14:56:26,971 INFO [T21] leaf pattern=033983???? got=3 saved=3
2026-05-23 14:56:27,015 INFO [T30] leaf pattern=033984???? got=6 saved=6
2026-05-23 14:56:27,044 INFO [T40] leaf pattern=033982???? got=7 saved=7
2026-05-23 14:56:27,068 INFO [T32] leaf pattern=039577???? got=14 saved=14
2026-05-23 14:56:27,086 INFO [T8] leaf pattern=033986???? got=5 saved=5
2026-05-23 14:56:27,101 INFO [T7] leaf pattern=033987???? got=5 saved=5
2026-05-23 14:56:27,126 INFO [T37] leaf pattern=033985???? got=4 saved=4
2026-05-23 14:56:27,227 INFO [T50] leaf pattern=033989???? got=2 saved=2
2026-05-23 14:56:27,301 INFO [T2] leaf pattern=033988???? got=2 saved=2
2026-05-23 14:56:27,413 INFO [T23] leaf pattern=033941???? got=6 saved=6
2026-05-23 14:56:27,488 INFO [T19] leaf pattern=033942???? got=7 saved=7
2026-05-23 14:56:27,523 INFO [T17] leaf pattern=033940???? got=10 saved=10
2026-05-23 14:56:27,547 INFO [T49] leaf pattern=033943???? got=3 saved=3
2026-05-23 14:56:27,678 INFO [T27] leaf pattern=033944???? got=1 saved=1
2026-05-23 14:56:27,987 INFO [T44] leaf pattern=033945???? got=3 saved=3
2026-05-23 14:56:28,056 INFO [T36] leaf pattern=033946???? got=4 saved=4
2026-05-23 14:56:28,069 INFO [T25] leaf pattern=033947???? got=11 saved=11
2026-05-23 14:56:28,207 INFO [T41] leaf pattern=033948???? got=5 saved=5
2026-05-23 14:56:28,445 INFO [T20] D1N refreshed 9daf4ebaacfde9ef…
2026-05-23 14:56:28,476 INFO [T42] leaf pattern=033970???? got=6 saved=6
2026-05-23 14:56:28,494 INFO [T31] leaf pattern=033971???? got=7 saved=7
2026-05-23 14:56:28,622 WARNING [T28] ConnectionError attempt=1/3 pattern=033875????: ('Connection aborted.', ConnectionResetError(10054, 'An existing connection was forcibly closed by the remote host', Non
2026-05-23 14:56:28,622 INFO [T28] rotate IP b037c4ec → 81fbac3c
2026-05-23 14:56:28,631 INFO [T24] leaf pattern=033973???? got=9 saved=9
2026-05-23 14:56:28,641 INFO [T11] leaf pattern=033974???? got=15 saved=15
2026-05-23 14:56:28,726 INFO [T35] leaf pattern=033976???? got=5 saved=5
2026-05-23 14:56:28,746 INFO [T13] leaf pattern=033975???? got=4 saved=4
2026-05-23 14:56:28,760 INFO [T14] leaf pattern=033979???? got=0 saved=0
2026-05-23 14:56:28,810 INFO [T33] leaf pattern=033972???? got=1 saved=1
2026-05-23 14:56:28,822 INFO [T46] leaf pattern=033977???? got=2 saved=2
2026-05-23 14:56:28,874 INFO [T22] leaf pattern=033978???? got=9 saved=9
2026-05-23 14:56:29,090 INFO [T26] leaf pattern=033870???? got=4 saved=4
2026-05-23 14:56:29,108 INFO [T18] leaf pattern=033704???? got=13 saved=13
2026-05-23 14:56:29,121 INFO [T12] leaf pattern=033700???? got=3 saved=3
2026-05-23 14:56:29,167 INFO [T9] leaf pattern=033701???? got=8 saved=8
2026-05-23 14:56:29,208 INFO [T29] leaf pattern=033703???? got=10 saved=10
2026-05-23 14:56:29,254 INFO [T48] leaf pattern=033708???? got=16 saved=16
2026-05-23 14:56:29,280 WARNING [T15] ec=1 rate limited, rotating IP
2026-05-23 14:56:29,280 INFO [T15] rotate IP bcf33700 → 3dab43c0
2026-05-23 14:56:29,296 INFO [T3] leaf pattern=033705???? got=8 saved=8
2026-05-23 14:56:29,314 INFO [T4] leaf pattern=033709???? got=8 saved=8
2026-05-23 14:56:29,371 INFO [T43] leaf pattern=033706???? got=14 saved=14
2026-05-23 14:56:29,470 INFO [T1] leaf pattern=033702???? got=13 saved=13
2026-05-23 14:56:29,486 INFO [T45] leaf pattern=033707???? got=5 saved=5
2026-05-23 14:56:29,555 INFO [T38] leaf pattern=033849???? got=10 saved=10
2026-05-23 14:56:29,587 INFO [T5] leaf pattern=033722???? got=4 saved=4
2026-05-23 14:56:29,816 INFO [T10] leaf pattern=033723???? got=8 saved=8
2026-05-23 14:56:29,855 INFO [T6] leaf pattern=033721???? got=11 saved=11
2026-05-23 14:56:29,939 WARNING [T37] ec=1 rate limited, rotating IP
2026-05-23 14:56:29,939 INFO [T37] rotate IP a2a34f20 → 4884f8d0
2026-05-23 14:56:29,992 INFO [T30] leaf pattern=033727???? got=11 saved=11
2026-05-23 14:56:30,009 INFO [T16] leaf pattern=033724???? got=15 saved=15
2026-05-23 14:56:30,014 INFO [T21] leaf pattern=033726???? got=15 saved=15
2026-05-23 14:56:30,019 INFO [T47] leaf pattern=033725???? got=10 saved=10
2026-05-23 14:56:30,060 INFO [T8] leaf pattern=033740???? got=8 saved=8
2026-05-23 14:56:30,086 INFO [T34] leaf pattern=033949???? got=9 saved=9
2026-05-23 14:56:30,125 INFO [T7] leaf pattern=033741???? got=2 saved=2
2026-05-23 14:56:30,145 INFO [T40] leaf pattern=033728???? got=2 saved=2
2026-05-23 14:56:30,179 INFO [T50] leaf pattern=033743???? got=7 saved=7
2026-05-23 14:56:30,282 INFO [T2] leaf pattern=033744???? got=4 saved=4
2026-05-23 14:56:30,340 INFO [T23] leaf pattern=033745???? got=11 saved=11
2026-05-23 14:56:30,349 INFO [T19] leaf pattern=033746???? got=17 saved=17
2026-05-23 14:56:30,368 INFO [T17] leaf pattern=033747???? got=5 saved=5
2026-05-23 14:56:30,581 INFO [T49] leaf pattern=033748???? got=15 saved=15
2026-05-23 14:56:30,907 INFO [T44] leaf pattern=033790???? got=6 saved=6
2026-05-23 14:56:30,929 INFO [T27] leaf pattern=033749???? got=17 saved=17
2026-05-23 14:56:30,942 INFO [T39] leaf pattern=033693???? got=9 saved=9
2026-05-23 14:56:30,964 INFO [T36] leaf pattern=033791???? got=3 saved=3
2026-05-23 14:56:31,054 INFO [T25] leaf pattern=033792???? got=9 saved=9
2026-05-23 14:56:31,186 INFO [T41] leaf pattern=033793???? got=2 saved=2
2026-05-23 14:56:31,337 INFO [T32] leaf pattern=033729???? got=6 saved=6
2026-05-23 14:56:31,469 INFO [T42] leaf pattern=033794???? got=15 saved=15
2026-05-23 14:56:31,486 INFO [T24] leaf pattern=033796???? got=10 saved=10
2026-05-23 14:56:31,585 INFO [T35] leaf pattern=033798???? got=9 saved=9
2026-05-23 14:56:31,638 INFO [T14] leaf pattern=033780???? got=11 saved=11
2026-05-23 14:56:31,667 INFO [T31] leaf pattern=033795???? got=10 saved=10
2026-05-23 14:56:31,672 INFO [T13] leaf pattern=033799???? got=4 saved=4
2026-05-23 14:56:31,696 INFO [T46] leaf pattern=033782???? got=8 saved=8
2026-05-23 14:56:31,713 INFO [T11] leaf pattern=033797???? got=8 saved=8
2026-05-23 14:56:31,748 INFO [T33] leaf pattern=033781???? got=16 saved=16
2026-05-23 14:56:31,912 INFO [T22] leaf pattern=033783???? got=3 saved=3
2026-05-23 14:56:32,015 INFO [T18] leaf pattern=033785???? got=11 saved=11
2026-05-23 14:56:32,073 INFO [T26] leaf pattern=033784???? got=17 saved=17
2026-05-23 14:56:32,102 INFO [T12] leaf pattern=033786???? got=7 saved=7
2026-05-23 14:56:32,122 INFO [T9] leaf pattern=033787???? got=4 saved=4
2026-05-23 14:56:32,229 INFO [T48] leaf pattern=033789???? got=4 saved=4
2026-05-23 14:56:32,233 INFO [T4] leaf pattern=033751???? got=13 saved=13
2026-05-23 14:56:32,237 INFO [T3] leaf pattern=033750???? got=13 saved=13
2026-05-23 14:56:32,338 INFO [T43] leaf pattern=033752???? got=13 saved=13
2026-05-23 14:56:32,401 INFO [T1] leaf pattern=033753???? got=19 saved=19
2026-05-23 14:56:32,434 INFO [T15] D1N refreshed 0b9cf3dc6dcdfea0…
2026-05-23 14:56:32,455 INFO [T45] leaf pattern=033754???? got=18 saved=18
2026-05-23 14:56:32,478 INFO [T29] leaf pattern=033788???? got=2 saved=2
2026-05-23 14:56:32,502 INFO [T38] leaf pattern=033755???? got=7 saved=7
2026-05-23 14:56:32,542 INFO [T5] leaf pattern=033756???? got=9 saved=9
2026-05-23 14:56:32,558 INFO [T20] leaf pattern=033980???? got=6 saved=6
2026-05-23 14:56:32,617 INFO [T28] D1N refreshed e7f289e09b42ec97…
2026-05-23 14:56:32,681 INFO [T10] leaf pattern=033757???? got=10 saved=10
2026-05-23 14:56:32,774 INFO [T6] leaf pattern=033758???? got=13 saved=13
2026-05-23 14:56:32,786 INFO [T47] leaf pattern=033962???? got=5 saved=5
2026-05-23 14:56:32,817 INFO [T21] leaf pattern=033961???? got=6 saved=6
2026-05-23 14:56:32,830 INFO [T16] leaf pattern=033960???? got=11 saved=11
2026-05-23 14:56:32,927 INFO [T40] leaf pattern=033966???? got=4 saved=4
2026-05-23 14:56:32,958 INFO [T8] leaf pattern=033963???? got=12 saved=12
2026-05-23 14:56:32,964 INFO [T7] leaf pattern=033965???? got=13 saved=13
2026-05-23 14:56:32,975 INFO [T34] leaf pattern=033964???? got=14 saved=14
2026-05-23 14:56:33,094 INFO [T50] leaf pattern=033967???? got=6 saved=6
2026-05-23 14:56:33,153 INFO [T30] leaf pattern=033759???? got=15 saved=15
2026-05-23 14:56:33,264 INFO [T19] leaf pattern=033760???? got=13 saved=13
2026-05-23 14:56:33,277 INFO [T17] leaf pattern=033761???? got=19 saved=19
2026-05-23 14:56:33,318 INFO [T2] leaf pattern=033968???? got=3 saved=3
2026-05-23 14:56:33,331 INFO [T23] leaf pattern=033969???? got=1 saved=1
2026-05-23 14:56:33,787 INFO [T49] leaf pattern=033762???? got=16 saved=16
2026-05-23 14:56:33,844 INFO [T44] leaf pattern=033763???? got=9 saved=9
2026-05-23 14:56:33,866 INFO [T39] leaf pattern=033765???? got=5 saved=5
2026-05-23 14:56:33,872 INFO [T27] leaf pattern=033764???? got=12 saved=12
2026-05-23 14:56:33,892 INFO [T36] leaf pattern=033766???? got=0 saved=0
2026-05-23 14:56:33,896 INFO [T25] leaf pattern=033767???? got=3 saved=3
2026-05-23 14:56:34,106 INFO [T41] leaf pattern=033768???? got=3 saved=3
2026-05-23 14:56:34,387 INFO [T24] leaf pattern=033711???? got=1 saved=1
2026-05-23 14:56:34,472 INFO [T32] leaf pattern=033769???? got=2 saved=2
2026-05-23 14:56:34,493 INFO [T42] leaf pattern=033710???? got=5 saved=5
2026-05-23 14:56:34,566 INFO [T35] leaf pattern=033712???? got=8 saved=8
2026-05-23 14:56:34,653 INFO [T31] leaf pattern=033714???? got=9 saved=9
2026-05-23 14:56:34,656 INFO [T46] leaf pattern=033716???? got=5 saved=5
2026-05-23 14:56:34,674 INFO [T11] leaf pattern=033717???? got=4 saved=4
2026-05-23 14:56:34,703 INFO [T33] leaf pattern=033718???? got=7 saved=7
2026-05-23 14:56:34,854 INFO [T22] leaf pattern=033719???? got=3 saved=3
2026-05-23 14:56:34,858 INFO [T13] leaf pattern=033715???? got=8 saved=8
2026-05-23 14:56:34,947 INFO [T18] leaf pattern=038500???? got=2 saved=2
2026-05-23 14:56:34,974 INFO [T26] leaf pattern=038501???? got=8 saved=8
2026-05-23 14:56:34,993 WARNING [T4] ec=1 rate limited, rotating IP
2026-05-23 14:56:34,993 INFO [T4] rotate IP e5214a36 → a6d10907
2026-05-23 14:56:35,071 INFO [T12] leaf pattern=038502???? got=19 saved=19
2026-05-23 14:56:35,173 INFO [T3] leaf pattern=038506???? got=5 saved=5
2026-05-23 14:56:35,182 INFO [T9] leaf pattern=038503???? got=17 saved=17
2026-05-23 14:56:35,198 INFO [T48] leaf pattern=038504???? got=10 saved=10
2026-05-23 14:56:35,279 INFO [T1] leaf pattern=038508???? got=7 saved=7
2026-05-23 14:56:35,291 INFO [T43] leaf pattern=038507???? got=15 saved=15
2026-05-23 14:56:35,358 WARNING [T37] ConnectionError attempt=1/3 pattern=033742????: ('Connection aborted.', ConnectionResetError(10054, 'An existing connection was forcibly closed by the remote host', Non
2026-05-23 14:56:35,358 INFO [T37] rotate IP 4884f8d0 → cf321b73
2026-05-23 14:56:35,406 INFO [T29] leaf pattern=038520???? got=10 saved=10
2026-05-23 14:56:35,447 INFO [T45] leaf pattern=038509???? got=5 saved=5
2026-05-23 14:56:35,481 INFO [T5] leaf pattern=038522???? got=7 saved=7
2026-05-23 14:56:35,486 INFO [T38] leaf pattern=038521???? got=19 saved=19
2026-05-23 14:56:35,518 INFO [T20] leaf pattern=038523???? got=14 saved=14
2026-05-23 14:56:35,617 INFO [T10] leaf pattern=038524???? got=7 saved=7
2026-05-23 14:56:35,795 INFO [T21] leaf pattern=038527???? got=10 saved=10
2026-05-23 14:56:35,805 INFO [T6] leaf pattern=038525???? got=14 saved=14
2026-05-23 14:56:35,844 INFO [T47] leaf pattern=038526???? got=6 saved=6
2026-05-23 14:56:35,863 INFO [T7] leaf pattern=038511???? got=5 saved=5
2026-05-23 14:56:35,898 INFO [T40] leaf pattern=038529???? got=12 saved=12
2026-05-23 14:56:35,957 INFO [T8] leaf pattern=038510???? got=9 saved=9
2026-05-23 14:56:36,028 INFO [T16] leaf pattern=038528???? got=7 saved=7
2026-05-23 14:56:36,038 INFO [T50] leaf pattern=038513???? got=10 saved=10
2026-05-23 14:56:36,095 INFO [T30] leaf pattern=038514???? got=12 saved=12
2026-05-23 14:56:36,172 INFO [T17] leaf pattern=038516???? got=12 saved=12
2026-05-23 14:56:36,187 INFO [T19] leaf pattern=038515???? got=11 saved=11
2026-05-23 14:56:36,262 INFO [T23] leaf pattern=038518???? got=6 saved=6
2026-05-23 14:56:36,655 WARNING [T49] ec=1 rate limited, rotating IP
2026-05-23 14:56:36,655 INFO [T49] rotate IP 8fc60f64 → 227b34de
2026-05-23 14:56:36,721 INFO [T4] D1N refreshed 70174e555b03fb56…
2026-05-23 14:56:36,773 INFO [T25] leaf pattern=038544???? got=8 saved=8
2026-05-23 14:56:36,781 INFO [T27] leaf pattern=038542???? got=10 saved=10
2026-05-23 14:56:36,799 INFO [T39] leaf pattern=038541???? got=3 saved=3
2026-05-23 14:56:36,906 INFO [T36] leaf pattern=038543???? got=7 saved=7
2026-05-23 14:56:36,998 INFO [T44] leaf pattern=038540???? got=10 saved=10
2026-05-23 14:56:37,170 INFO [T41] leaf pattern=038545???? got=16 saved=16
2026-05-23 14:56:37,359 INFO [T24] leaf pattern=038546???? got=19 saved=19
2026-05-23 14:56:37,412 INFO [T28] leaf pattern=033875???? got=9 saved=9
2026-05-23 14:56:37,470 INFO [T35] leaf pattern=038549???? got=16 saved=16
2026-05-23 14:56:37,495 INFO [T46] leaf pattern=038551???? got=12 saved=12
2026-05-23 14:56:37,507 INFO [T32] leaf pattern=038547???? got=16 saved=16
2026-05-23 14:56:37,532 INFO [T31] leaf pattern=038550???? got=11 saved=11
2026-05-23 14:56:37,615 INFO [T33] leaf pattern=038553???? got=13 saved=13
2026-05-23 14:56:37,654 INFO [T11] leaf pattern=038552???? got=5 saved=5
2026-05-23 14:56:37,784 INFO [T13] leaf pattern=038555???? got=0 saved=0
2026-05-23 14:56:37,813 INFO [T18] leaf pattern=038556???? got=9 saved=9
2026-05-23 14:56:37,851 INFO [T22] leaf pattern=038554???? got=16 saved=16
2026-05-23 14:56:37,871 INFO [T26] leaf pattern=038557???? got=12 saved=12
2026-05-23 14:56:37,916 INFO [T15] leaf pattern=033720???? got=13 saved=13
2026-05-23 14:56:38,093 INFO [T48] leaf pattern=038530???? got=6 saved=6
2026-05-23 14:56:38,097 INFO [T3] leaf pattern=038559???? got=3 saved=3
2026-05-23 14:56:38,102 INFO [T12] leaf pattern=038558???? got=7 saved=7
2026-05-23 14:56:38,126 INFO [T9] leaf pattern=038531???? got=13 saved=13
2026-05-23 14:56:38,157 INFO [T37] D1N refreshed 11435a803b004c3f…
2026-05-23 14:56:38,233 INFO [T43] leaf pattern=038533???? got=7 saved=7
2026-05-23 14:56:38,243 INFO [T1] leaf pattern=038532???? got=9 saved=9
2026-05-23 14:56:38,295 INFO [T2] leaf pattern=038517???? got=16 saved=16
2026-05-23 14:56:38,366 INFO [T29] leaf pattern=038534???? got=11 saved=11
2026-05-23 14:56:38,401 INFO [T20] leaf pattern=038538???? got=4 saved=4
2026-05-23 14:56:38,418 INFO [T42] leaf pattern=038548???? got=16 saved=16
2026-05-23 14:56:38,423 INFO [T38] leaf pattern=038537???? got=13 saved=13
2026-05-23 14:56:38,544 INFO [T5] leaf pattern=038536???? got=7 saved=7
2026-05-23 14:56:38,550 INFO [T45] leaf pattern=038535???? got=9 saved=9
2026-05-23 14:56:38,604 INFO [T34] leaf pattern=038512???? got=6 saved=6
2026-05-23 14:56:38,615 INFO [T10] leaf pattern=038539???? got=7 saved=7
2026-05-23 14:56:38,655 INFO [T21] leaf pattern=038560???? got=16 saved=16
2026-05-23 14:56:38,803 INFO [T47] leaf pattern=038562???? got=10 saved=10
2026-05-23 14:56:38,834 INFO [T40] leaf pattern=038564???? got=10 saved=10
2026-05-23 14:56:38,847 INFO [T6] leaf pattern=038561???? got=9 saved=9
2026-05-23 14:56:38,907 INFO [T8] leaf pattern=038565???? got=7 saved=7
2026-05-23 14:56:38,942 INFO [T50] leaf pattern=038567???? got=8 saved=8
2026-05-23 14:56:38,986 INFO [T7] leaf pattern=038563???? got=17 saved=17
2026-05-23 14:56:39,006 INFO [T30] leaf pattern=038568???? got=9 saved=9
2026-05-23 14:56:39,027 INFO [T14] leaf pattern=033713???? got=2 saved=2
2026-05-23 14:56:39,093 INFO [T17] leaf pattern=038569???? got=12 saved=12
2026-05-23 14:56:39,184 INFO [T19] leaf pattern=038580???? got=8 saved=8
2026-05-23 14:56:39,260 INFO [T23] leaf pattern=038581???? got=9 saved=9
2026-05-23 14:56:39,558 INFO [T16] leaf pattern=038566???? got=3 saved=3
2026-05-23 14:56:39,744 INFO [T39] leaf pattern=038584???? got=12 saved=12
2026-05-23 14:56:39,846 INFO [T36] leaf pattern=038585???? got=2 saved=2
2026-05-23 14:56:39,921 INFO [T44] leaf pattern=038586???? got=5 saved=5
2026-05-23 14:56:39,977 INFO [T25] leaf pattern=038582???? got=6 saved=6
2026-05-23 14:56:40,092 INFO [T41] leaf pattern=038587???? got=10 saved=10
2026-05-23 14:56:40,177 INFO [T27] leaf pattern=038583???? got=10 saved=10
2026-05-23 14:56:40,232 INFO [T24] leaf pattern=038588???? got=3 saved=3
2026-05-23 14:56:40,400 INFO [T28] leaf pattern=038589???? got=11 saved=11
2026-05-23 14:56:40,424 INFO [T46] leaf pattern=038571???? got=10 saved=10
2026-05-23 14:56:40,461 INFO [T35] leaf pattern=038570???? got=8 saved=8
2026-05-23 14:56:40,482 INFO [T31] leaf pattern=038573???? got=8 saved=8
2026-05-23 14:56:40,559 INFO [T33] leaf pattern=038574???? got=22 saved=22
2026-05-23 14:56:40,637 INFO [T11] leaf pattern=038575???? got=8 saved=8
2026-05-23 14:56:40,711 INFO [T13] leaf pattern=038576???? got=10 saved=10
2026-05-23 14:56:40,724 INFO [T18] leaf pattern=038577???? got=4 saved=4
2026-05-23 14:56:40,799 INFO [T26] leaf pattern=038579???? got=10 saved=10
2026-05-23 14:56:40,809 INFO [T4] leaf pattern=038505???? got=11 saved=11
2026-05-23 14:56:40,885 INFO [T22] leaf pattern=038578???? got=12 saved=12
2026-05-23 14:56:40,892 INFO [T15] leaf pattern=038590???? got=7 saved=7
2026-05-23 14:56:40,969 INFO [T3] leaf pattern=038592???? got=11 saved=11
2026-05-23 14:56:40,987 INFO [T48] leaf pattern=038591???? got=12 saved=12
2026-05-23 14:56:41,092 INFO [T12] leaf pattern=038593???? got=17 saved=17
2026-05-23 14:56:41,134 INFO [T9] leaf pattern=038594???? got=18 saved=18
2026-05-23 14:56:41,168 INFO [T1] leaf pattern=038596???? got=24 saved=24
2026-05-23 14:56:41,183 INFO [T43] leaf pattern=038595???? got=13 saved=13
2026-05-23 14:56:41,192 INFO [T2] leaf pattern=038597???? got=15 saved=15
2026-05-23 14:56:41,283 INFO [T29] leaf pattern=038598???? got=10 saved=10
2026-05-23 14:56:41,310 INFO [T20] leaf pattern=038599???? got=8 saved=8
2026-05-23 14:56:41,336 INFO [T42] leaf pattern=0382050??? got=0 saved=0
2026-05-23 14:56:41,487 INFO [T5] leaf pattern=0382052??? got=2 saved=2
2026-05-23 14:56:41,527 INFO [T32] leaf pattern=038572???? got=15 saved=15
2026-05-23 14:56:41,624 INFO [T38] leaf pattern=0382051??? got=3 saved=3
2026-05-23 14:56:41,687 INFO [T45] leaf pattern=0382053??? got=4 saved=4
2026-05-23 14:56:41,711 INFO [T34] leaf pattern=0382054??? got=6 saved=6
2026-05-23 14:56:41,726 INFO [T10] leaf pattern=0382055??? got=1 saved=1
2026-05-23 14:56:41,736 INFO [T21] leaf pattern=0382056??? got=5 saved=5
2026-05-23 14:56:41,811 INFO [T47] leaf pattern=0382057??? got=6 saved=6
2026-05-23 14:56:41,831 INFO [T6] leaf pattern=0382059??? got=5 saved=5
2026-05-23 14:56:41,859 INFO [T50] leaf pattern=0382071??? got=0 saved=0
2026-05-23 14:56:41,885 INFO [T7] leaf pattern=0382072??? got=3 saved=3
2026-05-23 14:56:41,912 INFO [T30] leaf pattern=0382073??? got=5 saved=5
2026-05-23 14:56:42,015 INFO [T8] leaf pattern=0382070??? got=0 saved=0
2026-05-23 14:56:42,021 INFO [T17] leaf pattern=0382075??? got=5 saved=5
2026-05-23 14:56:42,030 INFO [T19] leaf pattern=0382076??? got=8 saved=8
2026-05-23 14:56:42,065 WARNING [T49] ConnectionError attempt=1/3 pattern=038519????: ('Connection aborted.', ConnectionResetError(10054, 'An existing connection was forcibly closed by the remote host', Non
2026-05-23 14:56:42,065 INFO [T49] rotate IP 227b34de → 3178a800
2026-05-23 14:56:42,119 INFO [T23] leaf pattern=0382077??? got=3 saved=3
2026-05-23 14:56:42,181 INFO [T14] leaf pattern=0382074??? got=7 saved=7
2026-05-23 14:56:42,299 INFO [T37] leaf pattern=033742???? got=5 saved=5
2026-05-23 14:56:42,471 INFO [T16] leaf pattern=0382078??? got=2 saved=2
2026-05-23 14:56:42,625 INFO [T39] leaf pattern=0382079??? got=4 saved=4
2026-05-23 14:56:42,748 INFO [T40] leaf pattern=0382058??? got=2 saved=2
2026-05-23 14:56:42,832 INFO [T44] leaf pattern=0382901??? got=2 saved=2
2026-05-23 14:56:42,854 INFO [T36] leaf pattern=0382900??? got=0 saved=0
2026-05-23 14:56:42,874 INFO [T25] leaf pattern=0382902??? got=7 saved=7
2026-05-23 14:56:42,986 INFO [T41] leaf pattern=0382903??? got=8 saved=8
2026-05-23 14:56:43,116 INFO [T24] leaf pattern=0382905??? got=4 saved=4
2026-05-23 14:56:43,313 INFO [T46] leaf pattern=0382907??? got=4 saved=4
2026-05-23 14:56:43,350 INFO [T28] leaf pattern=0382906??? got=5 saved=5
2026-05-23 14:56:43,413 INFO [T35] leaf pattern=0382908??? got=5 saved=5
2026-05-23 14:56:43,464 INFO [T31] leaf pattern=0382909??? got=1 saved=1
2026-05-23 14:56:43,484 INFO [T33] leaf pattern=0382910??? got=5 saved=5
2026-05-23 14:56:43,588 INFO [T27] leaf pattern=0382904??? got=6 saved=6
2026-05-23 14:56:43,632 INFO [T11] leaf pattern=0382911??? got=1 saved=1
2026-05-23 14:56:43,636 INFO [T13] leaf pattern=0382912??? got=6 saved=6
2026-05-23 14:56:43,696 INFO [T26] leaf pattern=0382914??? got=8 saved=8
2026-05-23 14:56:43,806 INFO [T15] leaf pattern=0382917??? got=2 saved=2
2026-05-23 14:56:43,888 INFO [T3] leaf pattern=0382918??? got=1 saved=1
2026-05-23 14:56:43,953 INFO [T22] leaf pattern=0382916??? got=3 saved=3
2026-05-23 14:56:43,962 INFO [T48] leaf pattern=0382919??? got=1 saved=1
2026-05-23 14:56:43,983 INFO [T18] leaf pattern=0382913??? got=3 saved=3
2026-05-23 14:56:44,037 INFO [T12] leaf pattern=0382160??? got=3 saved=3
2026-05-23 14:56:44,104 INFO [T9] leaf pattern=0382161??? got=2 saved=2
2026-05-23 14:56:44,136 INFO [T2] leaf pattern=0382164??? got=6 saved=6
2026-05-23 14:56:44,149 INFO [T43] leaf pattern=0382163??? got=4 saved=4
2026-05-23 14:56:44,220 INFO [T29] leaf pattern=0382165??? got=7 saved=7
2026-05-23 14:56:44,264 INFO [T20] leaf pattern=0382166??? got=2 saved=2
2026-05-23 14:56:44,287 INFO [T42] leaf pattern=0382167??? got=8 saved=8
2026-05-23 14:56:44,477 INFO [T5] leaf pattern=0382169??? got=5 saved=5
2026-05-23 14:56:44,483 INFO [T38] leaf pattern=0382140??? got=3 saved=3
2026-05-23 14:56:44,513 INFO [T1] leaf pattern=0382162??? got=2 saved=2
2026-05-23 14:56:44,526 INFO [T21] leaf pattern=0382143??? got=2 saved=2
2026-05-23 14:56:44,540 INFO [T34] leaf pattern=0382142??? got=2 saved=2
2026-05-23 14:56:44,563 INFO [T10] leaf pattern=0382144??? got=1 saved=1
2026-05-23 14:56:44,572 INFO [T45] leaf pattern=0382141??? got=1 saved=1
2026-05-23 14:56:44,685 INFO [T47] leaf pattern=0382145??? got=7 saved=7
2026-05-23 14:56:44,744 INFO [T32] leaf pattern=0382168??? got=3 saved=3
2026-05-23 14:56:44,793 INFO [T7] leaf pattern=0382148??? got=6 saved=6
2026-05-23 14:56:44,807 INFO [T50] leaf pattern=0382147??? got=1 saved=1
2026-05-23 14:56:44,922 INFO [T17] expand pattern=08621????? got=40 ≥ 30 → split into 10 children
2026-05-23 14:56:44,927 INFO [T30] leaf pattern=0382149??? got=9 saved=9
2026-05-23 14:56:44,938 INFO [T19] expand pattern=08622????? got=38 ≥ 30 → split into 10 children
2026-05-23 14:56:44,973 INFO [T8] expand pattern=08620????? got=35 ≥ 30 → split into 10 children
2026-05-23 14:56:45,100 INFO [T23] expand pattern=08623????? got=43 ≥ 30 → split into 10 children
2026-05-23 14:56:45,113 INFO [T6] leaf pattern=0382146??? got=7 saved=7
2026-05-23 14:56:45,123 INFO [T14] expand pattern=08624????? got=44 ≥ 30 → split into 10 children
2026-05-23 14:56:45,245 INFO [T4] leaf pattern=0382915??? got=3 saved=3
2026-05-23 14:56:45,255 INFO [T37] expand pattern=08625????? got=44 ≥ 30 → split into 10 children
2026-05-23 14:56:45,400 INFO [T49] D1N refreshed 28efa5bfe8d17f7f…
2026-05-23 14:56:45,425 INFO [T16] expand pattern=08626????? got=37 ≥ 30 → split into 10 children
2026-05-23 14:56:45,565 INFO [T39] expand pattern=08627????? got=43 ≥ 30 → split into 10 children
2026-05-23 14:56:45,755 INFO [T40] expand pattern=08628????? got=43 ≥ 30 → split into 10 children
2026-05-23 14:56:45,778 INFO [T25] expand pattern=08661????? got=39 ≥ 30 → split into 10 children
2026-05-23 14:56:45,798 INFO [T36] expand pattern=08660????? got=33 ≥ 30 → split into 10 children
2026-05-23 14:56:45,815 INFO [T44] expand pattern=08629????? got=45 ≥ 30 → split into 10 children
2026-05-23 14:56:46,021 INFO [T24] expand pattern=08663????? got=35 ≥ 30 → split into 10 children
2026-05-23 14:56:46,256 INFO [T46] expand pattern=08664????? got=36 ≥ 30 → split into 10 children
2026-05-23 14:56:46,322 INFO [T28] expand pattern=08665????? got=37 ≥ 30 → split into 10 children
2026-05-23 14:56:46,373 INFO [T33] leaf pattern=08668????? got=20 saved=20
2026-05-23 14:56:46,398 INFO [T35] leaf pattern=08666????? got=7 saved=7
2026-05-23 14:56:46,417 INFO [T31] expand pattern=08667????? got=33 ≥ 30 → split into 10 children
2026-05-23 14:56:46,544 INFO [T13] expand pattern=08651????? got=44 ≥ 30 → split into 10 children
2026-05-23 14:56:46,591 INFO [T26] expand pattern=08652????? got=43 ≥ 30 → split into 10 children
2026-05-23 14:56:46,634 INFO [T11] expand pattern=08650????? got=43 ≥ 30 → split into 10 children
2026-05-23 14:56:46,730 INFO [T15] expand pattern=08653????? got=41 ≥ 30 → split into 10 children
2026-05-23 14:56:46,804 INFO [T41] expand pattern=08662????? got=35 ≥ 30 → split into 10 children
2026-05-23 14:56:46,921 INFO [T18] expand pattern=08657????? got=46 ≥ 30 → split into 10 children
2026-05-23 14:56:46,931 INFO [T48] expand pattern=08656????? got=39 ≥ 30 → split into 10 children
2026-05-23 14:56:46,972 INFO [T22] expand pattern=08655????? got=46 ≥ 30 → split into 10 children
2026-05-23 14:56:47,017 INFO [T3] expand pattern=08654????? got=46 ≥ 30 → split into 10 children
2026-05-23 14:56:47,044 INFO [T12] expand pattern=08658????? got=47 ≥ 30 → split into 10 children
2026-05-23 14:56:47,066 INFO [T2] expand pattern=08670????? got=46 ≥ 30 → split into 10 children
2026-05-23 14:56:47,081 INFO [T43] expand pattern=08671????? got=46 ≥ 30 → split into 10 children
2026-05-23 14:56:47,103 INFO [T9] expand pattern=08659????? got=44 ≥ 30 → split into 10 children
2026-05-23 14:56:47,217 INFO [T20] expand pattern=08673????? got=49 ≥ 30 → split into 10 children
2026-05-23 14:56:47,228 INFO [T29] expand pattern=08672????? got=48 ≥ 30 → split into 10 children
2026-05-23 14:56:47,249 INFO [T42] expand pattern=08674????? got=48 ≥ 30 → split into 10 children
2026-05-23 14:56:47,445 INFO [T5] expand pattern=08675????? got=45 ≥ 30 → split into 10 children
2026-05-23 14:56:47,472 INFO [T38] expand pattern=08676????? got=43 ≥ 30 → split into 10 children
2026-05-23 14:56:47,490 INFO [T1] expand pattern=08677????? got=43 ≥ 30 → split into 10 children
2026-05-23 14:56:47,518 INFO [T21] expand pattern=08678????? got=44 ≥ 30 → split into 10 children
2026-05-23 14:56:47,534 INFO [T10] expand pattern=08680????? got=34 ≥ 30 → split into 10 children
2026-05-23 14:56:47,590 INFO [T34] expand pattern=08679????? got=49 ≥ 30 → split into 10 children
2026-05-23 14:56:47,622 INFO [T47] leaf pattern=08682????? got=27 saved=27
2026-05-23 14:56:47,693 INFO [T7] expand pattern=08684????? got=39 ≥ 30 → split into 10 children
2026-05-23 14:56:47,718 INFO [T50] expand pattern=08685????? got=35 ≥ 30 → split into 10 children
2026-05-23 14:56:47,736 INFO [T32] expand pattern=08683????? got=34 ≥ 30 → split into 10 children
2026-05-23 14:56:47,842 INFO [T17] expand pattern=08687????? got=34 ≥ 30 → split into 10 children
2026-05-23 14:56:47,856 INFO [T27] expand pattern=08669????? got=39 ≥ 30 → split into 10 children
2026-05-23 14:56:47,870 INFO [T30] leaf pattern=08686????? got=8 saved=8
2026-05-23 14:56:47,895 INFO [T8] expand pattern=08689????? got=33 ≥ 30 → split into 10 children
2026-05-23 14:56:47,919 INFO [T19] leaf pattern=08688????? got=19 saved=19
2026-05-23 14:56:47,967 INFO [T23] expand pattern=08690????? got=41 ≥ 30 → split into 10 children
2026-05-23 14:56:48,055 INFO [T14] expand pattern=08692????? got=45 ≥ 30 → split into 10 children
2026-05-23 14:56:48,096 INFO [T6] expand pattern=08691????? got=45 ≥ 30 → split into 10 children
2026-05-23 14:56:48,142 INFO [T4] expand pattern=08694????? got=46 ≥ 30 → split into 10 children
2026-05-23 14:56:48,160 INFO [T37] expand pattern=08693????? got=44 ≥ 30 → split into 10 children
2026-05-23 14:56:48,379 INFO [T16] expand pattern=08695????? got=47 ≥ 30 → split into 10 children
2026-05-23 14:56:48,505 INFO [T39] expand pattern=08696????? got=37 ≥ 30 → split into 10 children
2026-05-23 14:56:48,598 INFO [T45] expand pattern=08681????? got=35 ≥ 30 → split into 10 children
2026-05-23 14:56:48,701 INFO [T25] expand pattern=08698????? got=39 ≥ 30 → split into 10 children
2026-05-23 14:56:48,757 INFO [T44] leaf pattern=0356700??? got=0 saved=0
2026-05-23 14:56:48,763 INFO [T40] expand pattern=08697????? got=45 ≥ 30 → split into 10 children
2026-05-23 14:56:48,874 INFO [T36] expand pattern=08699????? got=38 ≥ 30 → split into 10 children
2026-05-23 14:56:48,926 INFO [T24] leaf pattern=0356701??? got=5 saved=5
2026-05-23 14:56:49,124 INFO [T46] leaf pattern=0356702??? got=6 saved=6
2026-05-23 14:56:49,305 INFO [T28] leaf pattern=0356703??? got=2 saved=2
2026-05-23 14:56:49,349 INFO [T35] leaf pattern=0356705??? got=3 saved=3
2026-05-23 14:56:49,353 INFO [T33] leaf pattern=0356704??? got=8 saved=8
2026-05-23 14:56:49,375 INFO [T31] leaf pattern=0356706??? got=2 saved=2
2026-05-23 14:56:49,512 INFO [T26] leaf pattern=0356708??? got=2 saved=2
2026-05-23 14:56:49,524 INFO [T13] leaf pattern=0356707??? got=2 saved=2
2026-05-23 14:56:49,602 INFO [T11] leaf pattern=0356709??? got=5 saved=5
2026-05-23 14:56:49,892 INFO [T15] leaf pattern=0325940??? got=5 saved=5
2026-05-23 14:56:50,190 INFO [T18] leaf pattern=0325942??? got=3 saved=3
2026-05-23 14:56:50,204 INFO [T48] leaf pattern=0325943??? got=6 saved=6
2026-05-23 14:56:50,223 INFO [T3] leaf pattern=0325945??? got=11 saved=11
2026-05-23 14:56:50,253 INFO [T22] leaf pattern=0325944??? got=4 saved=4
2026-05-23 14:56:50,272 INFO [T43] leaf pattern=0325948??? got=5 saved=5
2026-05-23 14:56:50,320 INFO [T41] leaf pattern=0325941??? got=4 saved=4
2026-05-23 14:56:50,365 INFO [T12] leaf pattern=0325946??? got=5 saved=5
2026-05-23 14:56:50,491 INFO [T49] leaf pattern=038519???? got=17 saved=17
2026-05-23 14:56:50,562 INFO [T29] leaf pattern=0326401??? got=8 saved=8
2026-05-23 14:56:50,638 INFO [T9] leaf pattern=0325949??? got=6 saved=6
2026-05-23 14:56:50,682 INFO [T2] leaf pattern=0325947??? got=2 saved=2
2026-05-23 14:56:50,688 INFO [T42] leaf pattern=0326402??? got=5 saved=5
2026-05-23 14:56:50,724 INFO [T20] leaf pattern=0326400??? got=1 saved=1
2026-05-23 14:56:50,734 INFO [T5] leaf pattern=0326403??? got=3 saved=3
2026-05-23 14:56:50,747 INFO [T1] leaf pattern=0326405??? got=5 saved=5
2026-05-23 14:56:50,757 INFO [T21] leaf pattern=0326406??? got=1 saved=1
2026-05-23 14:56:50,802 INFO [T7] leaf pattern=037270???? got=5 saved=5
2026-05-23 14:56:50,813 INFO [T10] leaf pattern=0326407??? got=3 saved=3
2026-05-23 14:56:50,833 INFO [T34] leaf pattern=0326408??? got=6 saved=6
2026-05-23 14:56:50,876 INFO [T47] leaf pattern=0326409??? got=4 saved=4
2026-05-23 14:56:50,881 INFO [T50] leaf pattern=037271???? got=8 saved=8
2026-05-23 14:56:50,903 INFO [T38] leaf pattern=0326404??? got=1 saved=1
2026-05-23 14:56:50,970 INFO [T27] leaf pattern=037274???? got=6 saved=6
2026-05-23 14:56:51,017 INFO [T30] leaf pattern=037275???? got=7 saved=7
2026-05-23 14:56:51,034 INFO [T19] leaf pattern=037277???? got=6 saved=6
2026-05-23 14:56:51,079 INFO [T8] leaf pattern=037276???? got=6 saved=6
2026-05-23 14:56:51,107 INFO [T17] leaf pattern=037273???? got=9 saved=9
2026-05-23 14:56:51,195 INFO [T23] leaf pattern=037278???? got=8 saved=8
2026-05-23 14:56:51,221 INFO [T4] leaf pattern=037381???? got=8 saved=8
2026-05-23 14:56:51,225 INFO [T32] leaf pattern=037272???? got=0 saved=0
2026-05-23 14:56:51,270 INFO [T14] leaf pattern=037279???? got=10 saved=10
2026-05-23 14:56:51,275 INFO [T6] leaf pattern=037380???? got=10 saved=10
2026-05-23 14:56:51,288 INFO [T37] leaf pattern=037382???? got=17 saved=17
2026-05-23 14:56:51,372 INFO [T16] leaf pattern=037383???? got=4 saved=4
2026-05-23 14:56:51,504 INFO [T39] leaf pattern=037384???? got=7 saved=7
2026-05-23 14:56:51,633 INFO [T45] leaf pattern=037385???? got=7 saved=7
2026-05-23 14:56:51,654 INFO [T25] leaf pattern=037386???? got=12 saved=12
2026-05-23 14:56:51,669 INFO [T44] leaf pattern=037388???? got=3 saved=3
2026-05-23 14:56:51,735 INFO [T40] leaf pattern=037387???? got=7 saved=7
2026-05-23 14:56:51,792 INFO [T24] leaf pattern=037340???? got=12 saved=12
2026-05-23 14:56:51,874 INFO [T36] leaf pattern=037389???? got=3 saved=3
2026-05-23 14:56:52,230 INFO [T28] leaf pattern=037342???? got=12 saved=12
2026-05-23 14:56:52,247 INFO [T35] leaf pattern=037343???? got=9 saved=9
2026-05-23 14:56:52,288 INFO [T46] leaf pattern=037341???? got=12 saved=12
2026-05-23 14:56:52,347 INFO [T33] leaf pattern=037344???? got=6 saved=6
2026-05-23 14:56:52,393 INFO [T31] leaf pattern=037345???? got=9 saved=9
2026-05-23 14:56:52,472 INFO [T26] leaf pattern=037346???? got=13 saved=13
2026-05-23 14:56:52,518 INFO [T13] leaf pattern=037347???? got=11 saved=11
2026-05-23 14:56:52,555 INFO [T15] leaf pattern=037349???? got=14 saved=14
2026-05-23 14:56:52,572 INFO [T11] leaf pattern=037348???? got=19 saved=19
2026-05-23 14:56:52,680 INFO [T49] leaf pattern=037208???? got=13 saved=13
2026-05-23 14:56:52,698 INFO [T18] leaf pattern=037202???? got=7 saved=7
2026-05-23 14:56:52,859 INFO [T3] leaf pattern=037200???? got=0 saved=0
2026-05-23 14:56:52,918 INFO [T2] leaf pattern=037210???? got=10 saved=10
2026-05-23 14:56:52,959 INFO [T43] leaf pattern=037204???? got=7 saved=7
2026-05-23 14:56:52,991 INFO [T9] leaf pattern=037209???? got=7 saved=7
2026-05-23 14:56:53,013 INFO [T48] leaf pattern=037203???? got=5 saved=5
2026-05-23 14:56:53,054 INFO [T22] leaf pattern=037201???? got=4 saved=4
2026-05-23 14:56:53,114 INFO [T20] leaf pattern=037211???? got=4 saved=4
2026-05-23 14:56:53,160 INFO [T29] leaf pattern=037207???? got=11 saved=11
2026-05-23 14:56:53,264 INFO [T42] leaf pattern=037214???? got=10 saved=10
2026-05-23 14:56:53,277 INFO [T5] leaf pattern=037212???? got=2 saved=2
2026-05-23 14:56:53,317 INFO [T1] leaf pattern=037217???? got=14 saved=14
2026-05-23 14:56:53,366 INFO [T21] leaf pattern=037213???? got=8 saved=8
2026-05-23 14:56:53,388 INFO [T38] leaf pattern=037281???? got=12 saved=12
2026-05-23 14:56:53,399 INFO [T12] leaf pattern=037206???? got=6 saved=6
2026-05-23 14:56:53,425 INFO [T10] leaf pattern=037215???? got=9 saved=9
2026-05-23 14:56:53,532 INFO [T34] leaf pattern=037216???? got=9 saved=9
2026-05-23 14:56:53,557 INFO [T50] leaf pattern=037280???? got=9 saved=9
2026-05-23 14:56:53,590 INFO [T7] leaf pattern=037218???? got=7 saved=7
2026-05-23 14:56:53,676 INFO [T30] leaf pattern=037284???? got=10 saved=10
2026-05-23 14:56:53,785 INFO [T19] leaf pattern=037282???? got=7 saved=7
2026-05-23 14:56:53,800 INFO [T47] leaf pattern=037283???? got=10 saved=10
2026-05-23 14:56:53,875 INFO [T23] leaf pattern=037287???? got=7 saved=7
2026-05-23 14:56:53,880 INFO [T41] leaf pattern=037205???? got=10 saved=10
2026-05-23 14:56:54,017 INFO [T17] leaf pattern=037285???? got=12 saved=12
2026-05-23 14:56:54,071 INFO [T37] leaf pattern=037222???? got=0 saved=0
2026-05-23 14:56:54,078 INFO [T8] leaf pattern=037219???? got=8 saved=8
2026-05-23 14:56:54,109 INFO [T27] leaf pattern=037288???? got=8 saved=8
2026-05-23 14:56:54,409 INFO [T32] leaf pattern=037289???? got=15 saved=15
2026-05-23 14:56:54,454 INFO [T16] leaf pattern=037223???? got=10 saved=10
2026-05-23 14:56:54,486 INFO [T6] leaf pattern=037221???? got=7 saved=7
2026-05-23 14:56:54,497 INFO [T14] leaf pattern=037220???? got=6 saved=6
2026-05-23 14:56:54,516 INFO [T39] leaf pattern=037224???? got=8 saved=8
2026-05-23 14:56:54,569 INFO [T45] leaf pattern=037225???? got=6 saved=6
2026-05-23 14:56:54,593 INFO [T44] leaf pattern=037227???? got=2 saved=2
2026-05-23 14:56:54,625 INFO [T25] leaf pattern=037226???? got=2 saved=2
2026-05-23 14:56:54,661 INFO [T40] leaf pattern=037228???? got=5 saved=5
2026-05-23 14:56:54,693 INFO [T24] leaf pattern=037229???? got=8 saved=8
2026-05-23 14:56:54,783 INFO [T4] leaf pattern=037286???? got=9 saved=9
2026-05-23 14:56:54,815 INFO [T36] leaf pattern=037350???? got=8 saved=8
2026-05-23 14:56:55,202 INFO [T46] leaf pattern=037353???? got=9 saved=9
2026-05-23 14:56:55,236 INFO [T35] leaf pattern=037352???? got=9 saved=9
2026-05-23 14:56:55,276 INFO [T28] leaf pattern=037351???? got=5 saved=5
2026-05-23 14:56:55,608 INFO [T31] leaf pattern=037355???? got=6 saved=6
2026-05-23 14:56:55,637 INFO [T26] leaf pattern=037356???? got=9 saved=9
2026-05-23 14:56:55,642 INFO [T33] leaf pattern=037354???? got=12 saved=12
2026-05-23 14:56:55,653 INFO [T15] leaf pattern=037358???? got=21 saved=21
2026-05-23 14:56:55,725 INFO [T11] leaf pattern=037359???? got=20 saved=20
2026-05-23 14:56:55,764 INFO [T49] leaf pattern=037320???? got=10 saved=10
2026-05-23 14:56:55,899 INFO [T13] leaf pattern=037357???? got=7 saved=7
2026-05-23 14:56:55,915 INFO [T18] leaf pattern=037321???? got=9 saved=9
2026-05-23 14:56:55,992 INFO [T2] leaf pattern=037323???? got=8 saved=8
2026-05-23 14:56:56,024 INFO [T3] leaf pattern=037322???? got=5 saved=5
2026-05-23 14:56:56,098 INFO [T20] leaf pattern=037328???? got=9 saved=9
2026-05-23 14:56:56,208 INFO [T48] leaf pattern=037326???? got=12 saved=12
2026-05-23 14:56:56,214 INFO [T9] leaf pattern=037325???? got=11 saved=11
2026-05-23 14:56:56,218 INFO [T22] leaf pattern=037327???? got=7 saved=7
2026-05-23 14:56:56,299 INFO [T29] leaf pattern=037329???? got=3 saved=3
2026-05-23 14:56:56,303 INFO [T43] leaf pattern=037324???? got=7 saved=7
2026-05-23 14:56:56,328 INFO [T1] leaf pattern=037262???? got=16 saved=16
2026-05-23 14:56:56,337 INFO [T5] leaf pattern=037261???? got=9 saved=9
2026-05-23 14:56:56,353 INFO [T42] leaf pattern=037260???? got=16 saved=16
2026-05-23 14:56:56,381 INFO [T21] leaf pattern=037263???? got=13 saved=13
2026-05-23 14:56:56,431 INFO [T38] leaf pattern=037264???? got=14 saved=14
2026-05-23 14:56:56,454 INFO [T12] leaf pattern=037265???? got=17 saved=17
2026-05-23 14:56:56,459 INFO [T10] leaf pattern=037266???? got=5 saved=5
2026-05-23 14:56:56,516 INFO [T7] leaf pattern=037269???? got=18 saved=18
2026-05-23 14:56:56,525 INFO [T34] leaf pattern=037267???? got=11 saved=11
2026-05-23 14:56:56,586 INFO [T50] leaf pattern=037268???? got=13 saved=13
2026-05-23 14:56:56,615 INFO [T30] leaf pattern=037230???? got=13 saved=13
2026-05-23 14:56:56,692 INFO [T19] leaf pattern=037231???? got=7 saved=7
2026-05-23 14:56:56,738 INFO [T47] leaf pattern=037232???? got=6 saved=6
2026-05-23 14:56:56,764 INFO [T23] leaf pattern=037234???? got=15 saved=15
2026-05-23 14:56:56,828 INFO [T41] leaf pattern=037233???? got=4 saved=4
2026-05-23 14:56:56,872 INFO [T27] leaf pattern=037237???? got=11 saved=11
2026-05-23 14:56:56,901 INFO [T8] leaf pattern=037236???? got=14 saved=14
2026-05-23 14:56:56,938 INFO [T37] leaf pattern=037238???? got=22 saved=22
2026-05-23 14:56:57,012 INFO [T17] leaf pattern=037235???? got=18 saved=18
2026-05-23 14:56:57,171 INFO [T16] leaf pattern=037292???? got=9 saved=9
2026-05-23 14:56:57,209 INFO [T6] leaf pattern=037290???? got=7 saved=7
2026-05-23 14:56:57,336 INFO [T14] leaf pattern=037293???? got=16 saved=16
2026-05-23 14:56:57,498 INFO [T44] leaf pattern=037295???? got=7 saved=7
2026-05-23 14:56:57,527 INFO [T45] leaf pattern=037294???? got=10 saved=10
2026-05-23 14:56:57,546 INFO [T24] leaf pattern=037298???? got=7 saved=7
2026-05-23 14:56:57,599 INFO [T25] leaf pattern=037296???? got=11 saved=11
2026-05-23 14:56:57,684 INFO [T4] leaf pattern=037299???? got=4 saved=4
2026-05-23 14:56:57,727 INFO [T39] leaf pattern=037291???? got=7 saved=7
2026-05-23 14:56:57,754 INFO [T36] leaf pattern=037330???? got=11 saved=11
2026-05-23 14:56:57,998 INFO [T32] leaf pattern=037239???? got=12 saved=12
2026-05-23 14:56:58,038 INFO [T40] leaf pattern=037297???? got=6 saved=6
2026-05-23 14:56:58,072 INFO [T46] leaf pattern=037331???? got=4 saved=4
2026-05-23 14:56:58,107 INFO [T35] leaf pattern=037333???? got=0 saved=0
2026-05-23 14:56:58,200 INFO [T28] leaf pattern=037332???? got=2 saved=2
2026-05-23 14:56:58,245 INFO [T33] leaf pattern=037335???? got=6 saved=6
2026-05-23 14:56:58,345 INFO [T31] leaf pattern=037334???? got=9 saved=9
2026-05-23 14:56:58,354 INFO [T26] leaf pattern=037337???? got=1 saved=1
2026-05-23 14:56:58,376 INFO [T15] leaf pattern=037336???? got=6 saved=6
2026-05-23 14:56:58,508 INFO [T13] leaf pattern=037240???? got=15 saved=15
2026-05-23 14:56:58,611 INFO [T11] leaf pattern=037338???? got=4 saved=4
2026-05-23 14:56:58,657 INFO [T18] leaf pattern=037241???? got=10 saved=10
2026-05-23 14:56:58,671 INFO [T3] leaf pattern=037243???? got=14 saved=14
2026-05-23 14:56:58,746 INFO [T49] leaf pattern=037339???? got=7 saved=7
2026-05-23 14:56:58,765 INFO [T2] leaf pattern=037242???? got=15 saved=15
2026-05-23 14:56:58,945 INFO [T20] leaf pattern=037244???? got=9 saved=9
2026-05-23 14:56:58,989 INFO [T48] leaf pattern=037245???? got=16 saved=16
2026-05-23 14:56:59,024 INFO [T9] leaf pattern=037246???? got=18 saved=18
2026-05-23 14:56:59,121 INFO [T43] leaf pattern=037249???? got=20 saved=20
2026-05-23 14:56:59,158 INFO [T1] leaf pattern=037250???? got=8 saved=8
2026-05-23 14:56:59,163 INFO [T29] leaf pattern=037248???? got=20 saved=20
2026-05-23 14:56:59,177 INFO [T22] leaf pattern=037247???? got=18 saved=18
2026-05-23 14:56:59,194 INFO [T42] leaf pattern=037252???? got=15 saved=15
2026-05-23 14:56:59,219 INFO [T21] leaf pattern=037253???? got=11 saved=11
2026-05-23 14:56:59,324 INFO [T38] leaf pattern=037254???? got=16 saved=16
2026-05-23 14:56:59,352 INFO [T10] leaf pattern=037256???? got=10 saved=10
2026-05-23 14:56:59,428 INFO [T12] leaf pattern=037255???? got=6 saved=6
2026-05-23 14:56:59,432 INFO [T7] leaf pattern=037257???? got=9 saved=9
2026-05-23 14:56:59,465 INFO [T34] leaf pattern=037258???? got=15 saved=15
2026-05-23 14:56:59,506 INFO [T50] leaf pattern=037259???? got=14 saved=14
2026-05-23 14:56:59,602 INFO [T19] leaf pattern=037391???? got=10 saved=10
2026-05-23 14:56:59,686 INFO [T30] leaf pattern=037390???? got=11 saved=11
2026-05-23 14:56:59,773 INFO [T23] leaf pattern=037393???? got=6 saved=6
2026-05-23 14:56:59,783 INFO [T47] leaf pattern=037392???? got=11 saved=11
2026-05-23 14:56:59,834 INFO [T8] leaf pattern=037396???? got=9 saved=9
2026-05-23 14:56:59,858 INFO [T27] leaf pattern=037395???? got=11 saved=11
2026-05-23 14:56:59,891 INFO [T37] leaf pattern=037397???? got=6 saved=6
2026-05-23 14:56:59,899 INFO [T17] leaf pattern=037398???? got=9 saved=9
2026-05-23 14:56:59,937 INFO [T41] leaf pattern=037394???? got=10 saved=10
2026-05-23 14:57:00,079 INFO [T16] leaf pattern=037399???? got=3 saved=3
2026-05-23 14:57:00,195 INFO [T5] leaf pattern=037251???? got=17 saved=17
2026-05-23 14:57:00,215 INFO [T6] leaf pattern=037310???? got=8 saved=8
2026-05-23 14:57:00,426 INFO [T44] leaf pattern=037312???? got=6 saved=6
2026-05-23 14:57:00,480 INFO [T24] leaf pattern=037314???? got=13 saved=13
2026-05-23 14:57:00,488 INFO [T14] leaf pattern=037311???? got=1 saved=1
2026-05-23 14:57:00,508 INFO [T25] leaf pattern=037315???? got=4 saved=4
2026-05-23 14:57:00,614 INFO [T4] leaf pattern=037316???? got=12 saved=12
2026-05-23 14:57:00,657 INFO [T39] leaf pattern=037317???? got=4 saved=4
2026-05-23 14:57:00,700 INFO [T36] leaf pattern=037318???? got=11 saved=11
2026-05-23 14:57:00,998 INFO [T40] leaf pattern=037360???? got=3 saved=3
2026-05-23 14:57:01,001 INFO [T46] leaf pattern=037361???? got=13 saved=13
2026-05-23 14:57:01,078 INFO [T35] leaf pattern=037362???? got=10 saved=10
2026-05-23 14:57:01,104 INFO [T28] leaf pattern=037363???? got=9 saved=9
2026-05-23 14:57:01,222 INFO [T33] leaf pattern=037364???? got=19 saved=19
2026-05-23 14:57:01,274 INFO [T26] leaf pattern=037366???? got=9 saved=9
2026-05-23 14:57:01,285 INFO [T15] leaf pattern=037367???? got=4 saved=4
2026-05-23 14:57:01,309 INFO [T31] leaf pattern=037365???? got=13 saved=13
2026-05-23 14:57:01,443 INFO [T18] leaf pattern=037500???? got=2 saved=2
2026-05-23 14:57:01,506 INFO [T11] leaf pattern=037369???? got=15 saved=15
2026-05-23 14:57:01,525 INFO [T45] leaf pattern=037313???? got=3 saved=3
2026-05-23 14:57:01,588 INFO [T3] leaf pattern=037501???? got=4 saved=4
2026-05-23 14:57:01,603 INFO [T13] leaf pattern=037368???? got=9 saved=9
2026-05-23 14:57:01,690 INFO [T49] leaf pattern=037502???? got=6 saved=6
2026-05-23 14:57:01,867 INFO [T20] leaf pattern=037504???? got=17 saved=17
2026-05-23 14:57:01,885 INFO [T48] leaf pattern=037505???? got=9 saved=9
2026-05-23 14:57:02,067 INFO [T32] leaf pattern=037319???? got=7 saved=7
2026-05-23 14:57:02,150 INFO [T42] leaf pattern=037511???? got=6 saved=6
2026-05-23 14:57:02,158 INFO [T29] leaf pattern=037509???? got=11 saved=11
2026-05-23 14:57:02,179 INFO [T2] leaf pattern=037503???? got=11 saved=11
2026-05-23 14:57:02,198 INFO [T22] leaf pattern=037510???? got=6 saved=6
2026-05-23 14:57:02,213 INFO [T21] leaf pattern=037512???? got=8 saved=8
2026-05-23 14:57:02,221 INFO [T1] leaf pattern=037508???? got=8 saved=8
2026-05-23 14:57:02,298 INFO [T38] leaf pattern=037513???? got=7 saved=7
2026-05-23 14:57:02,350 INFO [T43] leaf pattern=037507???? got=7 saved=7
2026-05-23 14:57:02,381 INFO [T10] leaf pattern=037514???? got=11 saved=11
2026-05-23 14:57:02,397 WARNING [T19] ec=1 rate limited, rotating IP
2026-05-23 14:57:02,398 INFO [T19] rotate IP b77b083e → 2d9c1ae6
2026-05-23 14:57:02,437 INFO [T50] leaf pattern=037518???? got=14 saved=14
2026-05-23 14:57:02,494 INFO [T12] leaf pattern=037515???? got=5 saved=5
2026-05-23 14:57:02,605 WARNING [T47] ec=1 rate limited, rotating IP
2026-05-23 14:57:02,605 INFO [T47] rotate IP 0773b058 → 425a51f8
2026-05-23 14:57:02,622 INFO [T30] leaf pattern=037530???? got=11 saved=11
2026-05-23 14:57:02,629 INFO [T23] leaf pattern=037531???? got=4 saved=4
2026-05-23 14:57:02,741 INFO [T7] leaf pattern=037516???? got=10 saved=10
2026-05-23 14:57:02,784 INFO [T8] leaf pattern=037533???? got=14 saved=14
2026-05-23 14:57:02,826 INFO [T17] leaf pattern=037536???? got=10 saved=10
2026-05-23 14:57:02,861 INFO [T34] leaf pattern=037517???? got=8 saved=8
2026-05-23 14:57:02,865 INFO [T37] leaf pattern=037535???? got=15 saved=15
2026-05-23 14:57:02,870 INFO [T27] leaf pattern=037534???? got=22 saved=22
2026-05-23 14:57:02,978 INFO [T16] leaf pattern=037538???? got=5 saved=5
2026-05-23 14:57:03,193 INFO [T5] leaf pattern=037539???? got=7 saved=7
2026-05-23 14:57:03,198 INFO [T9] leaf pattern=037506???? got=8 saved=8
2026-05-23 14:57:03,341 INFO [T44] leaf pattern=037541???? got=8 saved=8
2026-05-23 14:57:03,349 INFO [T14] leaf pattern=037542???? got=9 saved=9
2026-05-23 14:57:03,383 INFO [T24] leaf pattern=037543???? got=18 saved=18
2026-05-23 14:57:03,392 INFO [T41] leaf pattern=037537???? got=5 saved=5
2026-05-23 14:57:03,434 INFO [T25] leaf pattern=037544???? got=5 saved=5
2026-05-23 14:57:03,509 INFO [T4] leaf pattern=037545???? got=12 saved=12
2026-05-23 14:57:03,593 INFO [T39] leaf pattern=037546???? got=9 saved=9
2026-05-23 14:57:03,614 INFO [T36] leaf pattern=037547???? got=14 saved=14
2026-05-23 14:57:03,842 INFO [T40] leaf pattern=037548???? got=11 saved=11
2026-05-23 14:57:03,869 INFO [T46] leaf pattern=037549???? got=19 saved=19
2026-05-23 14:57:04,002 INFO [T35] leaf pattern=037550???? got=7 saved=7
2026-05-23 14:57:04,057 INFO [T28] leaf pattern=037551???? got=6 saved=6
2026-05-23 14:57:04,190 INFO [T19] D1N refreshed a73dd81ed3a7d36c…
2026-05-23 14:57:04,194 INFO [T15] leaf pattern=037554???? got=19 saved=19
2026-05-23 14:57:04,216 INFO [T33] leaf pattern=037552???? got=17 saved=17
2026-05-23 14:57:04,259 INFO [T31] leaf pattern=037555???? got=0 saved=0
2026-05-23 14:57:04,263 INFO [T6] leaf pattern=037540???? got=11 saved=11
2026-05-23 14:57:04,415 INFO [T18] leaf pattern=037556???? got=8 saved=8
2026-05-23 14:57:04,419 INFO [T47] D1N refreshed fcc0d998f43eb205…
2026-05-23 14:57:04,451 INFO [T11] leaf pattern=037557???? got=6 saved=6
2026-05-23 14:57:04,501 INFO [T3] leaf pattern=037559???? got=13 saved=13
2026-05-23 14:57:04,544 INFO [T45] leaf pattern=037558???? got=11 saved=11
2026-05-23 14:57:04,564 INFO [T26] leaf pattern=037553???? got=12 saved=12
2026-05-23 14:57:04,571 INFO [T49] leaf pattern=037591???? got=8 saved=8
2026-05-23 14:57:04,579 INFO [T13] leaf pattern=037590???? got=7 saved=7
2026-05-23 14:57:04,817 INFO [T20] leaf pattern=037592???? got=15 saved=15
2026-05-23 14:57:04,847 INFO [T48] leaf pattern=037593???? got=6 saved=6
2026-05-23 14:57:05,010 INFO [T32] leaf pattern=037594???? got=7 saved=7
2026-05-23 14:57:05,080 INFO [T29] leaf pattern=037596???? got=16 saved=16
2026-05-23 14:57:05,094 INFO [T2] leaf pattern=037597???? got=11 saved=11
2026-05-23 14:57:05,117 INFO [T21] leaf pattern=037599???? got=3 saved=3
2026-05-23 14:57:05,203 INFO [T42] leaf pattern=037595???? got=6 saved=6
2026-05-23 14:57:05,207 INFO [T22] leaf pattern=037598???? got=4 saved=4
2026-05-23 14:57:05,219 WARNING [T10] ec=1 rate limited, rotating IP
2026-05-23 14:57:05,219 INFO [T10] rotate IP 54475b96 → 9c64c247
2026-05-23 14:57:05,256 INFO [T38] leaf pattern=037401???? got=2 saved=2
2026-05-23 14:57:05,268 INFO [T43] leaf pattern=037402???? got=7 saved=7
2026-05-23 14:57:05,354 INFO [T50] leaf pattern=037404???? got=11 saved=11
2026-05-23 14:57:05,506 INFO [T12] leaf pattern=037405???? got=13 saved=13
2026-05-23 14:57:05,600 INFO [T23] leaf pattern=037407???? got=11 saved=11
2026-05-23 14:57:05,661 INFO [T7] leaf pattern=037408???? got=4 saved=4
2026-05-23 14:57:05,692 INFO [T17] leaf pattern=037580???? got=8 saved=8
2026-05-23 14:57:05,743 INFO [T8] leaf pattern=037409???? got=12 saved=12
2026-05-23 14:57:05,780 INFO [T37] leaf pattern=037581???? got=13 saved=13
2026-05-23 14:57:05,788 INFO [T30] leaf pattern=037406???? got=11 saved=11
2026-05-23 14:57:05,806 INFO [T27] leaf pattern=037582???? got=7 saved=7
2026-05-23 14:57:05,889 INFO [T16] leaf pattern=037584???? got=16 saved=16
2026-05-23 14:57:06,094 INFO [T5] leaf pattern=037585???? got=11 saved=11
2026-05-23 14:57:06,119 INFO [T1] leaf pattern=037400???? got=3 saved=3
2026-05-23 14:57:06,159 INFO [T9] leaf pattern=037586???? got=12 saved=12
2026-05-23 14:57:06,229 INFO [T14] leaf pattern=037588???? got=4 saved=4
2026-05-23 14:57:06,292 INFO [T41] leaf pattern=037420???? got=15 saved=15
2026-05-23 14:57:06,305 INFO [T44] leaf pattern=037587???? got=12 saved=12
2026-05-23 14:57:06,358 INFO [T24] leaf pattern=037589???? got=12 saved=12
2026-05-23 14:57:06,397 INFO [T25] leaf pattern=037421???? got=6 saved=6
2026-05-23 14:57:06,428 INFO [T4] leaf pattern=037422???? got=7 saved=7
2026-05-23 14:57:06,513 INFO [T39] leaf pattern=037423???? got=5 saved=5
2026-05-23 14:57:06,570 INFO [T36] leaf pattern=037424???? got=10 saved=10
2026-05-23 14:57:06,636 WARNING [T10] SSLError attempt=1/3 pattern=037403????: HTTPSConnectionPool(host='vietteltelecom.vn', port=443): Max retries exceeded with url: /api/get/sim (Caused by SSLError
2026-05-23 14:57:06,636 INFO [T10] rotate IP 9c64c247 → caa9c212
2026-05-23 14:57:06,785 INFO [T34] leaf pattern=037583???? got=13 saved=13
2026-05-23 14:57:06,804 INFO [T46] leaf pattern=037426???? got=15 saved=15
2026-05-23 14:57:06,813 INFO [T40] leaf pattern=037425???? got=10 saved=10
2026-05-23 14:57:07,003 INFO [T28] leaf pattern=037428???? got=14 saved=14
2026-05-23 14:57:07,115 INFO [T15] leaf pattern=037429???? got=15 saved=15
2026-05-23 14:57:07,130 INFO [T33] leaf pattern=037470???? got=11 saved=11
2026-05-23 14:57:07,225 INFO [T6] leaf pattern=037471???? got=12 saved=12
2026-05-23 14:57:07,230 INFO [T31] leaf pattern=037472???? got=8 saved=8
2026-05-23 14:57:07,301 INFO [T35] leaf pattern=037427???? got=14 saved=14
2026-05-23 14:57:07,420 INFO [T3] leaf pattern=037475???? got=9 saved=9
2026-05-23 14:57:07,446 INFO [T11] leaf pattern=037474???? got=4 saved=4
2026-05-23 14:57:07,464 INFO [T26] leaf pattern=037477???? got=0 saved=0
2026-05-23 14:57:07,480 INFO [T49] leaf pattern=037478???? got=6 saved=6
2026-05-23 14:57:07,527 INFO [T18] leaf pattern=037473???? got=8 saved=8
2026-05-23 14:57:07,553 INFO [T45] leaf pattern=037476???? got=4 saved=4
2026-05-23 14:57:07,567 INFO [T13] leaf pattern=037479???? got=4 saved=4
2026-05-23 14:57:07,743 INFO [T20] leaf pattern=037450???? got=7 saved=7
2026-05-23 14:57:07,885 INFO [T48] leaf pattern=037451???? got=13 saved=13
2026-05-23 14:57:08,002 INFO [T32] leaf pattern=037452???? got=12 saved=12
2026-05-23 14:57:08,018 INFO [T29] leaf pattern=037453???? got=12 saved=12
2026-05-23 14:57:08,034 INFO [T2] leaf pattern=037454???? got=6 saved=6
2026-05-23 14:57:08,059 INFO [T21] leaf pattern=037455???? got=2 saved=2
2026-05-23 14:57:08,239 INFO [T43] leaf pattern=037459???? got=14 saved=14
2026-05-23 14:57:08,272 INFO [T19] leaf pattern=037519???? got=15 saved=15
2026-05-23 14:57:08,300 INFO [T50] leaf pattern=037480???? got=9 saved=9
2026-05-23 14:57:08,326 INFO [T38] leaf pattern=037458???? got=8 saved=8
2026-05-23 14:57:08,351 INFO [T42] leaf pattern=037456???? got=7 saved=7
2026-05-23 14:57:08,443 INFO [T22] leaf pattern=037457???? got=8 saved=8
2026-05-23 14:57:08,533 INFO [T12] leaf pattern=037481???? got=6 saved=6
2026-05-23 14:57:08,548 INFO [T7] leaf pattern=037483???? got=8 saved=8
2026-05-23 14:57:08,577 INFO [T23] leaf pattern=037482???? got=8 saved=8
2026-05-23 14:57:08,600 INFO [T17] leaf pattern=037484???? got=7 saved=7
2026-05-23 14:57:08,675 INFO [T8] leaf pattern=037485???? got=10 saved=10
2026-05-23 14:57:08,727 INFO [T47] leaf pattern=037532???? got=14 saved=14
2026-05-23 14:57:08,735 INFO [T30] leaf pattern=037487???? got=15 saved=15
2026-05-23 14:57:08,757 INFO [T37] leaf pattern=037486???? got=8 saved=8
2026-05-23 14:57:08,781 INFO [T27] leaf pattern=037488???? got=5 saved=5
2026-05-23 14:57:08,821 INFO [T16] leaf pattern=037489???? got=6 saved=6
2026-05-23 14:57:09,048 INFO [T1] leaf pattern=037461???? got=14 saved=14
2026-05-23 14:57:09,053 INFO [T5] leaf pattern=037460???? got=19 saved=19
2026-05-23 14:57:09,137 INFO [T14] leaf pattern=037463???? got=18 saved=18
2026-05-23 14:57:09,210 INFO [T44] leaf pattern=037465???? got=18 saved=18
2026-05-23 14:57:09,320 INFO [T25] leaf pattern=037467???? got=11 saved=11
2026-05-23 14:57:09,328 INFO [T24] leaf pattern=037466???? got=11 saved=11
2026-05-23 14:57:09,341 INFO [T9] leaf pattern=037462???? got=19 saved=19
2026-05-23 14:57:09,443 INFO [T4] leaf pattern=037468???? got=9 saved=9
2026-05-23 14:57:09,461 INFO [T39] leaf pattern=037469???? got=10 saved=10
2026-05-23 14:57:09,490 INFO [T10] D1N refreshed e235707dd2097fdc…
2026-05-23 14:57:09,502 INFO [T36] leaf pattern=037490???? got=12 saved=12
2026-05-23 14:57:09,631 INFO [T41] leaf pattern=037464???? got=12 saved=12
2026-05-23 14:57:09,675 INFO [T46] leaf pattern=037492???? got=12 saved=12
2026-05-23 14:57:09,701 INFO [T34] leaf pattern=037491???? got=13 saved=13
2026-05-23 14:57:09,728 INFO [T40] leaf pattern=037493???? got=11 saved=11
2026-05-23 14:57:09,995 INFO [T28] leaf pattern=037494???? got=8 saved=8
2026-05-23 14:57:10,034 INFO [T15] leaf pattern=037495???? got=13 saved=13
2026-05-23 14:57:10,131 INFO [T33] leaf pattern=037496???? got=8 saved=8
2026-05-23 14:57:10,210 INFO [T31] leaf pattern=037498???? got=8 saved=8
2026-05-23 14:57:10,215 INFO [T35] leaf pattern=037499???? got=5 saved=5
2026-05-23 14:57:10,318 INFO [T6] leaf pattern=037497???? got=13 saved=13
2026-05-23 14:57:10,353 INFO [T3] leaf pattern=037430???? got=6 saved=6
2026-05-23 14:57:10,379 INFO [T26] leaf pattern=037432???? got=17 saved=17
2026-05-23 14:57:10,393 INFO [T49] leaf pattern=037433???? got=11 saved=11
2026-05-23 14:57:10,435 WARNING [T45] ec=1 rate limited, rotating IP
2026-05-23 14:57:10,435 INFO [T45] rotate IP 2913ea35 → 1dde49cd
2026-05-23 14:57:10,470 INFO [T18] leaf pattern=037434???? got=10 saved=10
2026-05-23 14:57:10,490 INFO [T13] leaf pattern=037436???? got=10 saved=10
2026-05-23 14:57:10,564 INFO [T11] leaf pattern=037431???? got=22 saved=22
2026-05-23 14:57:10,888 INFO [T48] leaf pattern=037438???? got=15 saved=15
2026-05-23 14:57:10,924 INFO [T20] leaf pattern=037437???? got=6 saved=6
2026-05-23 14:57:10,949 INFO [T2] leaf pattern=037571???? got=8 saved=8
2026-05-23 14:57:10,980 INFO [T29] leaf pattern=037570???? got=14 saved=14
2026-05-23 14:57:11,030 INFO [T21] leaf pattern=037572???? got=4 saved=4
2026-05-23 14:57:11,106 INFO [T32] leaf pattern=037439???? got=11 saved=11
2026-05-23 14:57:11,193 INFO [T43] leaf pattern=037573???? got=9 saved=9
2026-05-23 14:57:11,209 INFO [T19] leaf pattern=037574???? got=7 saved=7
2026-05-23 14:57:11,302 INFO [T50] leaf pattern=037575???? got=7 saved=7
2026-05-23 14:57:11,316 INFO [T38] leaf pattern=037576???? got=5 saved=5
2026-05-23 14:57:11,330 INFO [T42] leaf pattern=037577???? got=4 saved=4
2026-05-23 14:57:11,509 INFO [T7] leaf pattern=037600???? got=4 saved=4
2026-05-23 14:57:11,525 INFO [T23] leaf pattern=037601???? got=26 saved=26
2026-05-23 14:57:11,534 INFO [T12] leaf pattern=037579???? got=7 saved=7
2026-05-23 14:57:11,654 INFO [T47] expand pattern=037604???? got=30 ≥ 30 → split into 10 children
2026-05-23 14:57:11,669 INFO [T37] leaf pattern=037606???? got=21 saved=21
2026-05-23 14:57:11,677 INFO [T17] leaf pattern=037602???? got=25 saved=25
2026-05-23 14:57:11,697 INFO [T8] leaf pattern=037603???? got=26 saved=26
2026-05-23 14:57:11,748 INFO [T16] leaf pattern=037608???? got=24 saved=24
2026-05-23 14:57:11,783 INFO [T27] leaf pattern=037607???? got=23 saved=23
2026-05-23 14:57:11,791 INFO [T22] leaf pattern=037578???? got=7 saved=7
2026-05-23 14:57:11,994 INFO [T1] leaf pattern=037609???? got=22 saved=22
2026-05-23 14:57:12,007 INFO [T5] leaf pattern=037610???? got=22 saved=22
2026-05-23 14:57:12,071 INFO [T14] leaf pattern=037611???? got=7 saved=7
2026-05-23 14:57:12,122 INFO [T44] leaf pattern=037612???? got=7 saved=7
2026-05-23 14:57:12,129 INFO [T30] leaf pattern=037605???? got=24 saved=24
2026-05-23 14:57:12,322 INFO [T24] leaf pattern=037614???? got=15 saved=15
2026-05-23 14:57:12,336 INFO [T9] leaf pattern=037615???? got=14 saved=14
2026-05-23 14:57:12,392 INFO [T39] leaf pattern=037617???? got=18 saved=18
2026-05-23 14:57:12,513 INFO [T41] leaf pattern=037619???? got=10 saved=10
2026-05-23 14:57:12,517 INFO [T36] leaf pattern=037618???? got=9 saved=9
2026-05-23 14:57:12,640 INFO [T25] leaf pattern=037613???? got=9 saved=9
2026-05-23 14:57:12,645 INFO [T46] leaf pattern=037560???? got=10 saved=10
2026-05-23 14:57:12,667 INFO [T40] leaf pattern=037562???? got=6 saved=6
2026-05-23 14:57:12,685 INFO [T34] leaf pattern=037561???? got=5 saved=5
2026-05-23 14:57:12,950 INFO [T28] leaf pattern=037563???? got=10 saved=10
2026-05-23 14:57:13,009 INFO [T33] leaf pattern=037565???? got=7 saved=7
2026-05-23 14:57:13,082 INFO [T31] leaf pattern=037566???? got=4 saved=4
2026-05-23 14:57:13,107 INFO [T15] leaf pattern=037564???? got=16 saved=16
2026-05-23 14:57:13,120 INFO [T35] leaf pattern=037567???? got=5 saved=5
2026-05-23 14:57:13,148 INFO [T4] leaf pattern=037616???? got=9 saved=9
2026-05-23 14:57:13,206 WARNING [T18] ec=1 rate limited, rotating IP
2026-05-23 14:57:13,207 INFO [T18] rotate IP 808afa3d → 3c8d8eef
2026-05-23 14:57:13,278 INFO [T3] leaf pattern=037569???? got=14 saved=14
2026-05-23 14:57:13,322 INFO [T26] leaf pattern=037630???? got=16 saved=16
2026-05-23 14:57:13,454 INFO [T13] leaf pattern=037633???? got=1 saved=1
2026-05-23 14:57:13,533 INFO [T11] leaf pattern=037634???? got=16 saved=16
2026-05-23 14:57:13,543 INFO [T6] leaf pattern=037568???? got=18 saved=18
2026-05-23 14:57:13,596 INFO [T49] leaf pattern=037631???? got=19 saved=19
2026-05-23 14:57:13,648 WARNING [T48] ec=1 rate limited, rotating IP
2026-05-23 14:57:13,648 INFO [T48] rotate IP 89568d77 → 2a10b069
2026-05-23 14:57:13,747 INFO [T10] leaf pattern=037403???? got=10 saved=10
2026-05-23 14:57:13,830 INFO [T20] leaf pattern=037636???? got=10 saved=10
2026-05-23 14:57:13,862 INFO [T2] leaf pattern=037637???? got=13 saved=13
2026-05-23 14:57:13,939 INFO [T29] leaf pattern=037638???? got=14 saved=14
2026-05-23 14:57:13,956 INFO [T21] leaf pattern=037639???? got=13 saved=13
2026-05-23 14:57:14,097 INFO [T32] leaf pattern=037650???? got=12 saved=12
2026-05-23 14:57:14,150 INFO [T43] leaf pattern=037651???? got=12 saved=12
2026-05-23 14:57:14,207 INFO [T50] leaf pattern=037653???? got=10 saved=10
2026-05-23 14:57:14,250 INFO [T42] leaf pattern=037655???? got=4 saved=4
2026-05-23 14:57:14,411 INFO [T38] leaf pattern=037654???? got=8 saved=8
2026-05-23 14:57:14,431 INFO [T19] leaf pattern=037652???? got=4 saved=4
2026-05-23 14:57:14,435 INFO [T23] leaf pattern=037657???? got=6 saved=6
2026-05-23 14:57:14,452 INFO [T7] leaf pattern=037656???? got=8 saved=8
2026-05-23 14:57:14,560 INFO [T37] leaf pattern=037640???? got=20 saved=20
2026-05-23 14:57:14,591 INFO [T12] leaf pattern=037658???? got=8 saved=8
2026-05-23 14:57:14,604 INFO [T47] leaf pattern=037659???? got=7 saved=7
2026-05-23 14:57:14,626 INFO [T8] leaf pattern=037642???? got=18 saved=18
2026-05-23 14:57:14,654 INFO [T17] leaf pattern=037641???? got=16 saved=16
2026-05-23 14:57:14,709 INFO [T16] leaf pattern=037643???? got=11 saved=11
2026-05-23 14:57:14,749 INFO [T27] leaf pattern=037644???? got=10 saved=10
2026-05-23 14:57:14,827 INFO [T22] leaf pattern=037645???? got=10 saved=10
2026-05-23 14:57:14,910 INFO [T1] leaf pattern=037646???? got=12 saved=12
2026-05-23 14:57:14,981 INFO [T14] leaf pattern=037648???? got=14 saved=14
2026-05-23 14:57:15,040 INFO [T44] leaf pattern=037649???? got=8 saved=8
2026-05-23 14:57:15,220 INFO [T30] leaf pattern=037440???? got=16 saved=16
2026-05-23 14:57:15,240 INFO [T24] leaf pattern=037441???? got=11 saved=11
2026-05-23 14:57:15,260 INFO [T18] D1N refreshed dc7f0a885e3b6f22…
2026-05-23 14:57:15,264 INFO [T9] leaf pattern=037442???? got=7 saved=7
2026-05-23 14:57:15,334 INFO [T39] leaf pattern=037443???? got=10 saved=10
2026-05-23 14:57:15,382 INFO [T5] leaf pattern=037647???? got=9 saved=9
2026-05-23 14:57:15,394 INFO [T36] leaf pattern=037445???? got=9 saved=9
2026-05-23 14:57:15,463 INFO [T25] leaf pattern=037446???? got=7 saved=7
2026-05-23 14:57:15,541 INFO [T46] leaf pattern=037447???? got=4 saved=4
2026-05-23 14:57:15,573 INFO [T40] leaf pattern=037448???? got=7 saved=7
2026-05-23 14:57:15,647 INFO [T34] leaf pattern=037449???? got=8 saved=8
2026-05-23 14:57:15,678 INFO [T41] leaf pattern=037444???? got=3 saved=3
2026-05-23 14:57:15,844 WARNING [T45] ConnectionError attempt=1/3 pattern=037435????: ('Connection aborted.', ConnectionResetError(10054, 'An existing connection was forcibly closed by the remote host', Non
2026-05-23 14:57:15,844 INFO [T45] rotate IP 1dde49cd → 7aefa530
2026-05-23 14:57:15,908 INFO [T33] leaf pattern=037691???? got=15 saved=15
2026-05-23 14:57:15,927 INFO [T28] leaf pattern=037690???? got=11 saved=11
2026-05-23 14:57:16,036 INFO [T15] leaf pattern=037693???? got=20 saved=20
2026-05-23 14:57:16,041 WARNING [T48] SSLError attempt=1/3 pattern=037635????: HTTPSConnectionPool(host='vietteltelecom.vn', port=443): Max retries exceeded with url: /api/get/sim (Caused by SSLError
2026-05-23 14:57:16,041 INFO [T48] rotate IP 2a10b069 → 15944ef1
2026-05-23 14:57:16,100 INFO [T4] leaf pattern=037695???? got=20 saved=20
2026-05-23 14:57:16,113 INFO [T35] leaf pattern=037694???? got=25 saved=25
2026-05-23 14:57:16,189 INFO [T3] leaf pattern=037696???? got=14 saved=14
2026-05-23 14:57:16,194 INFO [T31] leaf pattern=037692???? got=15 saved=15
2026-05-23 14:57:16,452 INFO [T13] leaf pattern=037698???? got=16 saved=16
2026-05-23 14:57:16,469 INFO [T49] leaf pattern=037671???? got=18 saved=18
2026-05-23 14:57:16,481 INFO [T11] leaf pattern=037699???? got=4 saved=4
2026-05-23 14:57:16,591 INFO [T6] leaf pattern=037670???? got=12 saved=12
2026-05-23 14:57:16,670 INFO [T10] leaf pattern=037672???? got=7 saved=7
2026-05-23 14:57:16,762 WARNING [T29] ec=1 rate limited, rotating IP
2026-05-23 14:57:16,762 INFO [T29] rotate IP 74091968 → 5451bfe4
2026-05-23 14:57:16,766 INFO [T20] leaf pattern=037673???? got=19 saved=19
2026-05-23 14:57:16,802 INFO [T2] leaf pattern=037674???? got=15 saved=15
2026-05-23 14:57:17,016 WARNING [T50] ec=1 rate limited, rotating IP
2026-05-23 14:57:17,016 INFO [T50] rotate IP 51dc68a7 → 47fa78ff
2026-05-23 14:57:17,049 INFO [T32] leaf pattern=037677???? got=2 saved=2
2026-05-23 14:57:17,074 INFO [T43] leaf pattern=037678???? got=5 saved=5
2026-05-23 14:57:17,184 INFO [T21] leaf pattern=037676???? got=3 saved=3
2026-05-23 14:57:17,200 WARNING [T23] ec=1 rate limited, rotating IP
2026-05-23 14:57:17,200 INFO [T23] rotate IP e89c947f → 1c47b875
2026-05-23 14:57:17,252 INFO [T42] leaf pattern=037680???? got=13 saved=13
2026-05-23 14:57:17,328 INFO [T7] leaf pattern=037684???? got=6 saved=6
2026-05-23 14:57:17,354 INFO [T38] leaf pattern=037681???? got=11 saved=11
2026-05-23 14:57:17,405 INFO [T26] leaf pattern=037697???? got=22 saved=22
2026-05-23 14:57:17,471 INFO [T37] leaf pattern=037685???? got=7 saved=7
2026-05-23 14:57:17,574 INFO [T47] leaf pattern=037687???? got=17 saved=17
2026-05-23 14:57:17,578 INFO [T12] leaf pattern=037686???? got=6 saved=6
2026-05-23 14:57:17,595 INFO [T17] leaf pattern=037689???? got=11 saved=11
2026-05-23 14:57:17,603 INFO [T8] leaf pattern=037688???? got=5 saved=5
2026-05-23 14:57:17,653 INFO [T16] leaf pattern=037660???? got=7 saved=7
2026-05-23 14:57:17,745 INFO [T22] leaf pattern=037662???? got=3 saved=3
2026-05-23 14:57:17,768 INFO [T19] leaf pattern=037682???? got=16 saved=16
2026-05-23 14:57:17,788 INFO [T1] leaf pattern=037663???? got=8 saved=8
2026-05-23 14:57:17,879 INFO [T14] leaf pattern=037664???? got=12 saved=12
2026-05-23 14:57:17,952 INFO [T44] leaf pattern=037665???? got=10 saved=10
2026-05-23 14:57:18,099 INFO [T30] leaf pattern=037666???? got=0 saved=0
2026-05-23 14:57:18,113 INFO [T24] leaf pattern=037667???? got=3 saved=3
2026-05-23 14:57:18,200 WARNING [T25] ec=1 rate limited, rotating IP
2026-05-23 14:57:18,201 INFO [T25] rotate IP ffe8fef0 → fc9a272b
2026-05-23 14:57:18,216 INFO [T27] leaf pattern=037661???? got=12 saved=12
2026-05-23 14:57:18,251 INFO [T39] leaf pattern=037669???? got=8 saved=8
2026-05-23 14:57:18,391 INFO [T5] leaf pattern=037900???? got=5 saved=5
2026-05-23 14:57:18,412 INFO [T36] leaf pattern=037901???? got=11 saved=11
2026-05-23 14:57:18,418 INFO [T9] leaf pattern=037668???? got=12 saved=12
2026-05-23 14:57:18,421 INFO [T46] leaf pattern=037903???? got=10 saved=10
2026-05-23 14:57:18,512 INFO [T40] leaf pattern=037904???? got=11 saved=11
2026-05-23 14:57:18,553 INFO [T29] D1N refreshed 54c474cd0c6f332b…
2026-05-23 14:57:18,621 INFO [T34] leaf pattern=037905???? got=22 saved=22
2026-05-23 14:57:18,643 INFO [T45] D1N refreshed b9f3f552f75bf07b…
2026-05-23 14:57:18,710 INFO [T41] leaf pattern=037906???? got=25 saved=25
2026-05-23 14:57:18,826 WARNING [T35] ec=1 rate limited, rotating IP
2026-05-23 14:57:18,826 INFO [T35] rotate IP f6218523 → abafb64f
2026-05-23 14:57:18,881 INFO [T33] leaf pattern=037907???? got=12 saved=12
2026-05-23 14:57:18,893 INFO [T28] leaf pattern=037908???? got=12 saved=12
2026-05-23 14:57:18,930 INFO [T15] leaf pattern=037909???? got=12 saved=12
2026-05-23 14:57:18,949 INFO [T4] leaf pattern=037940???? got=10 saved=10
2026-05-23 14:57:19,093 INFO [T3] leaf pattern=037942???? got=12 saved=12
2026-05-23 14:57:19,110 INFO [T48] D1N refreshed b4e118722ccc861f…
2026-05-23 14:57:19,279 INFO [T31] leaf pattern=037943???? got=11 saved=11
2026-05-23 14:57:19,323 INFO [T18] leaf pattern=037632???? got=9 saved=9
2026-05-23 14:57:19,465 INFO [T49] leaf pattern=037945???? got=5 saved=5
2026-05-23 14:57:19,487 INFO [T13] leaf pattern=037944???? got=2 saved=2
2026-05-23 14:57:19,585 INFO [T11] leaf pattern=037946???? got=9 saved=9
2026-05-23 14:57:19,604 INFO [T6] leaf pattern=037947???? got=11 saved=11
2026-05-23 14:57:19,619 INFO [T10] leaf pattern=037948???? got=8 saved=8
2026-05-23 14:57:19,684 INFO [T2] leaf pattern=037910???? got=12 saved=12
2026-05-23 14:57:19,770 INFO [T20] leaf pattern=037949???? got=7 saved=7
2026-05-23 14:57:19,964 INFO [T25] D1N refreshed 8d06314b9f9aea19…
2026-05-23 14:57:20,016 INFO [T43] leaf pattern=037912???? got=11 saved=11
2026-05-23 14:57:20,119 INFO [T21] leaf pattern=037913???? got=5 saved=5
2026-05-23 14:57:20,123 INFO [T50] D1N refreshed db87ce4398da1d87…
2026-05-23 14:57:20,248 INFO [T7] leaf pattern=037915???? got=5 saved=5
2026-05-23 14:57:20,304 INFO [T32] leaf pattern=037911???? got=3 saved=3
2026-05-23 14:57:20,330 INFO [T38] leaf pattern=037916???? got=7 saved=7
2026-05-23 14:57:20,343 INFO [T26] leaf pattern=037917???? got=9 saved=9
2026-05-23 14:57:20,379 INFO [T37] leaf pattern=037918???? got=11 saved=11
2026-05-23 14:57:20,498 INFO [T17] leaf pattern=037951???? got=6 saved=6
2026-05-23 14:57:20,516 INFO [T8] leaf pattern=037952???? got=7 saved=7
2026-05-23 14:57:20,527 INFO [T47] leaf pattern=037919???? got=6 saved=6
2026-05-23 14:57:20,554 INFO [T35] D1N refreshed 3f00d9034823f25e…
2026-05-23 14:57:20,568 INFO [T42] leaf pattern=037914???? got=11 saved=11
2026-05-23 14:57:20,672 INFO [T12] leaf pattern=037950???? got=13 saved=13
2026-05-23 14:57:20,752 INFO [T19] leaf pattern=037955???? got=3 saved=3
2026-05-23 14:57:20,785 INFO [T1] leaf pattern=037956???? got=8 saved=8
2026-05-23 14:57:20,797 INFO [T22] leaf pattern=037954???? got=8 saved=8
2026-05-23 14:57:20,859 INFO [T44] leaf pattern=037958???? got=9 saved=9
2026-05-23 14:57:20,931 INFO [T14] leaf pattern=037957???? got=5 saved=5
2026-05-23 14:57:20,955 INFO [T16] leaf pattern=037953???? got=6 saved=6
2026-05-23 14:57:21,008 INFO [T24] leaf pattern=037970???? got=11 saved=11
2026-05-23 14:57:21,061 INFO [T30] leaf pattern=037959???? got=7 saved=7
2026-05-23 14:57:21,172 INFO [T27] leaf pattern=037971???? got=14 saved=14
2026-05-23 14:57:21,212 INFO [T39] leaf pattern=037972???? got=8 saved=8
2026-05-23 14:57:21,298 INFO [T5] leaf pattern=037973???? got=5 saved=5
2026-05-23 14:57:21,310 INFO [T46] leaf pattern=037976???? got=4 saved=4
2026-05-23 14:57:21,314 INFO [T36] leaf pattern=037974???? got=17 saved=17
2026-05-23 14:57:21,412 INFO [T40] leaf pattern=037977???? got=5 saved=5
2026-05-23 14:57:21,431 INFO [T9] leaf pattern=037975???? got=7 saved=7
2026-05-23 14:57:21,580 INFO [T34] leaf pattern=037978???? got=4 saved=4
2026-05-23 14:57:21,702 INFO [T41] leaf pattern=037979???? got=0 saved=0
2026-05-23 14:57:21,818 INFO [T33] leaf pattern=037960???? got=7 saved=7
2026-05-23 14:57:21,885 INFO [T28] leaf pattern=037961???? got=11 saved=11
2026-05-23 14:57:21,890 INFO [T15] leaf pattern=037962???? got=12 saved=12
2026-05-23 14:57:22,062 WARNING [T45] SSLError attempt=1/3 pattern=037435????: HTTPSConnectionPool(host='vietteltelecom.vn', port=443): Max retries exceeded with url: /api/get/sim (Caused by SSLError
2026-05-23 14:57:22,062 INFO [T45] rotate IP 7aefa530 → b1dc96c8
2026-05-23 14:57:22,226 INFO [T18] leaf pattern=037966???? got=4 saved=4
2026-05-23 14:57:22,240 INFO [T31] leaf pattern=037965???? got=9 saved=9
2026-05-23 14:57:22,325 INFO [T49] leaf pattern=037967???? got=8 saved=8
2026-05-23 14:57:22,344 INFO [T3] leaf pattern=037964???? got=15 saved=15
2026-05-23 14:57:22,377 INFO [T13] leaf pattern=037968???? got=10 saved=10
2026-05-23 14:57:22,490 INFO [T11] leaf pattern=037969???? got=10 saved=10
2026-05-23 14:57:22,595 INFO [T20] leaf pattern=037923???? got=4 saved=4
2026-05-23 14:57:22,604 WARNING [T23] ConnectionError attempt=1/3 pattern=037683????: ('Connection aborted.', ConnectionResetError(10054, 'An existing connection was forcibly closed by the remote host', Non
2026-05-23 14:57:22,604 INFO [T23] rotate IP 1c47b875 → 82133cae
2026-05-23 14:57:22,671 INFO [T6] leaf pattern=037920???? got=11 saved=11
2026-05-23 14:57:22,683 INFO [T29] leaf pattern=037675???? got=16 saved=16
2026-05-23 14:57:22,704 INFO [T10] leaf pattern=037921???? got=17 saved=17
2026-05-23 14:57:23,026 INFO [T43] leaf pattern=037924???? got=13 saved=13
2026-05-23 14:57:23,032 INFO [T2] leaf pattern=037922???? got=2 saved=2
2026-05-23 14:57:23,054 INFO [T21] leaf pattern=037925???? got=19 saved=19
2026-05-23 14:57:23,202 INFO [T7] leaf pattern=037926???? got=7 saved=7
2026-05-23 14:57:23,257 WARNING [T17] ec=1 rate limited, rotating IP
2026-05-23 14:57:23,257 INFO [T17] rotate IP 925873b8 → 5d812c74
2026-05-23 14:57:23,303 WARNING [T8] ec=1 rate limited, rotating IP
2026-05-23 14:57:23,303 INFO [T8] rotate IP b289ed6b → c5d441b6
2026-05-23 14:57:23,304 INFO [T38] leaf pattern=037928???? got=10 saved=10
2026-05-23 14:57:23,344 INFO [T26] leaf pattern=037929???? got=10 saved=10
2026-05-23 14:57:23,358 INFO [T37] leaf pattern=037980???? got=10 saved=10
2026-05-23 14:57:23,380 INFO [T32] leaf pattern=037927???? got=10 saved=10
2026-05-23 14:57:23,397 INFO [T4] leaf pattern=037963???? got=8 saved=8
2026-05-23 14:57:23,416 INFO [T48] leaf pattern=037635???? got=12 saved=12
2026-05-23 14:57:23,454 INFO [T47] leaf pattern=037983???? got=12 saved=12
2026-05-23 14:57:23,665 WARNING [T44] ec=1 rate limited, rotating IP
2026-05-23 14:57:23,665 INFO [T44] rotate IP 07807ad1 → 0e9489ea
2026-05-23 14:57:23,671 INFO [T19] leaf pattern=037986???? got=10 saved=10
2026-05-23 14:57:23,682 INFO [T1] leaf pattern=037987???? got=6 saved=6
2026-05-23 14:57:23,696 INFO [T12] leaf pattern=037985???? got=12 saved=12
2026-05-23 14:57:23,807 WARNING [T24] ec=1 rate limited, rotating IP
2026-05-23 14:57:23,807 INFO [T24] rotate IP 43b4f66b → f58b5005
2026-05-23 14:57:23,821 INFO [T14] leaf pattern=037990???? got=5 saved=5
2026-05-23 14:57:23,824 INFO [T22] leaf pattern=037988???? got=2 saved=2
2026-05-23 14:57:23,859 INFO [T16] leaf pattern=037991???? got=8 saved=8
2026-05-23 14:57:24,085 INFO [T25] leaf pattern=037902???? got=11 saved=11
2026-05-23 14:57:24,093 INFO [T30] leaf pattern=037993???? got=9 saved=9
2026-05-23 14:57:24,190 INFO [T39] leaf pattern=037995???? got=14 saved=14
2026-05-23 14:57:24,194 INFO [T27] leaf pattern=037994???? got=13 saved=13
2026-05-23 14:57:24,228 INFO [T46] leaf pattern=037997???? got=2 saved=2
2026-05-23 14:57:24,255 INFO [T5] leaf pattern=037996???? got=8 saved=8
2026-05-23 14:57:24,352 INFO [T40] leaf pattern=037999???? got=0 saved=0
2026-05-23 14:57:24,366 INFO [T36] leaf pattern=037998???? got=2 saved=2
2026-05-23 14:57:24,415 INFO [T9] leaf pattern=037620???? got=10 saved=10
2026-05-23 14:57:24,486 INFO [T50] leaf pattern=037679???? got=9 saved=9
2026-05-23 14:57:24,552 INFO [T34] leaf pattern=037621???? got=11 saved=11
2026-05-23 14:57:24,562 INFO [T42] leaf pattern=037984???? got=12 saved=12
2026-05-23 14:57:24,625 WARNING [T33] ec=1 rate limited, rotating IP
2026-05-23 14:57:24,625 INFO [T33] rotate IP 8fbc3ad7 → d52fe580
2026-05-23 14:57:24,687 INFO [T41] leaf pattern=037622???? got=7 saved=7
2026-05-23 14:57:24,747 INFO [T15] leaf pattern=037625???? got=13 saved=13
2026-05-23 14:57:24,993 INFO [T35] leaf pattern=037941???? got=10 saved=10
2026-05-23 14:57:25,004 WARNING [T45] D1N unresolved, rotating IP
2026-05-23 14:57:25,005 INFO [T45] rotate IP b1dc96c8 → c419291e
2026-05-23 14:57:25,108 INFO [T18] leaf pattern=037626???? got=5 saved=5
2026-05-23 14:57:25,113 WARNING [T3] ec=1 rate limited, rotating IP
2026-05-23 14:57:25,113 INFO [T3] rotate IP 41ce362f → a786170d
2026-05-23 14:57:25,180 WARNING [T13] ec=1 rate limited, rotating IP
2026-05-23 14:57:25,180 INFO [T13] rotate IP 4ed216bc → 3fff5b37
2026-05-23 14:57:25,195 INFO [T31] leaf pattern=037627???? got=9 saved=9
2026-05-23 14:57:25,212 INFO [T49] leaf pattern=037628???? got=18 saved=18
2026-05-23 14:57:25,390 WARNING [T11] ec=1 rate limited, rotating IP
2026-05-23 14:57:25,390 INFO [T11] rotate IP 9486f81f → b93cf864
2026-05-23 14:57:25,516 INFO [T20] leaf pattern=037712???? got=7 saved=7
2026-05-23 14:57:25,584 INFO [T23] D1N refreshed 670028ff361afa1c…
2026-05-23 14:57:25,596 INFO [T29] leaf pattern=037714???? got=6 saved=6
2026-05-23 14:57:25,664 INFO [T10] leaf pattern=037715???? got=11 saved=11
2026-05-23 14:57:25,680 INFO [T6] leaf pattern=037713???? got=4 saved=4
2026-05-23 14:57:25,779 INFO [T24] D1N refreshed 5c0314181e3ff473…
2026-05-23 14:57:25,798 WARNING [T21] ec=1 rate limited, rotating IP
2026-05-23 14:57:25,798 INFO [T21] rotate IP 18c03791 → fdc98059
2026-05-23 14:57:25,844 INFO [T28] leaf pattern=037624???? got=16 saved=16
2026-05-23 14:57:25,895 INFO [T43] leaf pattern=037716???? got=8 saved=8
2026-05-23 14:57:25,924 INFO [T2] leaf pattern=037718???? got=10 saved=10
2026-05-23 14:57:25,936 WARNING [T7] ec=1 rate limited, rotating IP
2026-05-23 14:57:25,936 INFO [T7] rotate IP 7d86d94f → f03a0511
2026-05-23 14:57:26,066 INFO [T44] D1N refreshed 6c4ca34944db952e…
2026-05-23 14:57:26,165 INFO [T37] leaf pattern=037792???? got=10 saved=10
2026-05-23 14:57:26,181 INFO [T38] leaf pattern=037790???? got=7 saved=7
2026-05-23 14:57:26,199 INFO [T26] leaf pattern=037791???? got=8 saved=8
2026-05-23 14:57:26,299 INFO [T4] leaf pattern=037794???? got=13 saved=13
2026-05-23 14:57:26,434 INFO [T47] leaf pattern=037796???? got=8 saved=8
2026-05-23 14:57:26,439 INFO [T32] leaf pattern=037793???? got=6 saved=6
2026-05-23 14:57:26,466 INFO [T33] D1N refreshed 8cb3e6bb03712792…
2026-05-23 14:57:26,651 INFO [T12] leaf pattern=037799???? got=0 saved=0
2026-05-23 14:57:26,692 INFO [T19] leaf pattern=037797???? got=5 saved=5
2026-05-23 14:57:26,732 INFO [T14] leaf pattern=037760???? got=4 saved=4
2026-05-23 14:57:26,764 INFO [T45] D1N refreshed e92380b0edf5c790…
2026-05-23 14:57:26,792 INFO [T1] leaf pattern=037798???? got=2 saved=2
2026-05-23 14:57:26,817 INFO [T16] leaf pattern=037762???? got=5 saved=5
2026-05-23 14:57:26,828 INFO [T48] leaf pattern=037795???? got=8 saved=8
2026-05-23 14:57:26,845 INFO [T22] leaf pattern=037761???? got=7 saved=7
2026-05-23 14:57:26,889 INFO [T3] D1N refreshed 400af147f034ce06…
2026-05-23 14:57:26,967 INFO [T13] D1N refreshed 2abb3bd3356c6b41…
2026-05-23 14:57:26,982 INFO [T25] leaf pattern=037763???? got=1 saved=1
2026-05-23 14:57:26,998 INFO [T30] leaf pattern=037764???? got=4 saved=4
2026-05-23 14:57:27,025 INFO [T39] leaf pattern=037765???? got=8 saved=8
2026-05-23 14:57:27,043 WARNING [T46] ec=1 rate limited, rotating IP
2026-05-23 14:57:27,043 INFO [T46] rotate IP 5d989bab → 72c26d12
2026-05-23 14:57:27,100 INFO [T27] leaf pattern=037766???? got=1 saved=1
2026-05-23 14:57:27,193 WARNING [T36] ec=1 rate limited, rotating IP
2026-05-23 14:57:27,193 INFO [T36] rotate IP 8bde0f24 → 13f3afb6
2026-05-23 14:57:27,217 INFO [T5] leaf pattern=037768???? got=5 saved=5
2026-05-23 14:57:27,306 INFO [T40] leaf pattern=037769???? got=4 saved=4
2026-05-23 14:57:27,429 INFO [T50] leaf pattern=037722???? got=1 saved=1
2026-05-23 14:57:27,464 INFO [T9] leaf pattern=037721???? got=3 saved=3
2026-05-23 14:57:27,488 INFO [T42] leaf pattern=037724???? got=4 saved=4
2026-05-23 14:57:27,518 INFO [T34] leaf pattern=037723???? got=2 saved=2
2026-05-23 14:57:27,624 INFO [T41] leaf pattern=037725???? got=2 saved=2
2026-05-23 14:57:27,676 INFO [T7] D1N refreshed 5212dfd24f21c71d…
2026-05-23 14:57:27,696 INFO [T15] leaf pattern=037726???? got=7 saved=7
2026-05-23 14:57:27,956 INFO [T35] leaf pattern=037727???? got=3 saved=3
2026-05-23 14:57:28,086 INFO [T18] leaf pattern=037728???? got=6 saved=6
2026-05-23 14:57:28,141 INFO [T49] leaf pattern=037740???? got=8 saved=8
2026-05-23 14:57:28,180 INFO [T31] leaf pattern=037729???? got=9 saved=9
2026-05-23 14:57:28,414 INFO [T20] leaf pattern=037741???? got=0 saved=0
2026-05-23 14:57:28,461 WARNING [T46] SSLError attempt=1/3 pattern=037767????: HTTPSConnectionPool(host='vietteltelecom.vn', port=443): Max retries exceeded with url: /api/get/sim (Caused by SSLError
2026-05-23 14:57:28,461 INFO [T46] rotate IP 72c26d12 → ea2ad224
2026-05-23 14:57:28,486 INFO [T11] D1N refreshed 6ed759d45b91c060…
2026-05-23 14:57:28,612 INFO [T29] leaf pattern=037742???? got=7 saved=7
2026-05-23 14:57:28,643 INFO [T10] leaf pattern=037743???? got=11 saved=11
2026-05-23 14:57:28,670 WARNING [T17] ConnectionError attempt=1/3 pattern=037981????: ('Connection aborted.', ConnectionResetError(10054, 'An existing connection was forcibly closed by the remote host', Non
2026-05-23 14:57:28,670 INFO [T17] rotate IP 5d812c74 → 79157c51
2026-05-23 14:57:28,709 WARNING [T43] ec=1 rate limited, rotating IP
2026-05-23 14:57:28,709 INFO [T43] rotate IP ffaa4daf → 0596e53b
2026-05-23 14:57:28,725 WARNING [T8] ConnectionError attempt=1/3 pattern=037982????: ('Connection aborted.', ConnectionResetError(10054, 'An existing connection was forcibly closed by the remote host', Non
2026-05-23 14:57:28,725 INFO [T8] rotate IP c5d441b6 → 28176498
2026-05-23 14:57:28,848 INFO [T28] leaf pattern=037745???? got=4 saved=4
2026-05-23 14:57:28,853 INFO [T2] leaf pattern=037747???? got=3 saved=3
2026-05-23 14:57:28,879 INFO [T6] leaf pattern=037744???? got=0 saved=0
2026-05-23 14:57:29,082 INFO [T37] leaf pattern=037748???? got=5 saved=5
2026-05-23 14:57:29,119 INFO [T38] leaf pattern=037749???? got=8 saved=8
2026-05-23 14:57:29,357 INFO [T47] leaf pattern=037802???? got=20 saved=20
2026-05-23 14:57:29,438 INFO [T32] leaf pattern=037803???? got=19 saved=19
2026-05-23 14:57:29,533 INFO [T4] leaf pattern=037801???? got=12 saved=12
2026-05-23 14:57:29,614 INFO [T19] leaf pattern=037805???? got=23 saved=23
2026-05-23 14:57:29,632 INFO [T14] leaf pattern=037806???? got=22 saved=22
2026-05-23 14:57:29,677 INFO [T1] leaf pattern=037807???? got=24 saved=24
2026-05-23 14:57:29,714 INFO [T23] leaf pattern=037683???? got=12 saved=12
2026-05-23 14:57:29,727 INFO [T12] leaf pattern=037804???? got=22 saved=22
2026-05-23 14:57:29,742 INFO [T16] leaf pattern=037808???? got=24 saved=24
2026-05-23 14:57:29,781 INFO [T48] leaf pattern=037809???? got=20 saved=20
2026-05-23 14:57:29,922 INFO [T25] leaf pattern=037821???? got=11 saved=11
2026-05-23 14:57:29,995 INFO [T22] leaf pattern=037820???? got=9 saved=9
2026-05-23 14:57:30,000 INFO [T39] leaf pattern=037823???? got=9 saved=9
2026-05-23 14:57:30,004 INFO [T30] leaf pattern=037822???? got=1 saved=1
2026-05-23 14:57:30,117 INFO [T24] leaf pattern=037992???? got=9 saved=9
2026-05-23 14:57:30,138 INFO [T44] leaf pattern=037989???? got=11 saved=11
2026-05-23 14:57:30,154 INFO [T5] leaf pattern=037825???? got=8 saved=8
2026-05-23 14:57:30,169 INFO [T40] leaf pattern=037826???? got=10 saved=10
2026-05-23 14:57:30,359 INFO [T50] leaf pattern=037827???? got=8 saved=8
2026-05-23 14:57:30,541 INFO [T27] leaf pattern=037824???? got=10 saved=10
2026-05-23 14:57:30,573 INFO [T15] leaf pattern=037842???? got=12 saved=12
2026-05-23 14:57:30,616 INFO [T42] leaf pattern=037829???? got=11 saved=11
2026-05-23 14:57:30,630 INFO [T33] leaf pattern=037623???? got=5 saved=5
2026-05-23 14:57:30,653 INFO [T43] D1N refreshed d36ab00dcf3d8c11…
2026-05-23 14:57:30,656 INFO [T9] leaf pattern=037828???? got=6 saved=6
2026-05-23 14:57:30,727 INFO [T41] leaf pattern=037841???? got=7 saved=7
2026-05-23 14:57:31,040 INFO [T35] leaf pattern=037843???? got=15 saved=15
2026-05-23 14:57:31,111 INFO [T18] leaf pattern=037844???? got=7 saved=7
2026-05-23 14:57:31,115 INFO [T49] leaf pattern=037845???? got=5 saved=5
2026-05-23 14:57:31,209 WARNING [T21] ConnectionError attempt=1/3 pattern=037717????: ('Connection aborted.', ConnectionResetError(10054, 'An existing connection was forcibly closed by the remote host', Non
2026-05-23 14:57:31,209 INFO [T21] rotate IP fdc98059 → 1ad9831d
2026-05-23 14:57:31,289 INFO [T34] leaf pattern=037840???? got=11 saved=11
2026-05-23 14:57:31,321 INFO [T46] D1N refreshed 96241fa7e3741805…
2026-05-23 14:57:31,345 INFO [T20] leaf pattern=037847???? got=23 saved=23
2026-05-23 14:57:31,494 INFO [T3] leaf pattern=037629???? got=17 saved=17
2026-05-23 14:57:31,510 INFO [T13] leaf pattern=037710???? got=5 saved=5
2026-05-23 14:57:31,559 INFO [T29] leaf pattern=037848???? got=12 saved=12
2026-05-23 14:57:31,577 INFO [T10] leaf pattern=037849???? got=12 saved=12
2026-05-23 14:57:31,589 INFO [T8] D1N refreshed e8b7a9a758d71a31…
2026-05-23 14:57:31,787 INFO [T7] leaf pattern=037719???? got=4 saved=4
2026-05-23 14:57:31,808 INFO [T28] leaf pattern=037810???? got=22 saved=22
2026-05-23 14:57:31,813 INFO [T2] leaf pattern=037811???? got=9 saved=9
2026-05-23 14:57:31,866 INFO [T31] leaf pattern=037846???? got=8 saved=8
2026-05-23 14:57:31,920 INFO [T45] leaf pattern=037435???? got=13 saved=13
2026-05-23 14:57:32,004 WARNING [T38] ec=1 rate limited, rotating IP
2026-05-23 14:57:32,004 INFO [T38] rotate IP 138c8b3a → 86ddb72f
2026-05-23 14:57:32,063 INFO [T37] leaf pattern=037813???? got=22 saved=22
2026-05-23 14:57:32,329 INFO [T26] leaf pattern=037800???? got=10 saved=10
2026-05-23 14:57:32,334 INFO [T47] leaf pattern=037815???? got=11 saved=11
2026-05-23 14:57:32,402 INFO [T4] leaf pattern=037817???? got=10 saved=10
2026-05-23 14:57:32,458 INFO [T32] leaf pattern=037816???? got=8 saved=8
2026-05-23 14:57:32,552 INFO [T19] leaf pattern=037818???? got=10 saved=10
2026-05-23 14:57:32,578 INFO [T14] leaf pattern=037819???? got=7 saved=7
2026-05-23 14:57:32,602 INFO [T1] leaf pattern=037410???? got=11 saved=11
2026-05-23 14:57:32,607 WARNING [T36] ConnectionError attempt=1/3 pattern=037720????: ('Connection aborted.', ConnectionResetError(10054, 'An existing connection was forcibly closed by the remote host', Non
2026-05-23 14:57:32,607 INFO [T36] rotate IP 13f3afb6 → 1c772561
2026-05-23 14:57:32,664 INFO [T16] leaf pattern=037413???? got=10 saved=10
2026-05-23 14:57:32,740 INFO [T6] leaf pattern=037812???? got=21 saved=21
2026-05-23 14:57:32,742 WARNING [T39] ec=1 rate limited, rotating IP
2026-05-23 14:57:32,742 INFO [T39] rotate IP 381f1427 → 2e557cf0
2026-05-23 14:57:32,804 INFO [T12] leaf pattern=037412???? got=8 saved=8
2026-05-23 14:57:32,853 INFO [T48] leaf pattern=037414???? got=11 saved=11
2026-05-23 14:57:32,877 INFO [T30] leaf pattern=037418???? got=13 saved=13
2026-05-23 14:57:32,931 INFO [T22] leaf pattern=037416???? got=15 saved=15
2026-05-23 14:57:33,058 INFO [T24] leaf pattern=037419???? got=11 saved=11
2026-05-23 14:57:33,138 INFO [T23] leaf pattern=037411???? got=3 saved=3
2026-05-23 14:57:33,241 INFO [T50] leaf pattern=037853???? got=7 saved=7
2026-05-23 14:57:33,269 INFO [T40] leaf pattern=037852???? got=11 saved=11
2026-05-23 14:57:33,311 INFO [T25] leaf pattern=037415???? got=17 saved=17
2026-05-23 14:57:33,422 INFO [T5] leaf pattern=037851???? got=7 saved=7
2026-05-23 14:57:33,539 INFO [T15] leaf pattern=037855???? got=5 saved=5
2026-05-23 14:57:33,543 INFO [T33] leaf pattern=037857???? got=7 saved=7
2026-05-23 14:57:33,548 INFO [T42] leaf pattern=037856???? got=12 saved=12
2026-05-23 14:57:33,554 INFO [T27] leaf pattern=037854???? got=13 saved=13
2026-05-23 14:57:33,869 INFO [T9] leaf pattern=037858???? got=4 saved=4
2026-05-23 14:57:33,883 INFO [T44] leaf pattern=037850???? got=4 saved=4
2026-05-23 14:57:33,910 INFO [T21] D1N refreshed 76c828f7f640a772…
2026-05-23 14:57:34,019 INFO [T41] leaf pattern=037859???? got=5 saved=5
2026-05-23 14:57:34,077 INFO [T11] leaf pattern=037711???? got=3 saved=3
2026-05-23 14:57:34,098 INFO [T49] leaf pattern=037862???? got=12 saved=12
2026-05-23 14:57:34,123 WARNING [T20] ec=1 rate limited, rotating IP
2026-05-23 14:57:34,123 INFO [T20] rotate IP 9a0ca56c → 05c58208
2026-05-23 14:57:34,136 INFO [T18] leaf pattern=037861???? got=7 saved=7
2026-05-23 14:57:34,223 INFO [T35] leaf pattern=037860???? got=8 saved=8
2026-05-23 14:57:34,239 INFO [T34] leaf pattern=037863???? got=7 saved=7
2026-05-23 14:57:34,448 INFO [T29] leaf pattern=037867???? got=4 saved=4
2026-05-23 14:57:34,487 INFO [T3] leaf pattern=037865???? got=16 saved=16
2026-05-23 14:57:34,581 INFO [T39] D1N refreshed 0cc5336a043b4ddc…
2026-05-23 14:57:34,670 WARNING [T31] ec=1 rate limited, rotating IP
2026-05-23 14:57:34,670 INFO [T31] rotate IP 05b4de47 → 9897e63c
2026-05-23 14:57:34,690 INFO [T13] leaf pattern=037866???? got=12 saved=12
2026-05-23 14:57:34,709 INFO [T2] leaf pattern=037891???? got=3 saved=3
2026-05-23 14:57:34,784 INFO [T10] leaf pattern=037868???? got=8 saved=8
2026-05-23 14:57:34,814 INFO [T43] leaf pattern=037746???? got=8 saved=8
2026-05-23 14:57:34,823 INFO [T28] leaf pattern=037890???? got=9 saved=9
2026-05-23 14:57:34,841 INFO [T45] leaf pattern=037893???? got=5 saved=5
2026-05-23 14:57:34,941 INFO [T37] leaf pattern=037894???? got=7 saved=7
2026-05-23 14:57:35,096 INFO [T38] D1N refreshed a9b7ff406dcefa8c…
2026-05-23 14:57:35,105 WARNING [T17] ConnectionError attempt=2/3 pattern=037981????: ('Connection aborted.', ConnectionResetError(10054, 'An existing connection was forcibly closed by the remote host', Non
2026-05-23 14:57:35,105 INFO [T17] rotate IP 79157c51 → f5a5998d
2026-05-23 14:57:35,163 INFO [T26] leaf pattern=037895???? got=7 saved=7
2026-05-23 14:57:35,203 INFO [T47] leaf pattern=037896???? got=2 saved=2
2026-05-23 14:57:35,386 INFO [T4] leaf pattern=037897???? got=6 saved=6
2026-05-23 14:57:35,418 INFO [T19] leaf pattern=037899???? got=0 saved=0
2026-05-23 14:57:35,467 INFO [T32] leaf pattern=037898???? got=2 saved=2
2026-05-23 14:57:35,481 INFO [T14] leaf pattern=037870???? got=6 saved=6
2026-05-23 14:57:35,533 INFO [T1] leaf pattern=037871???? got=8 saved=8
2026-05-23 14:57:35,596 INFO [T16] leaf pattern=037872???? got=4 saved=4
2026-05-23 14:57:35,727 INFO [T7] leaf pattern=037869???? got=13 saved=13
2026-05-23 14:57:35,727 INFO [T36] D1N refreshed 209aa60be68cdf6b…
2026-05-23 14:57:35,742 INFO [T8] leaf pattern=037982???? got=5 saved=5
2026-05-23 14:57:35,817 INFO [T6] leaf pattern=037873???? got=6 saved=6
2026-05-23 14:57:35,844 INFO [T12] leaf pattern=037874???? got=7 saved=7
2026-05-23 14:57:35,869 INFO [T48] leaf pattern=037875???? got=12 saved=12
2026-05-23 14:57:35,929 INFO [T30] leaf pattern=037876???? got=2 saved=2
2026-05-23 14:57:35,967 INFO [T22] leaf pattern=037877???? got=1 saved=1
2026-05-23 14:57:35,995 INFO [T24] leaf pattern=037878???? got=1 saved=1
2026-05-23 14:57:36,104 INFO [T23] leaf pattern=037879???? got=2 saved=2
2026-05-23 14:57:36,171 INFO [T20] D1N refreshed b774ebf0e29ebb82…
2026-05-23 14:57:36,211 INFO [T25] leaf pattern=037522???? got=5 saved=5
2026-05-23 14:57:36,262 INFO [T40] leaf pattern=037521???? got=19 saved=19
2026-05-23 14:57:36,357 INFO [T15] leaf pattern=037524???? got=12 saved=12
2026-05-23 14:57:36,424 INFO [T5] leaf pattern=037523???? got=3 saved=3
2026-05-23 14:57:36,456 INFO [T42] leaf pattern=037526???? got=9 saved=9
2026-05-23 14:57:36,472 INFO [T33] leaf pattern=037525???? got=5 saved=5
2026-05-23 14:57:36,503 INFO [T27] leaf pattern=037527???? got=11 saved=11
2026-05-23 14:57:36,515 INFO [T31] D1N refreshed b2b2ef5855c0f9d6…
2026-05-23 14:57:36,579 INFO [T46] leaf pattern=037767???? got=3 saved=3
2026-05-23 14:57:36,649 INFO [T50] leaf pattern=037520???? got=10 saved=10
2026-05-23 14:57:36,923 INFO [T44] leaf pattern=037529???? got=10 saved=10
2026-05-23 14:57:36,927 INFO [T9] leaf pattern=037528???? got=5 saved=5
2026-05-23 14:57:37,001 INFO [T49] leaf pattern=037932???? got=9 saved=9
2026-05-23 14:57:37,049 INFO [T11] leaf pattern=037931???? got=8 saved=8
2026-05-23 14:57:37,090 INFO [T18] leaf pattern=037933???? got=6 saved=6
2026-05-23 14:57:37,136 INFO [T35] leaf pattern=037934???? got=13 saved=13
2026-05-23 14:57:37,145 INFO [T41] leaf pattern=037930???? got=9 saved=9
2026-05-23 14:57:37,273 INFO [T34] leaf pattern=037935???? got=12 saved=12
2026-05-23 14:57:37,387 INFO [T3] leaf pattern=037937???? got=7 saved=7
2026-05-23 14:57:37,404 INFO [T29] leaf pattern=037936???? got=12 saved=12
2026-05-23 14:57:37,575 INFO [T13] leaf pattern=037938???? got=6 saved=6
2026-05-23 14:57:37,669 INFO [T2] leaf pattern=037939???? got=0 saved=0
2026-05-23 14:57:37,725 INFO [T28] leaf pattern=037832???? got=13 saved=13
2026-05-23 14:57:37,749 INFO [T43] leaf pattern=037831???? got=16 saved=16
2026-05-23 14:57:37,753 INFO [T45] leaf pattern=037833???? got=9 saved=9
2026-05-23 14:57:37,825 INFO [T37] leaf pattern=037834???? got=20 saved=20
2026-05-23 14:57:37,884 INFO [T21] leaf pattern=037717???? got=2 saved=2
2026-05-23 14:57:38,061 INFO [T10] leaf pattern=037830???? got=11 saved=11
2026-05-23 14:57:38,112 INFO [T26] leaf pattern=037835???? got=18 saved=18
2026-05-23 14:57:38,172 INFO [T47] leaf pattern=037836???? got=15 saved=15
2026-05-23 14:57:38,287 INFO [T4] leaf pattern=037837???? got=6 saved=6
2026-05-23 14:57:38,305 INFO [T19] leaf pattern=037838???? got=12 saved=12
2026-05-23 14:57:38,403 INFO [T14] leaf pattern=0394850??? got=3 saved=3
2026-05-23 14:57:38,457 INFO [T1] leaf pattern=0394851??? got=8 saved=8
2026-05-23 14:57:38,514 INFO [T16] leaf pattern=0394852??? got=7 saved=7
2026-05-23 14:57:38,551 INFO [T32] leaf pattern=037839???? got=6 saved=6
2026-05-23 14:57:38,583 INFO [T39] leaf pattern=037417???? got=8 saved=8
2026-05-23 14:57:38,625 INFO [T7] leaf pattern=0394853??? got=6 saved=6
2026-05-23 14:57:38,795 INFO [T48] leaf pattern=0394857??? got=1 saved=1
2026-05-23 14:57:38,841 INFO [T12] leaf pattern=0394856??? got=1 saved=1
2026-05-23 14:57:38,966 INFO [T17] D1N refreshed feeaa251f2f10d3f…
2026-05-23 14:57:39,012 INFO [T8] leaf pattern=0394854??? got=10 saved=10
2026-05-23 14:57:39,016 INFO [T24] leaf pattern=0394750??? got=7 saved=7
2026-05-23 14:57:39,020 INFO [T22] leaf pattern=0394859??? got=4 saved=4
2026-05-23 14:57:39,061 WARNING [T30] ec=1 rate limited, rotating IP
2026-05-23 14:57:39,061 INFO [T30] rotate IP c4e5d739 → 9e81e732
2026-05-23 14:57:39,136 WARNING [T15] ec=1 rate limited, rotating IP
2026-05-23 14:57:39,136 INFO [T15] rotate IP 3dab43c0 → 4be07911
2026-05-23 14:57:39,150 INFO [T23] leaf pattern=0394751??? got=3 saved=3
2026-05-23 14:57:39,159 INFO [T25] leaf pattern=0394752??? got=4 saved=4
2026-05-23 14:57:39,238 INFO [T6] leaf pattern=0394855??? got=4 saved=4
2026-05-23 14:57:39,247 INFO [T38] leaf pattern=037814???? got=16 saved=16
2026-05-23 14:57:39,301 INFO [T40] leaf pattern=0394753??? got=1 saved=1
2026-05-23 14:57:39,383 INFO [T5] leaf pattern=0394755??? got=1 saved=1
2026-05-23 14:57:39,395 INFO [T42] leaf pattern=0394756??? got=6 saved=6
2026-05-23 14:57:39,453 INFO [T33] leaf pattern=0394757??? got=0 saved=0
2026-05-23 14:57:39,472 INFO [T27] leaf pattern=0394758??? got=4 saved=4
2026-05-23 14:57:39,486 INFO [T46] leaf pattern=0394759??? got=5 saved=5
2026-05-23 14:57:39,537 INFO [T50] leaf pattern=037880???? got=9 saved=9
2026-05-23 14:57:39,979 INFO [T11] leaf pattern=037884???? got=10 saved=10
2026-05-23 14:57:40,013 INFO [T9] leaf pattern=037882???? got=9 saved=9
2026-05-23 14:57:40,026 INFO [T36] leaf pattern=037720???? got=8 saved=8
2026-05-23 14:57:40,044 INFO [T35] leaf pattern=037886???? got=13 saved=13
2026-05-23 14:57:40,070 INFO [T18] leaf pattern=037885???? got=8 saved=8
2026-05-23 14:57:40,111 INFO [T49] leaf pattern=037883???? got=8 saved=8
2026-05-23 14:57:40,159 INFO [T44] leaf pattern=037881???? got=14 saved=14
2026-05-23 14:57:40,213 INFO [T34] leaf pattern=037888???? got=0 saved=0
2026-05-23 14:57:40,267 INFO [T41] leaf pattern=037887???? got=12 saved=12
2026-05-23 14:57:40,273 INFO [T3] leaf pattern=037889???? got=12 saved=12
2026-05-23 14:57:40,371 INFO [T29] leaf pattern=0395830??? got=3 saved=3
2026-05-23 14:57:40,511 INFO [T13] leaf pattern=0395831??? got=5 saved=5
2026-05-23 14:57:40,615 INFO [T2] leaf pattern=0395832??? got=5 saved=5
2026-05-23 14:57:40,632 INFO [T45] leaf pattern=0395835??? got=1 saved=1
2026-05-23 14:57:40,647 INFO [T43] leaf pattern=0395834??? got=5 saved=5
2026-05-23 14:57:40,677 INFO [T31] leaf pattern=037892???? got=6 saved=6
2026-05-23 14:57:40,700 INFO [T28] leaf pattern=0395833??? got=0 saved=0
2026-05-23 14:57:40,737 INFO [T20] leaf pattern=037864???? got=13 saved=13
2026-05-23 14:57:40,743 INFO [T37] leaf pattern=0395836??? got=4 saved=4
2026-05-23 14:57:40,828 INFO [T21] leaf pattern=0395837??? got=8 saved=8
2026-05-23 14:57:40,926 INFO [T15] D1N refreshed 0184106aabfafffe…
2026-05-23 14:57:40,973 INFO [T26] leaf pattern=0395839??? got=0 saved=0
2026-05-23 14:57:41,029 INFO [T10] leaf pattern=0395838??? got=3 saved=3
2026-05-23 14:57:41,188 INFO [T4] leaf pattern=0395841??? got=5 saved=5
2026-05-23 14:57:41,271 INFO [T19] leaf pattern=0395842??? got=2 saved=2
2026-05-23 14:57:41,379 INFO [T1] leaf pattern=0395844??? got=4 saved=4
2026-05-23 14:57:41,440 INFO [T16] leaf pattern=0395845??? got=3 saved=3
2026-05-23 14:57:41,552 INFO [T47] leaf pattern=0395840??? got=5 saved=5
2026-05-23 14:57:41,556 INFO [T14] leaf pattern=0395843??? got=8 saved=8
2026-05-23 14:57:41,576 INFO [T39] leaf pattern=0395847??? got=3 saved=3
2026-05-23 14:57:41,637 INFO [T32] leaf pattern=0395846??? got=6 saved=6
2026-05-23 14:57:41,920 INFO [T12] leaf pattern=0395850??? got=7 saved=7
2026-05-23 14:57:41,990 INFO [T8] leaf pattern=0395851??? got=2 saved=2
2026-05-23 14:57:42,021 INFO [T23] leaf pattern=0395855??? got=1 saved=1
2026-05-23 14:57:42,031 INFO [T25] leaf pattern=0395854??? got=4 saved=4
2026-05-23 14:57:42,105 INFO [T6] leaf pattern=0395856??? got=4 saved=4
2026-05-23 14:57:42,116 INFO [T38] leaf pattern=0395857??? got=3 saved=3
2026-05-23 14:57:42,180 INFO [T40] leaf pattern=0395858??? got=0 saved=0
2026-05-23 14:57:42,189 INFO [T48] leaf pattern=0395849??? got=7 saved=7
2026-05-23 14:57:42,218 INFO [T24] leaf pattern=0395852??? got=3 saved=3
2026-05-23 14:57:42,247 INFO [T30] D1N refreshed f5391afd13e640e2…
2026-05-23 14:57:42,277 INFO [T22] leaf pattern=0395853??? got=6 saved=6
2026-05-23 14:57:42,370 INFO [T33] leaf pattern=086211???? got=7 saved=7
2026-05-23 14:57:42,420 INFO [T42] leaf pattern=086210???? got=16 saved=16
2026-05-23 14:57:42,434 INFO [T5] leaf pattern=0395859??? got=2 saved=2
2026-05-23 14:57:42,492 INFO [T50] leaf pattern=086214???? got=16 saved=16
2026-05-23 14:57:42,526 INFO [T7] leaf pattern=0395848??? got=4 saved=4
2026-05-23 14:57:42,641 INFO [T27] leaf pattern=086212???? got=8 saved=8
2026-05-23 14:57:42,941 INFO [T35] leaf pattern=086218???? got=17 saved=17
2026-05-23 14:57:42,951 INFO [T18] leaf pattern=086219???? got=13 saved=13
2026-05-23 14:57:42,992 INFO [T11] leaf pattern=086215???? got=15 saved=15
2026-05-23 14:57:42,996 INFO [T36] leaf pattern=086217???? got=14 saved=14
2026-05-23 14:57:43,043 INFO [T49] leaf pattern=086220???? got=6 saved=6
2026-05-23 14:57:43,087 INFO [T44] leaf pattern=086221???? got=13 saved=13
2026-05-23 14:57:43,164 INFO [T9] leaf pattern=086216???? got=12 saved=12
2026-05-23 14:57:43,171 INFO [T3] leaf pattern=086224???? got=18 saved=18
2026-05-23 14:57:43,202 INFO [T17] leaf pattern=037981???? got=14 saved=14
2026-05-23 14:57:43,205 INFO [T41] leaf pattern=086223???? got=10 saved=10
2026-05-23 14:57:43,214 INFO [T34] leaf pattern=086222???? got=2 saved=2
2026-05-23 14:57:43,253 INFO [T29] leaf pattern=086225???? got=11 saved=11
2026-05-23 14:57:43,462 WARNING [T37] ec=1 rate limited, rotating IP
2026-05-23 14:57:43,462 INFO [T37] rotate IP cf321b73 → 141b07e9
2026-05-23 14:57:43,483 INFO [T13] leaf pattern=086226???? got=6 saved=6
2026-05-23 14:57:43,549 INFO [T45] leaf pattern=086228???? got=16 saved=16
2026-05-23 14:57:43,558 INFO [T2] leaf pattern=086227???? got=14 saved=14
2026-05-23 14:57:43,575 INFO [T28] leaf pattern=086201???? got=4 saved=4
2026-05-23 14:57:43,597 INFO [T31] leaf pattern=086200???? got=2 saved=2
2026-05-23 14:57:43,612 INFO [T43] leaf pattern=086229???? got=15 saved=15
2026-05-23 14:57:43,654 INFO [T20] leaf pattern=086202???? got=4 saved=4
2026-05-23 14:57:43,949 INFO [T26] leaf pattern=086205???? got=13 saved=13
2026-05-23 14:57:43,969 INFO [T21] leaf pattern=086204???? got=22 saved=22
2026-05-23 14:57:43,973 INFO [T10] leaf pattern=086206???? got=7 saved=7
2026-05-23 14:57:44,095 INFO [T4] leaf pattern=086207???? got=14 saved=14
2026-05-23 14:57:44,181 INFO [T19] leaf pattern=086208???? got=8 saved=8
2026-05-23 14:57:44,286 INFO [T1] leaf pattern=086209???? got=15 saved=15
2026-05-23 14:57:44,403 INFO [T16] leaf pattern=086230???? got=16 saved=16
2026-05-23 14:57:44,432 INFO [T14] leaf pattern=086232???? got=14 saved=14
2026-05-23 14:57:44,450 INFO [T47] leaf pattern=086231???? got=15 saved=15
2026-05-23 14:57:44,480 INFO [T39] leaf pattern=086233???? got=10 saved=10
2026-05-23 14:57:44,630 INFO [T32] leaf pattern=086234???? got=17 saved=17
2026-05-23 14:57:44,884 INFO [T12] leaf pattern=086235???? got=20 saved=20
2026-05-23 14:57:44,897 INFO [T15] leaf pattern=0394754??? got=5 saved=5
2026-05-23 14:57:44,952 INFO [T8] leaf pattern=086236???? got=16 saved=16
2026-05-23 14:57:45,051 INFO [T38] leaf pattern=086240???? got=17 saved=17
2026-05-23 14:57:45,132 INFO [T6] leaf pattern=086239???? got=11 saved=11
2026-05-23 14:57:45,173 INFO [T48] leaf pattern=086242???? got=20 saved=20
2026-05-23 14:57:45,200 INFO [T40] leaf pattern=086241???? got=18 saved=18
2026-05-23 14:57:45,220 INFO [T24] leaf pattern=086243???? got=21 saved=21
2026-05-23 14:57:45,235 INFO [T23] leaf pattern=086237???? got=22 saved=22
2026-05-23 14:57:45,278 INFO [T22] leaf pattern=086244???? got=8 saved=8
2026-05-23 14:57:45,324 INFO [T33] leaf pattern=086245???? got=17 saved=17
2026-05-23 14:57:45,399 INFO [T25] leaf pattern=086238???? got=15 saved=15
2026-05-23 14:57:45,412 INFO [T42] leaf pattern=086246???? got=16 saved=16
2026-05-23 14:57:45,416 INFO [T5] leaf pattern=086247???? got=22 saved=22
2026-05-23 14:57:45,462 INFO [T7] leaf pattern=086249???? got=24 saved=24
2026-05-23 14:57:45,667 INFO [T50] leaf pattern=086248???? got=20 saved=20
2026-05-23 14:57:45,677 INFO [T27] leaf pattern=086250???? got=21 saved=21
2026-05-23 14:57:45,861 INFO [T35] leaf pattern=086251???? got=19 saved=19
2026-05-23 14:57:45,878 INFO [T18] leaf pattern=086252???? got=13 saved=13
2026-05-23 14:57:45,900 INFO [T11] leaf pattern=086253???? got=18 saved=18
2026-05-23 14:57:45,922 INFO [T49] leaf pattern=086255???? got=12 saved=12
2026-05-23 14:57:45,978 INFO [T36] leaf pattern=086254???? got=24 saved=24
2026-05-23 14:57:46,051 INFO [T44] leaf pattern=086256???? got=11 saved=11
2026-05-23 14:57:46,083 INFO [T3] leaf pattern=086258???? got=11 saved=11
2026-05-23 14:57:46,117 INFO [T17] leaf pattern=086259???? got=13 saved=13
2026-05-23 14:57:46,208 INFO [T9] leaf pattern=086257???? got=17 saved=17
2026-05-23 14:57:46,217 INFO [T41] leaf pattern=086260???? got=20 saved=20
2026-05-23 14:57:46,222 INFO [T34] leaf pattern=086261???? got=11 saved=11
2026-05-23 14:57:46,243 INFO [T29] leaf pattern=086262???? got=5 saved=5
2026-05-23 14:57:46,390 INFO [T13] leaf pattern=086263???? got=16 saved=16
2026-05-23 14:57:46,465 INFO [T45] leaf pattern=086264???? got=19 saved=19
2026-05-23 14:57:46,500 INFO [T2] leaf pattern=086265???? got=8 saved=8
2026-05-23 14:57:46,531 INFO [T28] leaf pattern=086266???? got=7 saved=7
2026-05-23 14:57:46,567 INFO [T43] leaf pattern=086268???? got=12 saved=12
2026-05-23 14:57:46,589 INFO [T31] leaf pattern=086267???? got=9 saved=9
2026-05-23 14:57:46,640 INFO [T20] leaf pattern=086269???? got=7 saved=7
2026-05-23 14:57:46,838 INFO [T26] leaf pattern=086270???? got=18 saved=18
2026-05-23 14:57:46,856 INFO [T21] leaf pattern=086271???? got=20 saved=20
2026-05-23 14:57:46,907 INFO [T10] leaf pattern=086272???? got=12 saved=12
2026-05-23 14:57:47,164 INFO [T19] leaf pattern=086274???? got=18 saved=18
2026-05-23 14:57:47,217 INFO [T1] leaf pattern=086275???? got=21 saved=21
2026-05-23 14:57:47,398 INFO [T39] leaf pattern=086279???? got=16 saved=16
2026-05-23 14:57:47,412 INFO [T16] leaf pattern=086276???? got=13 saved=13
2026-05-23 14:57:47,429 INFO [T4] leaf pattern=086273???? got=17 saved=17
2026-05-23 14:57:47,458 INFO [T47] leaf pattern=086278???? got=15 saved=15
2026-05-23 14:57:47,541 INFO [T30] leaf pattern=0394858??? got=4 saved=4
2026-05-23 14:57:47,833 INFO [T15] leaf pattern=086282???? got=11 saved=11
2026-05-23 14:57:47,854 INFO [T12] leaf pattern=086281???? got=10 saved=10
2026-05-23 14:57:47,868 INFO [T32] leaf pattern=086280???? got=15 saved=15
2026-05-23 14:57:47,886 INFO [T8] leaf pattern=086283???? got=16 saved=16
2026-05-23 14:57:47,950 INFO [T38] leaf pattern=086284???? got=25 saved=25
2026-05-23 14:57:47,982 WARNING [T40] ec=1 rate limited, rotating IP
2026-05-23 14:57:47,982 INFO [T40] rotate IP 6a2f07b6 → fd522ca3
2026-05-23 14:57:48,109 INFO [T48] leaf pattern=086286???? got=3 saved=3
2026-05-23 14:57:48,144 INFO [T24] leaf pattern=086288???? got=6 saved=6
2026-05-23 14:57:48,185 INFO [T23] leaf pattern=086289???? got=13 saved=13
2026-05-23 14:57:48,291 INFO [T22] leaf pattern=086610???? got=16 saved=16
2026-05-23 14:57:48,308 INFO [T25] leaf pattern=086612???? got=7 saved=7
2026-05-23 14:57:48,322 INFO [T42] leaf pattern=086613???? got=7 saved=7
2026-05-23 14:57:48,361 INFO [T14] leaf pattern=086277???? got=9 saved=9
2026-05-23 14:57:48,368 INFO [T5] leaf pattern=086614???? got=9 saved=9
2026-05-23 14:57:48,378 INFO [T6] leaf pattern=086285???? got=22 saved=22
2026-05-23 14:57:48,399 INFO [T7] leaf pattern=086615???? got=13 saved=13
2026-05-23 14:57:48,551 INFO [T50] leaf pattern=086616???? got=6 saved=6
2026-05-23 14:57:48,631 INFO [T33] leaf pattern=086611???? got=5 saved=5
2026-05-23 14:57:48,786 INFO [T35] leaf pattern=086618???? got=13 saved=13
2026-05-23 14:57:48,815 INFO [T49] leaf pattern=086601???? got=7 saved=7
2026-05-23 14:57:48,852 INFO [T11] leaf pattern=086600???? got=0 saved=0
2026-05-23 14:57:48,867 INFO [T36] leaf pattern=086602???? got=7 saved=7
2026-05-23 14:57:48,892 WARNING [T37] ConnectionError attempt=1/3 pattern=086203????: ('Connection aborted.', ConnectionResetError(10054, 'An existing connection was forcibly closed by the remote host', Non
2026-05-23 14:57:48,893 INFO [T37] rotate IP 141b07e9 → a9d98eaf
2026-05-23 14:57:48,964 INFO [T18] leaf pattern=086619???? got=7 saved=7
2026-05-23 14:57:48,969 INFO [T44] leaf pattern=086603???? got=7 saved=7
2026-05-23 14:57:49,025 INFO [T3] leaf pattern=086604???? got=5 saved=5
2026-05-23 14:57:49,045 INFO [T17] leaf pattern=086605???? got=9 saved=9
2026-05-23 14:57:49,106 INFO [T9] leaf pattern=086606???? got=12 saved=12
2026-05-23 14:57:49,130 INFO [T34] leaf pattern=086608???? got=7 saved=7
2026-05-23 14:57:49,144 INFO [T29] leaf pattern=086609???? got=12 saved=12
2026-05-23 14:57:49,168 INFO [T41] leaf pattern=086607???? got=17 saved=17
2026-05-23 14:57:49,263 INFO [T27] leaf pattern=086617???? got=10 saved=10
2026-05-23 14:57:49,299 INFO [T13] leaf pattern=086290???? got=20 saved=20
2026-05-23 14:57:49,389 INFO [T45] leaf pattern=086291???? got=13 saved=13
2026-05-23 14:57:49,505 INFO [T28] leaf pattern=086293???? got=18 saved=18
2026-05-23 14:57:49,515 INFO [T31] leaf pattern=086295???? got=15 saved=15
2026-05-23 14:57:49,635 INFO [T20] leaf pattern=086296???? got=16 saved=16
2026-05-23 14:57:49,671 INFO [T43] leaf pattern=086294???? got=18 saved=18
2026-05-23 14:57:49,776 INFO [T40] D1N refreshed 6d60de539f09c4a8…
2026-05-23 14:57:49,796 INFO [T26] leaf pattern=086297???? got=19 saved=19
2026-05-23 14:57:49,805 INFO [T2] leaf pattern=086292???? got=13 saved=13
2026-05-23 14:57:49,809 INFO [T21] leaf pattern=086298???? got=19 saved=19
2026-05-23 14:57:49,850 INFO [T10] leaf pattern=086299???? got=11 saved=11
2026-05-23 14:57:50,074 INFO [T19] leaf pattern=086630???? got=2 saved=2
2026-05-23 14:57:50,114 INFO [T1] leaf pattern=086631???? got=2 saved=2
2026-05-23 14:57:50,300 INFO [T4] leaf pattern=086634???? got=6 saved=6
2026-05-23 14:57:50,309 INFO [T39] leaf pattern=086632???? got=16 saved=16
2026-05-23 14:57:50,351 INFO [T16] leaf pattern=086633???? got=2 saved=2
2026-05-23 14:57:50,393 INFO [T47] leaf pattern=086635???? got=1 saved=1
2026-05-23 14:57:50,445 INFO [T30] leaf pattern=086636???? got=3 saved=3
2026-05-23 14:57:50,729 INFO [T15] leaf pattern=086637???? got=16 saved=16
2026-05-23 14:57:50,867 INFO [T32] leaf pattern=086639???? got=11 saved=11
2026-05-23 14:57:50,876 INFO [T12] leaf pattern=086638???? got=8 saved=8
2026-05-23 14:57:50,885 INFO [T8] leaf pattern=086640???? got=9 saved=9
2026-05-23 14:57:50,972 INFO [T38] leaf pattern=086641???? got=12 saved=12
2026-05-23 14:57:51,077 INFO [T24] leaf pattern=086643???? got=13 saved=13
2026-05-23 14:57:51,163 INFO [T23] leaf pattern=086644???? got=3 saved=3
2026-05-23 14:57:51,173 INFO [T25] leaf pattern=086646???? got=14 saved=14
2026-05-23 14:57:51,190 INFO [T48] leaf pattern=086642???? got=10 saved=10
2026-05-23 14:57:51,210 INFO [T14] leaf pattern=086648???? got=10 saved=10
2026-05-23 14:57:51,224 INFO [T22] leaf pattern=086645???? got=8 saved=8
2026-05-23 14:57:51,238 INFO [T42] leaf pattern=086647???? got=12 saved=12
2026-05-23 14:57:51,271 INFO [T7] leaf pattern=086651???? got=7 saved=7
2026-05-23 14:57:51,284 INFO [T5] leaf pattern=086649???? got=13 saved=13
2026-05-23 14:57:51,320 INFO [T6] leaf pattern=086650???? got=8 saved=8
2026-05-23 14:57:51,445 INFO [T50] leaf pattern=086652???? got=12 saved=12
2026-05-23 14:57:51,597 INFO [T33] leaf pattern=086653???? got=11 saved=11
2026-05-23 14:57:51,703 INFO [T35] leaf pattern=086654???? got=11 saved=11
2026-05-23 14:57:51,802 INFO [T11] leaf pattern=086656???? got=6 saved=6
2026-05-23 14:57:51,839 INFO [T36] leaf pattern=086657???? got=5 saved=5
2026-05-23 14:57:51,911 INFO [T44] leaf pattern=086659???? got=8 saved=8
2026-05-23 14:57:51,927 INFO [T18] leaf pattern=086658???? got=4 saved=4
2026-05-23 14:57:51,970 INFO [T3] leaf pattern=086670???? got=7 saved=7
2026-05-23 14:57:52,016 INFO [T37] D1N refreshed ec87e17d49a13680…
2026-05-23 14:57:52,084 WARNING [T49] ec=1 rate limited, rotating IP
2026-05-23 14:57:52,085 INFO [T49] rotate IP 3178a800 → 4e74e935
2026-05-23 14:57:52,139 INFO [T9] leaf pattern=086672???? got=10 saved=10
2026-05-23 14:57:52,144 INFO [T29] leaf pattern=086674???? got=13 saved=13
2026-05-23 14:57:52,150 INFO [T34] leaf pattern=086673???? got=9 saved=9
2026-05-23 14:57:52,243 INFO [T13] leaf pattern=086677???? got=0 saved=0
2026-05-23 14:57:52,307 INFO [T27] leaf pattern=086676???? got=2 saved=2
2026-05-23 14:57:52,313 INFO [T17] leaf pattern=086671???? got=5 saved=5
2026-05-23 14:57:52,392 INFO [T45] leaf pattern=086678???? got=4 saved=4
2026-05-23 14:57:52,472 INFO [T28] leaf pattern=086679???? got=16 saved=16
2026-05-23 14:57:52,487 INFO [T41] leaf pattern=086675???? got=6 saved=6
2026-05-23 14:57:52,497 INFO [T31] leaf pattern=086510???? got=10 saved=10
2026-05-23 14:57:52,523 INFO [T20] leaf pattern=086511???? got=8 saved=8
2026-05-23 14:57:52,592 INFO [T43] leaf pattern=086512???? got=7 saved=7
2026-05-23 14:57:52,629 INFO [T2] leaf pattern=086514???? got=19 saved=19
2026-05-23 14:57:52,637 INFO [T26] leaf pattern=086513???? got=21 saved=21
2026-05-23 14:57:52,641 INFO [T21] leaf pattern=086515???? got=18 saved=18
2026-05-23 14:57:52,895 INFO [T10] leaf pattern=086516???? got=17 saved=17
2026-05-23 14:57:52,979 INFO [T19] leaf pattern=086517???? got=20 saved=20
2026-05-23 14:57:53,045 INFO [T1] leaf pattern=086518???? got=21 saved=21
2026-05-23 14:57:53,190 INFO [T39] leaf pattern=086520???? got=14 saved=14
2026-05-23 14:57:53,221 INFO [T4] leaf pattern=086519???? got=17 saved=17
2026-05-23 14:57:53,314 INFO [T47] leaf pattern=086522???? got=7 saved=7
2026-05-23 14:57:53,410 INFO [T16] leaf pattern=086521???? got=19 saved=19
2026-05-23 14:57:53,436 INFO [T30] leaf pattern=086523???? got=16 saved=16
2026-05-23 14:57:53,610 INFO [T15] leaf pattern=086524???? got=13 saved=13
2026-05-23 14:57:53,796 INFO [T38] leaf pattern=086528???? got=12 saved=12
2026-05-23 14:57:53,814 INFO [T8] leaf pattern=086527???? got=15 saved=15
2026-05-23 14:57:53,883 INFO [T49] D1N refreshed e5c6ed5351a41606…
2026-05-23 14:57:53,911 INFO [T12] leaf pattern=086526???? got=10 saved=10
2026-05-23 14:57:53,971 INFO [T32] leaf pattern=086525???? got=9 saved=9
2026-05-23 14:57:54,015 INFO [T40] leaf pattern=086287???? got=5 saved=5
2026-05-23 14:57:54,081 INFO [T24] leaf pattern=086529???? got=18 saved=18
2026-05-23 14:57:54,159 INFO [T14] leaf pattern=086503???? got=18 saved=18
2026-05-23 14:57:54,168 INFO [T7] leaf pattern=086506???? got=17 saved=17
2026-05-23 14:57:54,197 INFO [T42] leaf pattern=086505???? got=15 saved=15
2026-05-23 14:57:54,250 INFO [T25] leaf pattern=086501???? got=19 saved=19
2026-05-23 14:57:54,269 INFO [T48] leaf pattern=086502???? got=13 saved=13
2026-05-23 14:57:54,275 INFO [T22] leaf pattern=086504???? got=21 saved=21
2026-05-23 14:57:54,292 INFO [T5] leaf pattern=086507???? got=16 saved=16
2026-05-23 14:57:54,353 INFO [T23] leaf pattern=086500???? got=9 saved=9
2026-05-23 14:57:54,401 INFO [T50] leaf pattern=086509???? got=14 saved=14
2026-05-23 14:57:54,506 INFO [T6] leaf pattern=086508???? got=17 saved=17
2026-05-23 14:57:54,527 INFO [T33] leaf pattern=086530???? got=20 saved=20
2026-05-23 14:57:54,637 INFO [T35] leaf pattern=086531???? got=14 saved=14
2026-05-23 14:57:54,711 INFO [T11] leaf pattern=086532???? got=9 saved=9
2026-05-23 14:57:54,780 INFO [T36] leaf pattern=086533???? got=2 saved=2
2026-05-23 14:57:54,793 INFO [T18] leaf pattern=086535???? got=13 saved=13
2026-05-23 14:57:54,826 INFO [T44] leaf pattern=086534???? got=22 saved=22
2026-05-23 14:57:54,899 INFO [T3] leaf pattern=086536???? got=10 saved=10
2026-05-23 14:57:55,016 INFO [T29] leaf pattern=086538???? got=16 saved=16
2026-05-23 14:57:55,119 INFO [T9] leaf pattern=086537???? got=20 saved=20
2026-05-23 14:57:55,128 INFO [T17] leaf pattern=086622???? got=2 saved=2
2026-05-23 14:57:55,169 INFO [T27] leaf pattern=086621???? got=13 saved=13
2026-05-23 14:57:55,207 INFO [T45] leaf pattern=086623???? got=3 saved=3
2026-05-23 14:57:55,364 INFO [T13] leaf pattern=086620???? got=5 saved=5
2026-05-23 14:57:55,499 INFO [T20] leaf pattern=086627???? got=5 saved=5
2026-05-23 14:57:55,514 INFO [T26] leaf pattern=086570???? got=23 saved=23
2026-05-23 14:57:55,571 INFO [T41] leaf pattern=086625???? got=10 saved=10
2026-05-23 14:57:55,576 INFO [T2] leaf pattern=086629???? got=1 saved=1
2026-05-23 14:57:55,617 INFO [T21] leaf pattern=086571???? got=24 saved=24
2026-05-23 14:57:55,798 INFO [T28] leaf pattern=086624???? got=12 saved=12
2026-05-23 14:57:55,866 INFO [T10] leaf pattern=086572???? got=18 saved=18
2026-05-23 14:57:55,892 INFO [T31] leaf pattern=086626???? got=8 saved=8
2026-05-23 14:57:55,910 INFO [T19] leaf pattern=086573???? got=25 saved=25
2026-05-23 14:57:55,937 INFO [T1] leaf pattern=086574???? got=26 saved=26
2026-05-23 14:57:56,016 INFO [T43] leaf pattern=086628???? got=7 saved=7
2026-05-23 14:57:56,144 INFO [T4] leaf pattern=086576???? got=19 saved=19
2026-05-23 14:57:56,155 INFO [T39] leaf pattern=086575???? got=24 saved=24
2026-05-23 14:57:56,177 INFO [T34] leaf pattern=086539???? got=20 saved=20
2026-05-23 14:57:56,229 INFO [T47] leaf pattern=086577???? got=6 saved=6
2026-05-23 14:57:56,282 INFO [T30] leaf pattern=086579???? got=18 saved=18
2026-05-23 14:57:56,334 INFO [T16] leaf pattern=086578???? got=19 saved=19
2026-05-23 14:57:56,488 WARNING [T46] ReadTimeout attempt=1/3 pattern=086213????: HTTPSConnectionPool(host='vietteltelecom.vn', port=443): Read timed out. (read timeout=15)
2026-05-23 14:57:56,488 INFO [T46] rotate IP ea2ad224 → bbc59e16
2026-05-23 14:57:56,506 INFO [T15] leaf pattern=086560???? got=20 saved=20
2026-05-23 14:57:56,563 INFO [T37] leaf pattern=086203???? got=6 saved=6
2026-05-23 14:57:56,928 INFO [T40] leaf pattern=086565???? got=6 saved=6
2026-05-23 14:57:56,985 INFO [T32] leaf pattern=086564???? got=20 saved=20
2026-05-23 14:57:56,996 INFO [T12] leaf pattern=086563???? got=17 saved=17
2026-05-23 14:57:57,016 INFO [T24] leaf pattern=086566???? got=6 saved=6
2026-05-23 14:57:57,043 INFO [T38] leaf pattern=086561???? got=14 saved=14
2026-05-23 14:57:57,055 INFO [T8] leaf pattern=086562???? got=18 saved=18
2026-05-23 14:57:57,143 INFO [T25] leaf pattern=086550???? got=22 saved=22
2026-05-23 14:57:57,185 INFO [T42] leaf pattern=086569???? got=13 saved=13
2026-05-23 14:57:57,211 INFO [T7] leaf pattern=086568???? got=10 saved=10
2026-05-23 14:57:57,236 INFO [T48] leaf pattern=086551???? got=22 saved=22
2026-05-23 14:57:57,302 INFO [T50] leaf pattern=086555???? got=1 saved=1
2026-05-23 14:57:57,317 INFO [T23] leaf pattern=086554???? got=23 saved=23
2026-05-23 14:57:57,413 INFO [T5] leaf pattern=086553???? got=23 saved=23
2026-05-23 14:57:57,480 INFO [T6] leaf pattern=086556???? got=8 saved=8
2026-05-23 14:57:57,513 INFO [T35] leaf pattern=086558???? got=10 saved=10
2026-05-23 14:57:57,579 INFO [T22] leaf pattern=086552???? got=20 saved=20
2026-05-23 14:57:57,682 INFO [T18] leaf pattern=086541???? got=18 saved=18
2026-05-23 14:57:57,729 INFO [T33] leaf pattern=086557???? got=22 saved=22
2026-05-23 14:57:57,760 INFO [T36] leaf pattern=086540???? got=15 saved=15
2026-05-23 14:57:57,773 INFO [T44] leaf pattern=086542???? got=15 saved=15
2026-05-23 14:57:57,819 INFO [T11] leaf pattern=086559???? got=13 saved=13
2026-05-23 14:57:58,092 INFO [T29] leaf pattern=086544???? got=17 saved=17
2026-05-23 14:57:58,117 INFO [T49] leaf pattern=086655???? got=0 saved=0
2026-05-23 14:57:58,339 INFO [T27] leaf pattern=086547???? got=27 saved=27
2026-05-23 14:57:58,370 INFO [T14] leaf pattern=086567???? got=8 saved=8
2026-05-23 14:57:58,379 INFO [T17] leaf pattern=086546???? got=21 saved=21
2026-05-23 14:57:58,385 INFO [T9] leaf pattern=086545???? got=15 saved=15
2026-05-23 14:57:58,442 INFO [T45] leaf pattern=086548???? got=29 saved=29
2026-05-23 14:57:58,515 INFO [T13] leaf pattern=086549???? got=29 saved=29
2026-05-23 14:57:58,538 INFO [T21] expand pattern=086584???? got=30 ≥ 30 → split into 10 children
2026-05-23 14:57:58,560 INFO [T26] leaf pattern=086581???? got=13 saved=13
2026-05-23 14:57:58,614 INFO [T2] leaf pattern=086583???? got=20 saved=20
2026-05-23 14:57:58,647 INFO [T20] leaf pattern=086580???? got=17 saved=17
2026-05-23 14:57:58,652 INFO [T41] leaf pattern=086582???? got=15 saved=15
2026-05-23 14:57:58,825 INFO [T3] leaf pattern=086543???? got=20 saved=20
2026-05-23 14:57:58,844 INFO [T31] leaf pattern=086587???? got=11 saved=11
2026-05-23 14:57:58,890 INFO [T10] leaf pattern=086586???? got=6 saved=6
2026-05-23 14:57:58,938 INFO [T1] leaf pattern=086589???? got=11 saved=11
2026-05-23 14:57:58,943 INFO [T19] leaf pattern=086588???? got=4 saved=4
2026-05-23 14:57:58,963 INFO [T28] leaf pattern=086585???? got=8 saved=8
2026-05-23 14:57:58,989 INFO [T43] leaf pattern=086700???? got=8 saved=8
2026-05-23 14:57:59,044 INFO [T39] leaf pattern=086702???? got=29 saved=29
2026-05-23 14:57:59,144 INFO [T34] leaf pattern=086703???? got=20 saved=20
2026-05-23 14:57:59,189 INFO [T30] leaf pattern=086705???? got=24 saved=24
2026-05-23 14:57:59,214 INFO [T4] leaf pattern=086701???? got=16 saved=16
2026-05-23 14:57:59,254 INFO [T47] expand pattern=086704???? got=30 ≥ 30 → split into 10 children
2026-05-23 14:57:59,267 INFO [T16] leaf pattern=086706???? got=21 saved=21
2026-05-23 14:57:59,450 INFO [T15] leaf pattern=086707???? got=19 saved=19
2026-05-23 14:57:59,516 INFO [T37] leaf pattern=086708???? got=24 saved=24
2026-05-23 14:57:59,608 INFO [T46] D1N refreshed 6601b3068d00e736…
2026-05-23 14:57:59,841 INFO [T40] leaf pattern=086709???? got=25 saved=25
2026-05-23 14:57:59,957 INFO [T24] leaf pattern=086712???? got=19 saved=19
2026-05-23 14:57:59,962 INFO [T38] leaf pattern=086713???? got=18 saved=18
2026-05-23 14:58:00,032 INFO [T8] leaf pattern=086714???? got=27 saved=27
2026-05-23 14:58:00,065 INFO [T25] leaf pattern=086715???? got=25 saved=25
2026-05-23 14:58:00,070 INFO [T12] leaf pattern=086711???? got=7 saved=7
2026-05-23 14:58:00,100 INFO [T7] leaf pattern=086717???? got=25 saved=25
2026-05-23 14:58:00,150 INFO [T42] leaf pattern=086716???? got=20 saved=20
2026-05-23 14:58:00,166 INFO [T48] leaf pattern=086718???? got=26 saved=26
2026-05-23 14:58:00,205 INFO [T50] leaf pattern=086719???? got=20 saved=20
2026-05-23 14:58:00,262 INFO [T32] leaf pattern=086710???? got=22 saved=22
2026-05-23 14:58:00,374 INFO [T23] leaf pattern=086590???? got=22 saved=22
2026-05-23 14:58:00,409 INFO [T5] leaf pattern=086591???? got=12 saved=12
2026-05-23 14:58:00,419 INFO [T35] leaf pattern=086593???? got=18 saved=18
2026-05-23 14:58:00,592 INFO [T18] leaf pattern=086595???? got=17 saved=17
2026-05-23 14:58:00,613 INFO [T6] leaf pattern=086592???? got=13 saved=13
2026-05-23 14:58:00,637 INFO [T36] leaf pattern=086597???? got=12 saved=12
2026-05-23 14:58:00,664 INFO [T44] leaf pattern=086598???? got=22 saved=22
2026-05-23 14:58:00,673 INFO [T22] leaf pattern=086594???? got=22 saved=22
2026-05-23 14:58:00,685 INFO [T33] leaf pattern=086596???? got=14 saved=14
2026-05-23 14:58:00,736 INFO [T11] leaf pattern=086599???? got=2 saved=2
2026-05-23 14:58:00,947 INFO [T49] leaf pattern=086731???? got=28 saved=28
2026-05-23 14:58:01,008 INFO [T29] expand pattern=086730???? got=30 ≥ 30 → split into 10 children
2026-05-23 14:58:01,067 INFO [T14] leaf pattern=086733???? got=17 saved=17
2026-05-23 14:58:01,075 INFO [T17] leaf pattern=086734???? got=29 saved=29
2026-05-23 14:58:01,132 INFO [T9] expand pattern=086735???? got=35 ≥ 30 → split into 10 children
2026-05-23 14:58:01,259 INFO [T13] leaf pattern=086736???? got=24 saved=24
2026-05-23 14:58:01,299 INFO [T45] leaf pattern=086737???? got=27 saved=27
2026-05-23 14:58:01,360 INFO [T26] expand pattern=086739???? got=34 ≥ 30 → split into 10 children
2026-05-23 14:58:01,406 INFO [T21] expand pattern=086738???? got=33 ≥ 30 → split into 10 children
2026-05-23 14:58:01,452 INFO [T27] leaf pattern=086732???? got=27 saved=27
2026-05-23 14:58:01,469 INFO [T2] leaf pattern=086720???? got=23 saved=23
2026-05-23 14:58:01,515 INFO [T20] leaf pattern=086721???? got=28 saved=28
2026-05-23 14:58:01,757 INFO [T3] leaf pattern=086723???? got=29 saved=29
2026-05-23 14:58:01,832 INFO [T19] leaf pattern=086727???? got=19 saved=19
2026-05-23 14:58:01,842 INFO [T31] expand pattern=086724???? got=36 ≥ 30 → split into 10 children
2026-05-23 14:58:01,898 INFO [T28] expand pattern=086728???? got=32 ≥ 30 → split into 10 children
2026-05-23 14:58:01,929 INFO [T10] leaf pattern=086725???? got=28 saved=28
2026-05-23 14:58:01,951 INFO [T1] leaf pattern=086726???? got=27 saved=27
2026-05-23 14:58:01,961 INFO [T43] expand pattern=086729???? got=34 ≥ 30 → split into 10 children
2026-05-23 14:58:02,001 INFO [T39] expand pattern=086740???? got=32 ≥ 30 → split into 10 children
2026-05-23 14:58:02,057 INFO [T41] leaf pattern=086722???? got=10 saved=10
2026-05-23 14:58:02,094 INFO [T30] leaf pattern=086742???? got=24 saved=24
2026-05-23 14:58:02,131 INFO [T4] leaf pattern=086743???? got=25 saved=25
2026-05-23 14:58:02,155 INFO [T34] leaf pattern=086741???? got=21 saved=21
2026-05-23 14:58:02,200 INFO [T47] leaf pattern=086744???? got=19 saved=19
2026-05-23 14:58:02,222 INFO [T16] leaf pattern=086745???? got=20 saved=20
2026-05-23 14:58:02,367 INFO [T15] expand pattern=086746???? got=30 ≥ 30 → split into 10 children
2026-05-23 14:58:02,483 INFO [T37] leaf pattern=086747???? got=29 saved=29
2026-05-23 14:58:02,858 INFO [T38] leaf pattern=086750???? got=28 saved=28
2026-05-23 14:58:02,872 INFO [T40] expand pattern=086748???? got=34 ≥ 30 → split into 10 children
2026-05-23 14:58:02,902 INFO [T24] leaf pattern=086749???? got=29 saved=29
2026-05-23 14:58:02,980 INFO [T8] leaf pattern=086751???? got=25 saved=25
2026-05-23 14:58:03,017 INFO [T12] leaf pattern=086753???? got=25 saved=25
2026-05-23 14:58:03,030 INFO [T7] leaf pattern=086754???? got=28 saved=28
2026-05-23 14:58:03,069 INFO [T25] leaf pattern=086752???? got=17 saved=17
2026-05-23 14:58:03,099 INFO [T42] leaf pattern=086755???? got=13 saved=13
2026-05-23 14:58:03,124 INFO [T50] leaf pattern=086757???? got=18 saved=18
2026-05-23 14:58:03,352 INFO [T32] leaf pattern=086758???? got=25 saved=25
2026-05-23 14:58:03,368 INFO [T35] leaf pattern=086761???? got=21 saved=21
2026-05-23 14:58:03,375 INFO [T48] leaf pattern=086756???? got=21 saved=21
2026-05-23 14:58:03,442 INFO [T23] leaf pattern=086759???? got=23 saved=23
2026-05-23 14:58:03,484 INFO [T18] leaf pattern=086762???? got=16 saved=16
2026-05-23 14:58:03,527 WARNING [T22] ec=1 rate limited, rotating IP
2026-05-23 14:58:03,527 INFO [T22] rotate IP b21c5c73 → 2c1d7c7b
2026-05-23 14:58:03,597 INFO [T36] leaf pattern=086764???? got=27 saved=27
2026-05-23 14:58:03,616 INFO [T6] leaf pattern=086763???? got=28 saved=28
2026-05-23 14:58:03,629 INFO [T5] leaf pattern=086760???? got=24 saved=24
2026-05-23 14:58:03,635 INFO [T33] leaf pattern=086767???? got=4 saved=4
2026-05-23 14:58:03,717 INFO [T44] leaf pattern=086765???? got=18 saved=18
2026-05-23 14:58:03,723 INFO [T11] leaf pattern=086768???? got=14 saved=14
2026-05-23 14:58:03,836 INFO [T46] leaf pattern=086213???? got=11 saved=11
2026-05-23 14:58:03,920 INFO [T29] leaf pattern=086770???? got=23 saved=23
2026-05-23 14:58:03,933 INFO [T49] leaf pattern=086769???? got=23 saved=23
2026-05-23 14:58:04,024 INFO [T17] leaf pattern=086772???? got=20 saved=20
2026-05-23 14:58:04,034 INFO [T14] leaf pattern=086771???? got=28 saved=28
2026-05-23 14:58:04,160 INFO [T9] leaf pattern=086773???? got=21 saved=21
2026-05-23 14:58:04,192 INFO [T13] leaf pattern=086774???? got=24 saved=24
2026-05-23 14:58:04,224 INFO [T45] leaf pattern=086775???? got=21 saved=21
2026-05-23 14:58:04,249 INFO [T26] leaf pattern=086776???? got=17 saved=17
2026-05-23 14:58:04,262 INFO [T21] leaf pattern=086777???? got=1 saved=1
2026-05-23 14:58:04,380 INFO [T2] leaf pattern=086779???? got=19 saved=19
2026-05-23 14:58:04,475 INFO [T20] leaf pattern=086780???? got=15 saved=15
2026-05-23 14:58:04,557 INFO [T27] leaf pattern=086778???? got=25 saved=25
2026-05-23 14:58:04,655 INFO [T3] leaf pattern=086781???? got=24 saved=24
2026-05-23 14:58:04,717 INFO [T19] leaf pattern=086782???? got=22 saved=22
2026-05-23 14:58:04,782 INFO [T31] leaf pattern=086783???? got=28 saved=28
2026-05-23 14:58:04,841 INFO [T28] leaf pattern=086784???? got=28 saved=28
2026-05-23 14:58:04,882 INFO [T10] leaf pattern=086785???? got=22 saved=22
2026-05-23 14:58:04,895 INFO [T1] leaf pattern=086786???? got=9 saved=9
2026-05-23 14:58:04,909 INFO [T39] leaf pattern=086788???? got=4 saved=4
2026-05-23 14:58:04,987 INFO [T43] leaf pattern=086787???? got=15 saved=15
2026-05-23 14:58:05,004 INFO [T41] leaf pattern=086789???? got=0 saved=0
2026-05-23 14:58:05,103 INFO [T30] leaf pattern=086800???? got=1 saved=1
2026-05-23 14:58:05,122 INFO [T34] leaf pattern=086802???? got=8 saved=8
2026-05-23 14:58:05,190 INFO [T47] leaf pattern=086803???? got=8 saved=8
2026-05-23 14:58:05,205 INFO [T16] leaf pattern=086804???? got=14 saved=14
2026-05-23 14:58:05,241 INFO [T15] leaf pattern=086805???? got=5 saved=5
2026-05-23 14:58:05,352 INFO [T4] leaf pattern=086801???? got=4 saved=4
2026-05-23 14:58:05,428 INFO [T22] D1N refreshed 587640d918f8fd9c…
2026-05-23 14:58:05,434 INFO [T37] leaf pattern=086806???? got=4 saved=4
2026-05-23 14:58:05,766 INFO [T38] leaf pattern=086807???? got=8 saved=8
2026-05-23 14:58:05,800 INFO [T24] leaf pattern=086809???? got=10 saved=10
2026-05-23 14:58:05,831 INFO [T40] leaf pattern=086808???? got=5 saved=5
2026-05-23 14:58:05,958 INFO [T25] leaf pattern=086793???? got=20 saved=20
2026-05-23 14:58:06,000 INFO [T12] leaf pattern=086791???? got=27 saved=27
2026-05-23 14:58:06,025 INFO [T50] leaf pattern=086795???? got=27 saved=27
2026-05-23 14:58:06,064 INFO [T42] leaf pattern=086794???? got=27 saved=27
2026-05-23 14:58:06,346 INFO [T8] expand pattern=086790???? got=34 ≥ 30 → split into 10 children
2026-05-23 14:58:06,375 INFO [T48] leaf pattern=086798???? got=22 saved=22
2026-05-23 14:58:06,394 INFO [T7] expand pattern=086792???? got=30 ≥ 30 → split into 10 children
2026-05-23 14:58:06,427 INFO [T18] leaf pattern=086840???? got=8 saved=8
2026-05-23 14:58:06,430 INFO [T23] leaf pattern=086799???? got=9 saved=9
2026-05-23 14:58:06,451 INFO [T35] leaf pattern=086797???? got=23 saved=23
2026-05-23 14:58:06,518 INFO [T36] leaf pattern=086841???? got=7 saved=7
2026-05-23 14:58:06,557 INFO [T33] leaf pattern=086844???? got=6 saved=6
2026-05-23 14:58:06,589 INFO [T5] leaf pattern=086843???? got=4 saved=4
2026-05-23 14:58:06,616 INFO [T32] leaf pattern=086796???? got=26 saved=26
2026-05-23 14:58:06,632 INFO [T44] leaf pattern=086845???? got=8 saved=8
2026-05-23 14:58:06,644 INFO [T6] leaf pattern=086842???? got=9 saved=9
2026-05-23 14:58:06,745 INFO [T11] leaf pattern=086846???? got=8 saved=8
2026-05-23 14:58:06,796 INFO [T46] leaf pattern=086847???? got=14 saved=14
2026-05-23 14:58:06,867 INFO [T29] leaf pattern=086848???? got=9 saved=9
2026-05-23 14:58:06,905 INFO [T49] leaf pattern=086849???? got=11 saved=11
2026-05-23 14:58:06,935 INFO [T14] leaf pattern=086851???? got=10 saved=10
2026-05-23 14:58:06,946 INFO [T17] leaf pattern=086850???? got=11 saved=11
2026-05-23 14:58:07,088 INFO [T9] leaf pattern=086852???? got=10 saved=10
2026-05-23 14:58:07,116 INFO [T13] leaf pattern=086853???? got=13 saved=13
2026-05-23 14:58:07,143 INFO [T26] leaf pattern=086855???? got=5 saved=5
2026-05-23 14:58:07,151 INFO [T45] leaf pattern=086854???? got=13 saved=13
2026-05-23 14:58:07,176 INFO [T21] leaf pattern=086856???? got=4 saved=4
2026-05-23 14:58:07,290 INFO [T2] leaf pattern=086857???? got=21 saved=21
2026-05-23 14:58:07,486 INFO [T20] leaf pattern=086858???? got=10 saved=10
2026-05-23 14:58:07,535 INFO [T27] leaf pattern=086859???? got=19 saved=19
2026-05-23 14:58:07,573 INFO [T3] leaf pattern=086830???? got=5 saved=5
2026-05-23 14:58:07,601 INFO [T19] leaf pattern=086831???? got=5 saved=5
2026-05-23 14:58:07,763 INFO [T1] leaf pattern=086835???? got=4 saved=4
2026-05-23 14:58:07,815 INFO [T39] leaf pattern=086836???? got=8 saved=8
2026-05-23 14:58:07,841 INFO [T10] leaf pattern=086834???? got=8 saved=8
2026-05-23 14:58:07,911 INFO [T41] leaf pattern=086838???? got=1 saved=1
2026-05-23 14:58:07,931 INFO [T28] leaf pattern=086833???? got=5 saved=5
2026-05-23 14:58:07,963 INFO [T43] leaf pattern=086837???? got=14 saved=14
2026-05-23 14:58:08,008 INFO [T31] leaf pattern=086832???? got=9 saved=9
2026-05-23 14:58:08,077 INFO [T47] leaf pattern=086871???? got=9 saved=9
2026-05-23 14:58:08,121 INFO [T15] leaf pattern=086873???? got=8 saved=8
2026-05-23 14:58:08,194 INFO [T16] leaf pattern=086872???? got=9 saved=9
2026-05-23 14:58:08,207 INFO [T30] leaf pattern=086839???? got=6 saved=6
2026-05-23 14:58:08,238 INFO [T4] leaf pattern=086874???? got=16 saved=16
2026-05-23 14:58:08,277 INFO [T34] leaf pattern=086870???? got=10 saved=10
2026-05-23 14:58:08,430 INFO [T37] leaf pattern=086875???? got=5 saved=5
2026-05-23 14:58:08,716 INFO [T38] leaf pattern=086876???? got=5 saved=5
2026-05-23 14:58:08,726 INFO [T40] leaf pattern=086878???? got=0 saved=0
2026-05-23 14:58:08,751 INFO [T24] leaf pattern=086877???? got=4 saved=4
2026-05-23 14:58:08,839 INFO [T25] leaf pattern=086879???? got=3 saved=3
2026-05-23 14:58:08,914 INFO [T50] leaf pattern=086691???? got=9 saved=9
2026-05-23 14:58:08,981 INFO [T12] leaf pattern=086690???? got=10 saved=10
2026-05-23 14:58:09,059 INFO [T42] leaf pattern=086692???? got=9 saved=9
2026-05-23 14:58:09,248 INFO [T8] leaf pattern=086693???? got=12 saved=12
2026-05-23 14:58:09,327 INFO [T18] leaf pattern=086696???? got=5 saved=5
2026-05-23 14:58:09,344 INFO [T7] leaf pattern=086695???? got=10 saved=10
2026-05-23 14:58:09,361 INFO [T35] leaf pattern=086698???? got=3 saved=3
2026-05-23 14:58:09,379 INFO [T23] leaf pattern=086697???? got=13 saved=13
2026-05-23 14:58:09,408 INFO [T48] leaf pattern=086694???? got=10 saved=10
2026-05-23 14:58:09,447 INFO [T36] leaf pattern=086699???? got=0 saved=0
2026-05-23 14:58:09,475 INFO [T22] leaf pattern=086766???? got=11 saved=11
2026-05-23 14:58:09,510 INFO [T33] leaf pattern=086890???? got=6 saved=6
2026-05-23 14:58:09,524 INFO [T5] leaf pattern=086891???? got=5 saved=5
2026-05-23 14:58:09,541 INFO [T44] leaf pattern=086893???? got=6 saved=6
2026-05-23 14:58:09,568 INFO [T32] leaf pattern=086892???? got=9 saved=9
2026-05-23 14:58:09,602 INFO [T6] leaf pattern=086894???? got=8 saved=8
2026-05-23 14:58:09,744 INFO [T46] leaf pattern=086896???? got=4 saved=4
2026-05-23 14:58:09,767 INFO [T14] leaf pattern=086899???? got=0 saved=0
2026-05-23 14:58:09,801 INFO [T29] leaf pattern=086897???? got=8 saved=8
2026-05-23 14:58:09,814 INFO [T11] leaf pattern=086895???? got=7 saved=7
2026-05-23 14:58:09,831 INFO [T49] leaf pattern=086898???? got=1 saved=1
2026-05-23 14:58:09,881 INFO [T17] leaf pattern=086900???? got=5 saved=5
2026-05-23 14:58:10,071 INFO [T45] leaf pattern=086904???? got=20 saved=20
2026-05-23 14:58:10,076 INFO [T26] leaf pattern=086903???? got=16 saved=16
2026-05-23 14:58:10,081 INFO [T13] leaf pattern=086902???? got=14 saved=14
2026-05-23 14:58:10,101 INFO [T21] leaf pattern=086905???? got=19 saved=19
2026-05-23 14:58:10,152 INFO [T9] leaf pattern=086901???? got=18 saved=18
2026-05-23 14:58:10,194 INFO [T2] leaf pattern=086906???? got=18 saved=18
2026-05-23 14:58:10,382 INFO [T20] leaf pattern=086907???? got=16 saved=16
2026-05-23 14:58:10,423 WARNING [T19] ec=1 rate limited, rotating IP
2026-05-23 14:58:10,423 INFO [T19] rotate IP 2d9c1ae6 → 95c3a298
2026-05-23 14:58:10,487 INFO [T27] leaf pattern=086908???? got=10 saved=10
2026-05-23 14:58:10,495 INFO [T3] leaf pattern=086909???? got=9 saved=9
2026-05-23 14:58:10,673 INFO [T1] leaf pattern=086921???? got=18 saved=18
2026-05-23 14:58:10,696 INFO [T39] leaf pattern=086922???? got=11 saved=11
2026-05-23 14:58:10,869 INFO [T41] leaf pattern=086924???? got=22 saved=22
2026-05-23 14:58:10,882 WARNING [T47] ec=1 rate limited, rotating IP
2026-05-23 14:58:10,882 INFO [T47] rotate IP 425a51f8 → b6abd19b
2026-05-23 14:58:10,901 INFO [T28] leaf pattern=086925???? got=23 saved=23
2026-05-23 14:58:10,921 INFO [T43] leaf pattern=086926???? got=19 saved=19
2026-05-23 14:58:10,980 INFO [T31] leaf pattern=086927???? got=19 saved=19
2026-05-23 14:58:11,047 INFO [T15] leaf pattern=086929???? got=18 saved=18
2026-05-23 14:58:11,101 INFO [T16] leaf pattern=086910???? got=19 saved=19
2026-05-23 14:58:11,114 INFO [T4] leaf pattern=086912???? got=15 saved=15
2026-05-23 14:58:11,325 INFO [T30] leaf pattern=086911???? got=7 saved=7
2026-05-23 14:58:11,393 INFO [T37] leaf pattern=086914???? got=26 saved=26
2026-05-23 14:58:11,452 INFO [T34] leaf pattern=086913???? got=17 saved=17
2026-05-23 14:58:11,636 INFO [T40] leaf pattern=086916???? got=20 saved=20
2026-05-23 14:58:11,688 INFO [T24] leaf pattern=086917???? got=13 saved=13
2026-05-23 14:58:11,748 INFO [T25] leaf pattern=086918???? got=17 saved=17
2026-05-23 14:58:11,791 INFO [T50] leaf pattern=086919???? got=11 saved=11
2026-05-23 14:58:11,933 INFO [T38] leaf pattern=086915???? got=21 saved=21
2026-05-23 14:58:12,029 INFO [T42] expand pattern=086941???? got=33 ≥ 30 → split into 10 children
2026-05-23 14:58:12,085 INFO [T12] leaf pattern=086940???? got=27 saved=27
2026-05-23 14:58:12,188 INFO [T8] leaf pattern=086942???? got=25 saved=25
2026-05-23 14:58:12,249 INFO [T7] leaf pattern=086944???? got=19 saved=19
2026-05-23 14:58:12,292 INFO [T18] leaf pattern=086943???? got=27 saved=27
2026-05-23 14:58:12,312 INFO [T35] leaf pattern=086945???? got=29 saved=29
2026-05-23 14:58:12,362 INFO [T23] leaf pattern=086946???? got=22 saved=22
2026-05-23 14:58:12,395 INFO [T36] leaf pattern=086948???? got=23 saved=23
2026-05-23 14:58:12,404 INFO [T48] leaf pattern=086947???? got=25 saved=25
2026-05-23 14:58:12,435 INFO [T44] leaf pattern=086932???? got=16 saved=16
2026-05-23 14:58:12,440 INFO [T22] leaf pattern=086949???? got=29 saved=29
2026-05-23 14:58:12,463 INFO [T5] leaf pattern=086931???? got=22 saved=22
2026-05-23 14:58:12,489 INFO [T33] leaf pattern=086930???? got=22 saved=22
2026-05-23 14:58:12,552 INFO [T19] D1N refreshed 9d68965f1e1bb81a…
2026-05-23 14:58:12,570 INFO [T6] leaf pattern=086934???? got=22 saved=22
2026-05-23 14:58:12,630 INFO [T32] leaf pattern=086933???? got=12 saved=12
2026-05-23 14:58:12,684 INFO [T14] leaf pattern=086936???? got=12 saved=12
2026-05-23 14:58:12,757 INFO [T46] leaf pattern=086935???? got=17 saved=17
2026-05-23 14:58:12,782 INFO [T29] leaf pattern=086937???? got=19 saved=19
2026-05-23 14:58:12,786 INFO [T11] leaf pattern=086938???? got=18 saved=18
2026-05-23 14:58:12,794 INFO [T49] leaf pattern=086939???? got=12 saved=12
2026-05-23 14:58:12,839 INFO [T17] leaf pattern=086950???? got=19 saved=19
2026-05-23 14:58:12,987 INFO [T10] leaf pattern=086923???? got=15 saved=15
2026-05-23 14:58:13,013 INFO [T21] expand pattern=086954???? got=30 ≥ 30 → split into 10 children
2026-05-23 14:58:13,026 INFO [T45] leaf pattern=086951???? got=23 saved=23
2026-05-23 14:58:13,180 INFO [T9] leaf pattern=086955???? got=13 saved=13
2026-05-23 14:58:13,270 INFO [T13] expand pattern=086953???? got=33 ≥ 30 → split into 10 children
2026-05-23 14:58:13,357 INFO [T26] leaf pattern=086952???? got=22 saved=22
2026-05-23 14:58:13,372 INFO [T3] leaf pattern=086959???? got=26 saved=26
2026-05-23 14:58:13,449 WARNING [T1] ec=1 rate limited, rotating IP
2026-05-23 14:58:13,449 INFO [T1] rotate IP 31c0d0c7 → c744995d
2026-05-23 14:58:13,702 INFO [T39] leaf pattern=086961???? got=17 saved=17
2026-05-23 14:58:13,747 INFO [T20] leaf pattern=086957???? got=22 saved=22
2026-05-23 14:58:13,854 INFO [T28] leaf pattern=086963???? got=16 saved=16
2026-05-23 14:58:13,873 INFO [T43] leaf pattern=086964???? got=14 saved=14
2026-05-23 14:58:13,943 INFO [T15] leaf pattern=086966???? got=8 saved=8
2026-05-23 14:58:13,956 INFO [T47] D1N refreshed d9295655850d5a81…
2026-05-23 14:58:13,957 INFO [T31] leaf pattern=086965???? got=21 saved=21
2026-05-23 14:58:13,966 INFO [T41] leaf pattern=086962???? got=10 saved=10
2026-05-23 14:58:14,009 INFO [T4] leaf pattern=086968???? got=2 saved=2
2026-05-23 14:58:14,029 INFO [T16] leaf pattern=086967???? got=18 saved=18
2026-05-23 14:58:14,116 INFO [T2] leaf pattern=086956???? got=18 saved=18
2026-05-23 14:58:14,301 INFO [T30] leaf pattern=086969???? got=1 saved=1
2026-05-23 14:58:14,332 INFO [T37] leaf pattern=086810???? got=8 saved=8
2026-05-23 14:58:14,420 INFO [T34] leaf pattern=086811???? got=1 saved=1
2026-05-23 14:58:14,572 INFO [T40] leaf pattern=086812???? got=7 saved=7
2026-05-23 14:58:14,655 INFO [T24] leaf pattern=086813???? got=2 saved=2
2026-05-23 14:58:14,728 INFO [T50] leaf pattern=086815???? got=11 saved=11
2026-05-23 14:58:14,912 INFO [T25] leaf pattern=086814???? got=13 saved=13
2026-05-23 14:58:14,927 INFO [T38] leaf pattern=086816???? got=7 saved=7
2026-05-23 14:58:14,964 INFO [T42] leaf pattern=086817???? got=3 saved=3
2026-05-23 14:58:15,121 INFO [T8] leaf pattern=086819???? got=4 saved=4
2026-05-23 14:58:15,143 INFO [T12] leaf pattern=086818???? got=7 saved=7
2026-05-23 14:58:15,158 INFO [T7] leaf pattern=086980???? got=19 saved=19
2026-05-23 14:58:15,193 INFO [T18] leaf pattern=086981???? got=16 saved=16
2026-05-23 14:58:15,205 INFO [T35] leaf pattern=086982???? got=21 saved=21
2026-05-23 14:58:15,222 INFO [T1] D1N refreshed 4e3449dba94b0d4b…
2026-05-23 14:58:15,259 INFO [T27] leaf pattern=086958???? got=23 saved=23
2026-05-23 14:58:15,317 INFO [T22] leaf pattern=086987???? got=13 saved=13
2026-05-23 14:58:15,388 INFO [T23] leaf pattern=086983???? got=13 saved=13
2026-05-23 14:58:15,393 INFO [T48] leaf pattern=086985???? got=20 saved=20
2026-05-23 14:58:15,427 INFO [T44] leaf pattern=086986???? got=6 saved=6
2026-05-23 14:58:15,438 INFO [T36] leaf pattern=086984???? got=17 saved=17
2026-05-23 14:58:15,461 INFO [T5] leaf pattern=086988???? got=1 saved=1
2026-05-23 14:58:15,630 INFO [T33] leaf pattern=086989???? got=8 saved=8
2026-05-23 14:58:15,649 INFO [T6] expand pattern=086970???? got=34 ≥ 30 → split into 10 children
2026-05-23 14:58:15,682 INFO [T49] leaf pattern=086976???? got=21 saved=21
2026-05-23 14:58:15,687 INFO [T14] leaf pattern=086972???? got=19 saved=19
2026-05-23 14:58:15,696 INFO [T29] expand pattern=086974???? got=31 ≥ 30 → split into 10 children
2026-05-23 14:58:15,701 INFO [T46] leaf pattern=086973???? got=22 saved=22
2026-05-23 14:58:15,707 INFO [T11] leaf pattern=086975???? got=24 saved=24
2026-05-23 14:58:15,806 INFO [T17] leaf pattern=086977???? got=10 saved=10
2026-05-23 14:58:15,881 INFO [T32] leaf pattern=086971???? got=21 saved=21
2026-05-23 14:58:15,900 INFO [T10] leaf pattern=086978???? got=16 saved=16
2026-05-23 14:58:15,912 INFO [T21] leaf pattern=086979???? got=12 saved=12
2026-05-23 14:58:16,193 INFO [T9] leaf pattern=086991???? got=16 saved=16
2026-05-23 14:58:16,211 INFO [T13] leaf pattern=086992???? got=8 saved=8
2026-05-23 14:58:16,276 INFO [T3] leaf pattern=086994???? got=15 saved=15
2026-05-23 14:58:16,289 INFO [T26] leaf pattern=086993???? got=10 saved=10
2026-05-23 14:58:16,587 INFO [T39] leaf pattern=086995???? got=6 saved=6
2026-05-23 14:58:16,716 INFO [T20] leaf pattern=086996???? got=8 saved=8
2026-05-23 14:58:16,825 INFO [T43] leaf pattern=086998???? got=6 saved=6
2026-05-23 14:58:16,834 INFO [T15] leaf pattern=086999???? got=0 saved=0
2026-05-23 14:58:16,905 INFO [T31] leaf pattern=0376040??? got=0 saved=0
2026-05-23 14:58:16,919 INFO [T45] leaf pattern=086990???? got=7 saved=7
2026-05-23 14:58:16,931 INFO [T28] leaf pattern=086997???? got=18 saved=18
2026-05-23 14:58:16,964 INFO [T4] leaf pattern=0376042??? got=1 saved=1
2026-05-23 14:58:16,973 INFO [T19] leaf pattern=086920???? got=22 saved=22
2026-05-23 14:58:16,996 INFO [T16] leaf pattern=0376043??? got=1 saved=1
2026-05-23 14:58:17,018 INFO [T41] leaf pattern=0376041??? got=7 saved=7
2026-05-23 14:58:17,213 INFO [T30] leaf pattern=0376045??? got=4 saved=4
2026-05-23 14:58:17,239 INFO [T37] leaf pattern=0376046??? got=5 saved=5
2026-05-23 14:58:17,478 INFO [T2] leaf pattern=0376044??? got=5 saved=5
2026-05-23 14:58:17,493 INFO [T40] leaf pattern=0376048??? got=6 saved=6
2026-05-23 14:58:17,507 INFO [T34] leaf pattern=0376047??? got=4 saved=4
2026-05-23 14:58:17,636 INFO [T50] leaf pattern=0865840??? got=3 saved=3
2026-05-23 14:58:17,880 INFO [T38] leaf pattern=0865842??? got=1 saved=1
2026-05-23 14:58:17,908 INFO [T42] leaf pattern=0865843??? got=3 saved=3
2026-05-23 14:58:17,989 INFO [T24] leaf pattern=0376049??? got=6 saved=6
2026-05-23 14:58:18,068 INFO [T8] leaf pattern=0865844??? got=3 saved=3
2026-05-23 14:58:18,085 INFO [T12] leaf pattern=0865845??? got=1 saved=1
2026-05-23 14:58:18,090 INFO [T7] leaf pattern=0865846??? got=6 saved=6
2026-05-23 14:58:18,107 INFO [T18] leaf pattern=0865847??? got=3 saved=3
2026-05-23 14:58:18,124 INFO [T35] leaf pattern=0865848??? got=3 saved=3
2026-05-23 14:58:18,197 INFO [T25] leaf pattern=0865841??? got=3 saved=3
2026-05-23 14:58:18,210 INFO [T44] leaf pattern=0867043??? got=2 saved=2
2026-05-23 14:58:18,237 INFO [T22] leaf pattern=0867040??? got=0 saved=0
2026-05-23 14:58:18,243 INFO [T36] leaf pattern=0867044??? got=1 saved=1
2026-05-23 14:58:18,269 INFO [T23] leaf pattern=0867041??? got=4 saved=4
2026-05-23 14:58:18,325 INFO [T48] leaf pattern=0867042??? got=4 saved=4
2026-05-23 14:58:18,347 INFO [T5] leaf pattern=0867045??? got=4 saved=4
2026-05-23 14:58:18,361 INFO [T33] leaf pattern=0867046??? got=9 saved=9
2026-05-23 14:58:18,483 INFO [T14] leaf pattern=0867300??? got=0 saved=0
2026-05-23 14:58:18,578 INFO [T46] leaf pattern=0867302??? got=7 saved=7
2026-05-23 14:58:18,587 INFO [T49] leaf pattern=0867049??? got=2 saved=2
2026-05-23 14:58:18,600 INFO [T11] leaf pattern=0867301??? got=4 saved=4
2026-05-23 14:58:18,634 INFO [T29] leaf pattern=0867048??? got=2 saved=2
2026-05-23 14:58:18,641 INFO [T6] leaf pattern=0867047??? got=4 saved=4
2026-05-23 14:58:18,728 INFO [T17] leaf pattern=0867303??? got=3 saved=3
2026-05-23 14:58:18,784 INFO [T21] leaf pattern=0867306??? got=5 saved=5
2026-05-23 14:58:18,805 INFO [T27] leaf pattern=0865849??? got=7 saved=7
2026-05-23 14:58:18,859 INFO [T10] leaf pattern=0867305??? got=5 saved=5
2026-05-23 14:58:19,134 INFO [T13] leaf pattern=0867308??? got=5 saved=5
2026-05-23 14:58:19,193 INFO [T26] leaf pattern=0867350??? got=6 saved=6
2026-05-23 14:58:19,213 INFO [T1] leaf pattern=086960???? got=12 saved=12
2026-05-23 14:58:19,264 INFO [T9] leaf pattern=0867307??? got=5 saved=5
2026-05-23 14:58:19,318 INFO [T3] leaf pattern=0867309??? got=7 saved=7
2026-05-23 14:58:19,352 INFO [T47] leaf pattern=086928???? got=12 saved=12
2026-05-23 14:58:19,498 INFO [T39] leaf pattern=0867351??? got=5 saved=5
2026-05-23 14:58:19,613 INFO [T20] leaf pattern=0867352??? got=3 saved=3
2026-05-23 14:58:19,772 INFO [T15] leaf pattern=0867354??? got=4 saved=4
2026-05-23 14:58:19,787 INFO [T45] leaf pattern=0867356??? got=5 saved=5
2026-05-23 14:58:19,804 INFO [T43] leaf pattern=0867353??? got=3 saved=3
2026-05-23 14:58:19,879 INFO [T16] leaf pattern=0867390??? got=8 saved=8
2026-05-23 14:58:19,888 INFO [T4] leaf pattern=0867358??? got=4 saved=4
2026-05-23 14:58:19,907 INFO [T31] leaf pattern=0867355??? got=4 saved=4
2026-05-23 14:58:19,979 INFO [T41] leaf pattern=0867391??? got=6 saved=6
2026-05-23 14:58:20,014 INFO [T19] leaf pattern=0867359??? got=6 saved=6
2026-05-23 14:58:20,033 INFO [T28] leaf pattern=0867357??? got=3 saved=3
2026-05-23 14:58:20,174 INFO [T37] leaf pattern=0867393??? got=2 saved=2
2026-05-23 14:58:20,217 INFO [T30] leaf pattern=0867392??? got=5 saved=5
2026-05-23 14:58:20,397 INFO [T2] leaf pattern=0867394??? got=7 saved=7
2026-05-23 14:58:20,462 INFO [T32] leaf pattern=0867304??? got=2 saved=2
2026-05-23 14:58:20,466 INFO [T34] leaf pattern=0867396??? got=6 saved=6
2026-05-23 14:58:20,517 INFO [T40] leaf pattern=0867395??? got=4 saved=4
2026-05-23 14:58:20,583 INFO [T50] leaf pattern=0867397??? got=5 saved=5
2026-05-23 14:58:20,802 INFO [T38] leaf pattern=0867398??? got=5 saved=5
2026-05-23 14:58:20,867 WARNING [T18] ec=1 rate limited, rotating IP
2026-05-23 14:58:20,869 INFO [T18] rotate IP 3c8d8eef → 1e2b8a1f
2026-05-23 14:58:20,893 INFO [T24] leaf pattern=0867380??? got=5 saved=5
2026-05-23 14:58:21,001 INFO [T12] leaf pattern=0867382??? got=7 saved=7
2026-05-23 14:58:21,014 INFO [T7] leaf pattern=0867383??? got=4 saved=4
2026-05-23 14:58:21,019 INFO [T8] leaf pattern=0867381??? got=1 saved=1
2026-05-23 14:58:21,049 INFO [T35] leaf pattern=0867385??? got=2 saved=2
2026-05-23 14:58:21,058 INFO [T42] leaf pattern=0867399??? got=0 saved=0
2026-05-23 14:58:21,099 INFO [T25] leaf pattern=0867386??? got=7 saved=7
2026-05-23 14:58:21,121 INFO [T44] leaf pattern=0867387??? got=3 saved=3
2026-05-23 14:58:21,187 INFO [T22] leaf pattern=0867388??? got=5 saved=5
2026-05-23 14:58:21,192 INFO [T23] leaf pattern=0867240??? got=2 saved=2
2026-05-23 14:58:21,250 INFO [T36] leaf pattern=0867389??? got=5 saved=5
2026-05-23 14:58:21,325 INFO [T5] leaf pattern=0867242??? got=5 saved=5
2026-05-23 14:58:21,331 INFO [T48] leaf pattern=0867241??? got=7 saved=7
2026-05-23 14:58:21,347 INFO [T33] leaf pattern=0867243??? got=5 saved=5
2026-05-23 14:58:21,447 INFO [T14] leaf pattern=0867244??? got=10 saved=10
2026-05-23 14:58:21,477 INFO [T49] leaf pattern=0867246??? got=4 saved=4
2026-05-23 14:58:21,489 INFO [T11] leaf pattern=0867247??? got=2 saved=2
2026-05-23 14:58:21,530 INFO [T46] leaf pattern=0867245??? got=2 saved=2
2026-05-23 14:58:21,559 INFO [T29] leaf pattern=0867248??? got=8 saved=8
2026-05-23 14:58:21,627 INFO [T6] leaf pattern=0867249??? got=7 saved=7
2026-05-23 14:58:21,637 INFO [T17] leaf pattern=0867280??? got=0 saved=0
2026-05-23 14:58:21,709 INFO [T21] leaf pattern=0867281??? got=3 saved=3
2026-05-23 14:58:21,788 INFO [T10] leaf pattern=0867283??? got=6 saved=6
2026-05-23 14:58:21,910 INFO [T27] leaf pattern=0867282??? got=2 saved=2
2026-05-23 14:58:22,053 INFO [T13] leaf pattern=0867284??? got=5 saved=5
2026-05-23 14:58:22,094 INFO [T26] leaf pattern=0867285??? got=7 saved=7
2026-05-23 14:58:22,149 INFO [T1] leaf pattern=0867286??? got=3 saved=3
2026-05-23 14:58:22,207 INFO [T3] leaf pattern=0867288??? got=1 saved=1
2026-05-23 14:58:22,240 INFO [T9] leaf pattern=0867287??? got=3 saved=3
2026-05-23 14:58:22,271 INFO [T47] leaf pattern=0867289??? got=7 saved=7
2026-05-23 14:58:22,395 INFO [T39] leaf pattern=0867290??? got=3 saved=3
2026-05-23 14:58:22,564 INFO [T20] leaf pattern=0867291??? got=7 saved=7
2026-05-23 14:58:22,699 INFO [T15] leaf pattern=0867292??? got=6 saved=6
2026-05-23 14:58:22,718 INFO [T45] leaf pattern=0867293??? got=9 saved=9
2026-05-23 14:58:22,736 INFO [T43] leaf pattern=0867294??? got=7 saved=7
2026-05-23 14:58:22,759 INFO [T18] D1N refreshed 6b971389bcaff382…
2026-05-23 14:58:22,801 INFO [T4] leaf pattern=0867296??? got=5 saved=5
2026-05-23 14:58:22,842 INFO [T31] leaf pattern=0867297??? got=3 saved=3
2026-05-23 14:58:22,920 INFO [T16] leaf pattern=0867295??? got=2 saved=2
2026-05-23 14:58:22,939 INFO [T41] leaf pattern=0867298??? got=3 saved=3
2026-05-23 14:58:22,969 INFO [T19] leaf pattern=0867299??? got=0 saved=0
2026-05-23 14:58:22,984 INFO [T28] leaf pattern=0867400??? got=4 saved=4
2026-05-23 14:58:23,118 INFO [T37] leaf pattern=0867401??? got=5 saved=5
2026-05-23 14:58:23,233 INFO [T30] leaf pattern=0867402??? got=2 saved=2
2026-05-23 14:58:23,312 INFO [T2] leaf pattern=0867403??? got=5 saved=5
2026-05-23 14:58:23,468 INFO [T40] leaf pattern=0867406??? got=6 saved=6
2026-05-23 14:58:23,479 INFO [T50] leaf pattern=0867407??? got=7 saved=7
2026-05-23 14:58:23,728 INFO [T38] leaf pattern=0867408??? got=1 saved=1
2026-05-23 14:58:23,741 INFO [T34] leaf pattern=0867404??? got=2 saved=2
2026-05-23 14:58:23,811 INFO [T24] leaf pattern=0867409??? got=6 saved=6
2026-05-23 14:58:23,956 INFO [T35] leaf pattern=0867463??? got=7 saved=7
2026-05-23 14:58:23,979 INFO [T25] leaf pattern=0867465??? got=3 saved=3
2026-05-23 14:58:23,986 INFO [T8] leaf pattern=0867462??? got=5 saved=5
2026-05-23 14:58:23,997 INFO [T42] leaf pattern=0867464??? got=3 saved=3
2026-05-23 14:58:24,031 INFO [T7] leaf pattern=0867461??? got=9 saved=9
2026-05-23 14:58:24,058 INFO [T22] leaf pattern=0867468??? got=2 saved=2
2026-05-23 14:58:24,109 INFO [T12] leaf pattern=0867460??? got=5 saved=5
2026-05-23 14:58:24,135 INFO [T23] leaf pattern=0867467??? got=1 saved=1
2026-05-23 14:58:24,205 INFO [T36] leaf pattern=0867469??? got=6 saved=6
2026-05-23 14:58:24,258 INFO [T33] leaf pattern=0867482??? got=2 saved=2
2026-05-23 14:58:24,293 INFO [T44] leaf pattern=0867466??? got=2 saved=2
2026-05-23 14:58:24,326 WARNING [T29] ec=1 rate limited, rotating IP
2026-05-23 14:58:24,326 INFO [T29] rotate IP 5451bfe4 → a9121ebd
2026-05-23 14:58:24,327 INFO [T14] leaf pattern=0867483??? got=6 saved=6
2026-05-23 14:58:24,367 INFO [T48] leaf pattern=0867481??? got=9 saved=9
2026-05-23 14:58:24,398 INFO [T49] leaf pattern=0867484??? got=5 saved=5
2026-05-23 14:58:24,428 INFO [T11] leaf pattern=0867485??? got=4 saved=4
2026-05-23 14:58:24,442 WARNING [T5] ec=1 rate limited, rotating IP
2026-05-23 14:58:24,442 INFO [T5] rotate IP 10f3d153 → fc58e764
2026-05-23 14:58:24,479 INFO [T46] leaf pattern=0867486??? got=6 saved=6
2026-05-23 14:58:24,577 INFO [T21] leaf pattern=0867900??? got=0 saved=0
2026-05-23 14:58:24,581 INFO [T17] leaf pattern=0867489??? got=3 saved=3
2026-05-23 14:58:24,658 INFO [T6] leaf pattern=0867488??? got=2 saved=2
2026-05-23 14:58:24,874 INFO [T10] leaf pattern=0867901??? got=4 saved=4
2026-05-23 14:58:24,964 INFO [T13] leaf pattern=0867903??? got=7 saved=7
2026-05-23 14:58:25,048 INFO [T1] leaf pattern=0867905??? got=6 saved=6
2026-05-23 14:58:25,077 INFO [T26] leaf pattern=0867904??? got=7 saved=7
2026-05-23 14:58:25,126 INFO [T3] leaf pattern=0867906??? got=4 saved=4
2026-05-23 14:58:25,145 INFO [T9] leaf pattern=0867907??? got=4 saved=4
2026-05-23 14:58:25,157 INFO [T47] leaf pattern=0867908??? got=5 saved=5
2026-05-23 14:58:25,306 INFO [T39] leaf pattern=0867909??? got=3 saved=3
2026-05-23 14:58:25,539 INFO [T20] leaf pattern=0867920??? got=2 saved=2
2026-05-23 14:58:25,694 INFO [T43] leaf pattern=0867923??? got=2 saved=2
2026-05-23 14:58:25,708 INFO [T4] leaf pattern=0867924??? got=9 saved=9
2026-05-23 14:58:25,827 INFO [T15] leaf pattern=0867921??? got=6 saved=6
2026-05-23 14:58:25,833 INFO [T27] leaf pattern=0867902??? got=3 saved=3
2026-05-23 14:58:25,846 INFO [T31] leaf pattern=0867925??? got=4 saved=4
2026-05-23 14:58:25,919 INFO [T16] leaf pattern=0867926??? got=3 saved=3
2026-05-23 14:58:25,940 INFO [T41] leaf pattern=0867927??? got=7 saved=7
2026-05-23 14:58:26,030 INFO [T28] leaf pattern=0867929??? got=1 saved=1
2026-05-23 14:58:26,041 INFO [T45] leaf pattern=0867922??? got=3 saved=3
2026-05-23 14:58:26,052 INFO [T19] leaf pattern=0867928??? got=4 saved=4
2026-05-23 14:58:26,063 INFO [T37] leaf pattern=0869410??? got=4 saved=4
2026-05-23 14:58:26,145 INFO [T30] leaf pattern=0869411??? got=0 saved=0
2026-05-23 14:58:26,244 INFO [T29] D1N refreshed 27e8f091e0a9cb82…
2026-05-23 14:58:26,269 INFO [T5] D1N refreshed 8030526713974280…
2026-05-23 14:58:26,269 WARNING [T50] ec=1 rate limited, rotating IP
2026-05-23 14:58:26,270 INFO [T50] rotate IP 47fa78ff → 2c2e9423
2026-05-23 14:58:26,280 INFO [T2] leaf pattern=0869412??? got=10 saved=10
2026-05-23 14:58:26,396 INFO [T40] leaf pattern=0869413??? got=8 saved=8
2026-05-23 14:58:26,667 INFO [T38] leaf pattern=0869415??? got=5 saved=5
2026-05-23 14:58:26,752 WARNING [T25] ec=1 rate limited, rotating IP
2026-05-23 14:58:26,752 INFO [T25] rotate IP fc9a272b → 316850f4
2026-05-23 14:58:26,753 WARNING [T35] ec=1 rate limited, rotating IP
2026-05-23 14:58:26,754 INFO [T35] rotate IP abafb64f → ed3e35b4
2026-05-23 14:58:26,767 INFO [T18] leaf pattern=0867384??? got=9 saved=9
2026-05-23 14:58:26,794 WARNING [T42] ec=1 rate limited, rotating IP
2026-05-23 14:58:26,794 INFO [T42] rotate IP 1d481357 → 55b14f3f
2026-05-23 14:58:26,806 INFO [T24] leaf pattern=0869417??? got=3 saved=3
2026-05-23 14:58:26,887 INFO [T8] leaf pattern=0869540??? got=5 saved=5
2026-05-23 14:58:26,890 INFO [T7] leaf pattern=0869542??? got=1 saved=1
2026-05-23 14:58:26,909 INFO [T22] leaf pattern=0869543??? got=6 saved=6
2026-05-23 14:58:26,924 INFO [T34] leaf pattern=0869416??? got=6 saved=6
2026-05-23 14:58:27,098 INFO [T23] leaf pattern=0869545??? got=2 saved=2
2026-05-23 14:58:27,112 INFO [T12] leaf pattern=0869544??? got=4 saved=4
2026-05-23 14:58:27,117 INFO [T36] leaf pattern=0869546??? got=5 saved=5
2026-05-23 14:58:27,271 INFO [T32] leaf pattern=0867405??? got=5 saved=5
2026-05-23 14:58:27,291 INFO [T44] leaf pattern=0869548??? got=5 saved=5
2026-05-23 14:58:27,301 INFO [T33] leaf pattern=0869547??? got=4 saved=4
2026-05-23 14:58:27,347 INFO [T49] leaf pattern=0869531??? got=4 saved=4
2026-05-23 14:58:27,354 INFO [T48] leaf pattern=0869530??? got=9 saved=9
2026-05-23 14:58:27,372 INFO [T11] leaf pattern=0869532??? got=1 saved=1
2026-05-23 14:58:27,429 INFO [T14] leaf pattern=0869549??? got=3 saved=3
2026-05-23 14:58:27,440 INFO [T46] leaf pattern=0869533??? got=1 saved=1
2026-05-23 14:58:27,460 INFO [T21] leaf pattern=0869534??? got=8 saved=8
2026-05-23 14:58:27,499 INFO [T17] leaf pattern=0869535??? got=2 saved=2
2026-05-23 14:58:27,675 INFO [T6] leaf pattern=0869536??? got=3 saved=3
2026-05-23 14:58:27,820 INFO [T10] leaf pattern=0869537??? got=5 saved=5
2026-05-23 14:58:27,910 INFO [T13] leaf pattern=0869538??? got=4 saved=4
2026-05-23 14:58:27,965 INFO [T1] leaf pattern=0869539??? got=3 saved=3
2026-05-23 14:58:27,987 INFO [T50] D1N refreshed 533b8bee2c5f3426…
2026-05-23 14:58:27,998 INFO [T26] leaf pattern=0869700??? got=2 saved=2
2026-05-23 14:58:28,017 INFO [T3] leaf pattern=0869701??? got=4 saved=4
2026-05-23 14:58:28,041 INFO [T47] leaf pattern=0869703??? got=8 saved=8
2026-05-23 14:58:28,130 INFO [T9] leaf pattern=0869702??? got=3 saved=3
2026-05-23 14:58:28,186 INFO [T39] leaf pattern=0869704??? got=6 saved=6
2026-05-23 14:58:28,220 WARNING [T42] SSLError attempt=1/3 pattern=0869541???: HTTPSConnectionPool(host='vietteltelecom.vn', port=443): Max retries exceeded with url: /api/get/sim (Caused by SSLError
2026-05-23 14:58:28,220 INFO [T42] rotate IP 55b14f3f → d1a26b6c
2026-05-23 14:58:28,477 INFO [T20] leaf pattern=0869705??? got=4 saved=4
2026-05-23 14:58:28,587 INFO [T4] leaf pattern=0869707??? got=2 saved=2
2026-05-23 14:58:28,682 WARNING [T16] ec=1 rate limited, rotating IP
2026-05-23 14:58:28,682 INFO [T16] rotate IP 0c6ad737 → aeb2f077
2026-05-23 14:58:28,710 INFO [T15] leaf pattern=0869708??? got=4 saved=4
2026-05-23 14:58:28,840 INFO [T35] D1N refreshed 7f660ab2dfaaee7f…
2026-05-23 14:58:28,853 INFO [T27] leaf pattern=0869709??? got=2 saved=2
2026-05-23 14:58:28,857 INFO [T43] leaf pattern=0869706??? got=4 saved=4
2026-05-23 14:58:28,886 INFO [T41] leaf pattern=0869742??? got=12 saved=12
2026-05-23 14:58:28,901 INFO [T45] leaf pattern=0869744??? got=1 saved=1
2026-05-23 14:58:28,946 INFO [T19] leaf pattern=0869746??? got=4 saved=4
2026-05-23 14:58:28,960 INFO [T31] leaf pattern=0869740??? got=5 saved=5
2026-05-23 14:58:28,997 INFO [T37] leaf pattern=0869745??? got=8 saved=8
2026-05-23 14:58:29,065 INFO [T30] leaf pattern=0869747??? got=3 saved=3
2026-05-23 14:58:29,089 INFO [T28] leaf pattern=0869743??? got=3 saved=3
2026-05-23 14:58:29,177 INFO [T2] leaf pattern=0869748??? got=5 saved=5
2026-05-23 14:58:29,500 INFO [T40] leaf pattern=0869749??? got=6 saved=6
2026-05-23 14:58:30,377 INFO [T5] leaf pattern=0867480??? got=1 saved=1
2026-05-23 14:58:30,432 INFO [T29] leaf pattern=0867487??? got=6 saved=6
2026-05-23 14:58:30,489 INFO [T16] D1N refreshed 16b6d76fc9ba68dd…
2026-05-23 14:58:30,986 INFO [T42] D1N refreshed 5d37c33e21e05cd6…
2026-05-23 14:58:32,026 INFO [T50] leaf pattern=0869414??? got=0 saved=0
2026-05-23 14:58:32,164 WARNING [T25] ConnectionError attempt=1/3 pattern=0869419???: ('Connection aborted.', ConnectionResetError(10054, 'An existing connection was forcibly closed by the remote host', Non
2026-05-23 14:58:32,164 INFO [T25] rotate IP 316850f4 → 7724689f
2026-05-23 14:58:33,244 INFO [T35] leaf pattern=0869418??? got=4 saved=4
2026-05-23 14:58:34,646 INFO [T16] leaf pattern=0869741??? got=7 saved=7
2026-05-23 14:58:35,043 INFO [T42] leaf pattern=0869541??? got=6 saved=6
2026-05-23 14:58:38,574 WARNING [T25] ConnectionError attempt=2/3 pattern=0869419???: ('Connection aborted.', ConnectionResetError(10054, 'An existing connection was forcibly closed by the remote host', Non
2026-05-23 14:58:38,574 INFO [T25] rotate IP 7724689f → ded8181b
2026-05-23 14:58:45,988 WARNING [T25] ConnectionError attempt=3/3 pattern=0869419???: ('Connection aborted.', ConnectionResetError(10054, 'An existing connection was forcibly closed by the remote host', Non
2026-05-23 14:58:45,988 ERROR [T25] fetch failed pattern=0869419???: ('Connection aborted.', ConnectionResetError(10054, 'An existing connection was forcibly closed by the remote host', None, 10054, None))
2026-05-23 14:58:46,373 INFO === Job a31c678a COMPLETED ===
2026-05-23 15:00:22,191 INFO === Job a31c678a RUNNING (50 thread(s)) ===
2026-05-23 15:00:22,507 INFO === Job a31c678a COMPLETED ===
2026-05-23 15:00:24,310 INFO === Job a31c678a RUNNING (50 thread(s)) ===
2026-05-23 15:00:24,321 INFO [T3] session init, proxy_sid=360ea871
2026-05-23 15:00:24,326 INFO [T9] session init, proxy_sid=3ac2e321
2026-05-23 15:00:24,333 INFO [T18] session init, proxy_sid=23909eea
2026-05-23 15:00:24,336 INFO [T20] session init, proxy_sid=794a0f4a
2026-05-23 15:00:24,344 INFO [T27] session init, proxy_sid=1e953570
2026-05-23 15:00:24,348 INFO [T33] session init, proxy_sid=fe25cf98
2026-05-23 15:00:24,404 INFO [T2] session init, proxy_sid=a12675e1
2026-05-23 15:00:24,411 INFO [T39] session init, proxy_sid=4ab512af
2026-05-23 15:00:24,416 INFO [T43] session init, proxy_sid=43c10145
2026-05-23 15:00:24,421 INFO [T47] session init, proxy_sid=58589d63
2026-05-23 15:00:24,427 INFO [T5] session init, proxy_sid=38a532e4
2026-05-23 15:00:26,438 WARNING [T2] SSLError attempt=1/3 pattern=036307????: HTTPSConnectionPool(host='vietteltelecom.vn', port=443): Max retries exceeded with url: /api/get/sim (Caused by SSLError
2026-05-23 15:00:26,438 INFO [T2] rotate IP a12675e1 → bba3d6c3
2026-05-23 15:00:26,679 INFO [T5] D1N refreshed 1b9f7b27baf5edb2…
2026-05-23 15:00:26,750 INFO [T18] D1N refreshed cadffe9e0e60547a…
2026-05-23 15:00:26,790 INFO [T3] D1N refreshed 87f7bfb7b318007c…
2026-05-23 15:00:26,880 INFO [T47] D1N refreshed 66146e12a42b2011…
2026-05-23 15:00:26,910 INFO [T20] D1N refreshed 1740a122a162f8ad…
2026-05-23 15:00:27,110 INFO [T39] D1N refreshed f94e32cf01636e62…
2026-05-23 15:00:27,137 INFO [T43] D1N refreshed b248ac9bd27a9561…
2026-05-23 15:00:27,221 INFO [T27] D1N refreshed e9a271ba3ed337ed…
2026-05-23 15:00:28,523 INFO [T33] D1N refreshed 07086413f4f4450d…
2026-05-23 15:00:29,341 INFO [T2] D1N refreshed 3c74bf830d1ad07a…
2026-05-23 15:00:29,739 WARNING [T9] ConnectionError attempt=1/3 pattern=036958????: ('Connection aborted.', ConnectionResetError(10054, 'An existing connection was forcibly closed by the remote host', Non
2026-05-23 15:00:29,739 INFO [T9] rotate IP 3ac2e321 → 9db94d01
2026-05-23 15:00:30,344 WARNING [T20] SSLError attempt=1/3 pattern=036353????: HTTPSConnectionPool(host='vietteltelecom.vn', port=443): Max retries exceeded with url: /api/get/sim (Caused by SSLError
2026-05-23 15:00:30,344 INFO [T20] rotate IP 794a0f4a → 1e7c19a8
2026-05-23 15:00:30,804 INFO [T5] leaf pattern=0869419??? got=6 saved=6
2026-05-23 15:00:30,965 INFO [T3] leaf pattern=090??????? got=0 saved=0
2026-05-23 15:00:30,970 INFO [T18] leaf pattern=036315???? got=5 saved=5
2026-05-23 15:00:31,058 INFO [T47] leaf pattern=033811???? got=1 saved=1
2026-05-23 15:00:32,481 INFO [T9] D1N refreshed 208f1efae4794824…
2026-05-23 15:00:33,106 WARNING [T20] D1N unresolved, rotating IP
2026-05-23 15:00:33,106 INFO [T20] rotate IP 1e7c19a8 → d0c9c25c
2026-05-23 15:00:34,501 INFO [T27] leaf pattern=036390???? got=7 saved=7
2026-05-23 15:00:34,777 INFO [T39] leaf pattern=036517???? got=9 saved=9
2026-05-23 15:00:35,058 INFO [T33] leaf pattern=036393???? got=7 saved=7
2026-05-23 15:00:35,111 INFO [T20] D1N refreshed 702ddff788bf1280…
2026-05-23 15:00:35,200 INFO [T2] leaf pattern=036307???? got=3 saved=3
2026-05-23 15:00:35,314 INFO [T43] leaf pattern=036530???? got=3 saved=3
2026-05-23 15:00:37,211 INFO [T9] leaf pattern=036958???? got=8 saved=8
2026-05-23 15:00:39,450 INFO [T20] leaf pattern=036353???? got=7 saved=7
2026-05-23 15:00:39,683 INFO === Job a31c678a COMPLETED ===
